DMS_id,n,EU,AU,frac_split,min_pair_rho,min_pair,min_pair2,min_pair2_rho,max_pair,max_pair_rho,dev_MSA_Potts,cen_MSA_Potts,dev_Evo_Conservation,cen_Evo_Conservation,dev_MSA_Conditioned,cen_MSA_Conditioned,dev_ESM_Masked,cen_ESM_Masked,dev_AR_PLM,cen_AR_PLM,dev_xTrimoPGLM,cen_xTrimoPGLM,dev_Inverse_Folding,cen_Inverse_Folding,dev_Struct_PLM,cen_Struct_PLM,dev_Struct_MSA_Hybrid,cen_Struct_MSA_Hybrid,dev_CNN_RNN,cen_CNN_RNN,EU_pct,AU_pct,taxon,coarse_selection_type,selection_assay,seq_len,MSA_Neff_L,MSA_num_seqs,MSA_perc_cov,MSA_Neff_L_category,region_mutated,UniProt_ID,source_organism,DMS_number_multiple_mutants,rho_ens,rho_best_single,rho_MSA_Potts,rho_Evo_Conservation,rho_MSA_Conditioned,rho_ESM_Masked,rho_AR_PLM,rho_xTrimoPGLM,rho_Inverse_Folding,rho_Struct_PLM,rho_Struct_MSA_Hybrid,rho_CNN_RNN
A0A140D2T1_ZIKV_Sourisseau_2019,9576,0.15060516983803054,0.14955037035283214,0.4758771929824561,0.3222505944043935,MSA_Potts vs ESM_Masked,MSA_Potts vs Inverse_Folding,0.35990522681075576,MSA_Conditioned vs xTrimoPGLM,0.8847395074116721,0.13523597484033112,0.5261802864957555,0.09938283600605524,0.6712432277297876,0.09480255691500636,0.6974450027344415,0.16151406193184156,0.4456923384963637,0.12659654697520742,0.6070135112978667,0.10016729702807563,0.657615169213722,0.13983136156552153,0.4895316464515446,0.11020287406881635,0.6133392176378324,0.09835169535564987,0.6709841119320261,0.11532932134243526,0.5464523775717551,92.0,94.0,Virus,OrganismalFitness,Viral replication,3423,1.63,16501,0.948,Medium,291-794,A0A140D2T1_ZIKV,Zika virus (ZIKV),0,0.414400953775235,0.3868750229677319,0.3342905805332476,0.4529836980386983,0.442494650702229,0.0696881593550566,0.3497607809989923,0.3879136253342384,0.2908792819091989,0.3025048453586748,0.4663695514981269,0.1923005703400519
A0A192B1T2_9HIV1_Haddox_2018,12577,0.13113209085289923,0.1299062549455777,0.3148604595690546,0.33132738142703266,MSA_Potts vs Struct_PLM,Evo_Conservation vs Struct_PLM,0.3870950387299596,MSA_Conditioned vs CNN_RNN,0.9331395588188651,0.10872993966716851,0.696247336146033,0.08638762051186756,0.759002787543293,0.06675369085317064,0.8025259523791196,0.08961010148069114,0.7253423396384364,0.08683047941891907,0.7655673889558621,0.0824784920816845,0.7531988191231099,0.1559243849596222,0.46139801520320867,0.16568773470789264,0.47284207895104924,0.08823383928075594,0.7413698269908077,0.07611736368042192,0.7730048580544752,81.0,75.0,Virus,OrganismalFitness,Viral replication,852,42.81,74854,0.986,Medium,30-691,A0A192B1T2_9HIV1,Human immunodeficiency virus 1,0,0.5657891115110755,0.5616360230931883,0.4737730858036442,0.5459728764402821,0.533371183747621,0.4369474190361188,0.5101051882776533,0.4896662999460612,0.3628170296875023,0.3370415951566869,0.619182338914426,0.5306779577060852
A0A1I9GEU1_NEIME_Kennouche_2019,922,0.11413759479405548,0.11644321074431223,0.1616052060737527,0.5073940497251922,xTrimoPGLM vs Inverse_Folding,MSA_Potts vs Inverse_Folding,0.5659251524449694,MSA_Conditioned vs ESM_Masked,0.9469449877928843,0.09268025277501987,0.7882612157823323,0.07649389158404737,0.8266625217227388,0.05762007048715186,0.8661663045517993,0.057039147503854526,0.8509747333570298,0.09388017341031396,0.7937380079957049,0.1269280447579298,0.6775801657474243,0.13381838343818572,0.6350475168098757,0.08788868707876712,0.7899721597164052,0.075303852325182,0.8227669531674451,0.06822337557229638,0.8337747976388834,53.0,50.0,Prokaryote,Activity,"piliation (20D9 anti-pilus monoclonal Ab), aggregation, adhesion (human umbilical vein endothelial cells (HUVECs))",161,14.07,5553,0.857,Medium,1-161,A0A1I9GEU1_NEIME,Neisseria meningitidis,0,0.0682820790290843,0.0704608146226883,0.0684689778184359,0.0448485594941353,0.0712000693075781,0.0564967318288084,0.0844258871145887,0.0645684423120812,0.0549832279383274,0.0624340244213901,0.0438116083997266,0.0690511891188101
A0A247D711_LISMN_Stadelmann_2021,1653,0.16297093465168017,0.13260982075492353,0.5347852389594676,0.07424627941745808,MSA_Potts vs AR_PLM,MSA_Potts vs xTrimoPGLM,0.12283053582966431,ESM_Masked vs AR_PLM,0.9296592571504122,0.15680862564864922,0.3610338814228942,0.1471718301811088,0.4592734157929396,0.10369546921172246,0.63960011292709,0.13617264716470584,0.5680912864954837,0.14406418170437393,0.5278850483069416,0.13458462233630958,0.48904939918033047,0.14916504081197215,0.48448787250767134,0.11042403729944285,0.6036654264310797,0.12970907112856578,0.5532281207035195,0.1141522126933901,0.5277616754662999,96.0,80.0,Prokaryote,Activity,activity against SpyCas9 inducing an RFP reporter,87,0.1,57,1.0,Low,1-87,A0A247D711_LISMN,Listeria monocytogenes,0,0.3966225708736706,0.5562673208489664,0.4187793642512181,0.5298762299198349,0.3870123790825986,0.0915082988830662,0.0511678022585862,0.0139591654716562,0.4677133323010879,0.4597634769553506,0.5667305304067402,0.0664845120885908
A0A2Z5U3Z0_9INFA_Doud_2016,10715,0.1328261862822073,0.13812167188296892,0.3230984601026598,0.41557975298526634,MSA_Potts vs Inverse_Folding,xTrimoPGLM vs Inverse_Folding,0.44112781151091973,MSA_Conditioned vs xTrimoPGLM,0.8778333812654179,0.12103414917255115,0.6763613537058133,0.09026772280613968,0.7464185165011022,0.08750892083940398,0.7638943699949318,0.09640002737827537,0.7056056394851097,0.10997777757938447,0.7068967965173383,0.09131825829747918,0.7269762178855941,0.14647381037873256,0.5204525467330348,0.11053645988592725,0.6532416398312437,0.08942511355778437,0.7409949009606057,0.10375150310143165,0.6804557230754598,82.0,87.0,Virus,OrganismalFitness,viral replication,565,16.01,57581,0.968,Medium,2-565,A0A2Z5U3Z0_9INFA,Influenza A virus (A/WSN/1933(H1N1)),0,0.6272624395617649,0.5572903280092083,0.5257636822470763,0.584015953624463,0.5634934440620035,0.4728825078010234,0.5403957271151519,0.5037485763008136,0.4703616596798642,0.5158257006277812,0.654904230706724,0.5073331550223067
A0A2Z5U3Z0_9INFA_Wu_2014,2350,0.1287433086294466,0.13550087558256513,0.27404255319148935,0.4518594770198047,MSA_Potts vs Inverse_Folding,xTrimoPGLM vs Inverse_Folding,0.4932008802806108,Evo_Conservation vs MSA_Conditioned,0.8775762505037983,0.12458004526935267,0.6770211470428487,0.08658722800663951,0.7660894533386614,0.08041422061264523,0.7876149041469541,0.09605337558472914,0.7144058240298979,0.10087314320205222,0.742373192598828,0.09198586389014636,0.7351929320229434,0.13887588954277952,0.5654985240000951,0.10654743926361852,0.6794539216177153,0.08185425682812736,0.7740866366118196,0.10261553644182887,0.6994682019984279,78.0,85.0,Virus,OrganismalFitness,Viral replication,565,16.01,57581,0.968,Medium,6-560,A0A2Z5U3Z0_9INFA,Influenza A virus (A/WSN/1933(H1N1)),0,0.5674233155305959,0.4381852796335957,0.5122744407308151,0.5378975727531687,0.5619079743528365,0.4533746423125996,0.4985311816918284,0.4703108748379838,0.3753528218835905,0.4426195182997513,0.5391440456897968,0.4620246492805997
A4D664_9INFA_Soh_2019,14421,0.1634552069240327,0.17101446771699985,0.5754802024824908,0.09609753211770736,MSA_Potts vs ESM_Masked,MSA_Potts vs xTrimoPGLM,0.17689584214822968,ESM_Masked vs xTrimoPGLM,0.806437589057737,0.17713101953737864,0.37758834469767,0.11258099472497907,0.5451048488324439,0.10855080745600816,0.5588495305689254,0.16178218743775552,0.36764095650879725,0.14965226825252656,0.48548365593394255,0.1254246871956838,0.4577996019892918,0.1410657615615679,0.37594279385793256,0.11944836076396698,0.4985714270310873,0.1048301456299613,0.5401497268589968,0.09189473895463779,0.5588979813938962,97.0,99.0,Virus,OrganismalFitness,Viral replication (avian cells: CCL141 (duck)),759,1.7,26683,1.0,Medium,1-759,A4D664_9INFA,Influenza A virus (A/green-winged teal/Ohio/175/1986(H2N1)),0,0.4486063492092993,0.3177769984507737,0.3979097863752549,0.4785133194195695,0.4354697938697397,0.085957582963441,0.3695245191674207,0.1944284346387281,0.2240393791609852,0.277336709211244,0.4599066123959678,0.3160942245442013
A4GRB6_PSEAI_Chen_2020,5004,0.10268007787787312,0.10818434447522271,0.1189048760991207,0.5814302598316828,MSA_Potts vs Inverse_Folding,AR_PLM vs Inverse_Folding,0.6167967721754253,MSA_Conditioned vs ESM_Masked,0.951865375689378,0.09441685660264754,0.7816045722226717,0.08011082873642467,0.826849713199691,0.051869012384017636,0.8822579656572658,0.06400594552335748,0.8645639927002089,0.08122413739671733,0.8274894250122165,0.0786619625163179,0.8220290967229003,0.1293269660850057,0.6740340681518684,0.06748247418585249,0.8469950364874023,0.06304451243162146,0.859226176115826,0.06857715532876124,0.8424759826167667,25.0,28.0,Prokaryote,OrganismalFitness,"drug resistance (128/16/2.0 ug/mL ampicillin, 4.0/0.5 ug/mL cefotaxime, 0.031 ug/mL meropenem @ 25C, 37C)",266,120.61,108496,0.726,High,1-266,A4GRB6_PSEAI,Pseudomonas aeruginosa,0,0.7706059083004113,0.6602408152096942,0.6456582043439814,0.7583583789226164,0.723360476968674,0.7224021296183242,0.6470448152708744,0.6776677089492084,0.6822969840065133,0.7666625307677318,0.7844841615707078,0.668011256074172
A4_HUMAN_Seuma_2022,14811,0.1323640679439269,0.14224866081726142,0.321517790831139,0.32477123011427206,MSA_Potts vs Inverse_Folding,xTrimoPGLM vs Inverse_Folding,0.34311873447420727,MSA_Conditioned vs ESM_Masked,0.9112409067016554,0.1339222854239838,0.6135860198912515,0.09111017182731725,0.7232892154407898,0.06437319438801471,0.7761281400644632,0.06826092912362243,0.7785787552526123,0.10610770175892706,0.6774286734732337,0.10253759641264401,0.693268358164068,0.15297611045923926,0.42052813486168517,0.10839334464658679,0.6898869654923555,0.09794463313922537,0.7198159864341243,0.09472459008306042,0.6910818297017011,81.0,89.0,Human,Stability,aggregation,770,0.08,5272,0.987,Low,672-713,A4_HUMAN,Homo sapiens,14015,0.4547637616519323,0.422924157072833,0.3977482542533447,0.4671589146536772,0.4364045253093476,0.4759720292179573,0.3405091895550506,0.335572255116206,0.1223969629713132,0.4401122665721257,0.4474479756869383,0.3456203033892889
AACC1_PSEAI_Dandage_2018,1801,0.1046854753803482,0.11235083240192163,0.14158800666296503,0.5328479644552199,MSA_Potts vs Inverse_Folding,ESM_Masked vs Inverse_Folding,0.5598232477435255,MSA_Conditioned vs ESM_Masked,0.9607331796212707,0.08227123701918537,0.816139915425924,0.07882064820344221,0.8299108636075812,0.06023673483061986,0.8702516544218363,0.06926939123112452,0.8504591345753862,0.06684541861550378,0.8429801267397017,0.06999726538498416,0.8354295228637785,0.14567734029760956,0.6156194464353086,0.07572974193393907,0.82682972138917,0.056546217203246235,0.8603984159677027,0.08942587780268495,0.7711680753667601,29.0,39.0,Prokaryote,OrganismalFitness,"Antibiotic resistance under: heat/cold resistance (32C, 37C (ref), 42C), chemical stability (chemical chaperones TMAO, glycerol), antibiotic resistance (gentamicin), or combo",177,985.3,539868,0.746,High,12-172,AACC1_PSEAI,Pseudomonas aeruginosa,0,0.508601608561597,0.3598862710792511,0.4896596020589016,0.5160297755558446,0.5195555085748996,0.5043995703336301,0.4197888933350867,0.469858270362723,0.3397701544178976,0.4827983252683337,0.51475726462948,0.3585521190217486
ACE2_HUMAN_Chan_2020,2223,0.11370131278820107,0.12075162147050651,0.1794871794871795,0.3929671182110233,AR_PLM vs Inverse_Folding,MSA_Potts vs Inverse_Folding,0.3984727659965825,MSA_Conditioned vs CNN_RNN,0.9401585000905873,0.09967378489053798,0.7748422125745953,0.08610969291652106,0.8082160146702305,0.05064399524943598,0.8539952158549309,0.06647422390017746,0.8349991218574125,0.09849538491487493,0.7653076031563825,0.07552037623538914,0.8132515397699774,0.15964707898794128,0.5237246712028669,0.09639057503962682,0.7487312021666419,0.06862882066850153,0.8229737152861019,0.06140406862996061,0.830981148576093,51.0,61.0,Human,Binding,Binding affinity,805,1.97,11106,0.743,Medium,19-518,ACE2_HUMAN,Homo sapiens,0,0.271798648770116,0.2526544938884999,0.2312792060695897,0.2175558841418119,0.2519990575517519,0.2626572827122241,0.2077763341802604,0.1988147747612267,0.3123944057738238,0.2824771111784084,0.2624876032042982,0.2169323898755288
ADRB2_HUMAN_Jones_2020,7800,0.08910349197052408,0.09631841786638341,0.06,0.6587401520965706,MSA_Potts vs Inverse_Folding,AR_PLM vs Inverse_Folding,0.7264372173823743,MSA_Conditioned vs ESM_Masked,0.9563689042090913,0.08078789502520271,0.8446999960633558,0.056030864014902475,0.8953395188076301,0.04505281284242823,0.9114755437372426,0.052400025202717505,0.9023728389320677,0.07755294926583388,0.8701986192000448,0.06624994247205786,0.8817979571495073,0.12026744028051721,0.7367965676153321,0.07110230714442252,0.8584111306197164,0.05321925104098181,0.8964480111308113,0.047728648367302215,0.9043013844157028,4.0,9.0,Human,Activity,"transcription (luciferase reporter, isoproterenol (beta2AR agonist)-induced)",413,67.99,204722,0.712,Medium,2-413,ADRB2_HUMAN,Homo sapiens,0,0.564182440139859,0.5259954027375717,0.5125772513178556,0.5482467675749403,0.5476954762290784,0.5441814266042504,0.5347655501383285,0.5351434987203336,0.4716992470524194,0.5581564745460864,0.5567562370513327,0.5437353483424008
AICDA_HUMAN_Gajula_2014_3cycles,209,0.12849126112302517,0.12997358246428511,0.28708133971291866,0.38283447157643147,ESM_Masked vs Inverse_Folding,Inverse_Folding vs Struct_PLM,0.3944256179447849,MSA_Conditioned vs CNN_RNN,0.9016894623051528,0.10460688476301672,0.7316620297708175,0.09044969971688682,0.7444949922209804,0.06460169562662638,0.8131055403117498,0.10076234518440512,0.7193704704008903,0.10099204078050715,0.7420411842466846,0.10232519096785023,0.6774347195680821,0.14889234831314915,0.534206456764995,0.11249208275146327,0.6511464638420558,0.09714979052677365,0.7090477737854166,0.08946376380272124,0.7443404617262561,77.0,76.0,Human,Activity,Enzymatic activity,198,18.4,18148,0.879,Medium,113-123,AICDA_HUMAN,Homo sapiens,0,0.4818166828613819,0.3991407431019161,0.4487545127103726,0.4467814964704779,0.4509588802172213,0.3938772648386037,0.4041187555030795,0.3355923115661861,0.3904797365677273,0.4026878048055903,0.4885961005317675,0.44795149478627
AMFR_HUMAN_Tsuboyama_2023_4G3O,2972,0.10551867902955063,0.10851107198752037,0.1426648721399731,0.537259532910786,MSA_Potts vs AR_PLM,AR_PLM vs Inverse_Folding,0.5841790315725278,Struct_PLM vs Struct_MSA_Hybrid,0.9756663485908712,0.0851863580044525,0.8242251013980534,0.07161389130916518,0.8399009552337551,0.0567918450173807,0.8713087286240325,0.05258487018362501,0.8701446403747171,0.13895685286390638,0.6312143595531803,0.09166928569746527,0.7954777881877867,0.10006878163592967,0.7555834481642809,0.05899109876719881,0.8660266007230591,0.05954866929082986,0.8632081899408199,0.08590510458914576,0.811586219009438,31.0,29.0,Human,Stability,Stability,47,26.51,17787,0.872,Medium,1-47,AMFR_HUMAN,Homo sapiens,2152,0.2819384015970304,0.4959262418987424,0.4117421705849738,0.3573256596443057,0.2932284238519383,0.3314324618214811,-0.1299094270953854,0.1342284573608622,0.3242333358447095,0.3927677695312339,0.4028188201493975,0.1103721250421885
AMIE_PSEAE_Wrenbeck_2017,6227,0.12615630990133483,0.12556122802840988,0.281997751726353,0.4242518150958035,AR_PLM vs Inverse_Folding,MSA_Potts vs Inverse_Folding,0.4671256882617051,MSA_Potts vs MSA_Conditioned,0.9061413474827857,0.11386613964699231,0.6928987169536667,0.09206021491888179,0.755374918689376,0.07602414570969919,0.7929676112037725,0.09066448927965194,0.7474505929807023,0.11829613293820783,0.68389610425539,0.09061063056891715,0.7448644282230497,0.1438651320527439,0.5632540845535438,0.0999381697668135,0.7236118501902769,0.06964707130967403,0.7872074462222453,0.08822000941194984,0.742754429610747,77.0,69.0,Prokaryote,Activity,Enzyme function,346,89.1,140703,0.725,Medium,1-341,AMIE_PSEAE,Pseudomonas aeruginosa,0,0.6754514251676692,0.5053121692927985,0.4929474808790755,0.6341723950686563,0.615292310603649,0.6318710892642605,0.551550772946969,0.6541642784713673,0.4346803017132784,0.6193744605385664,0.645255738292694,0.5633614524798084
ANCSZ_Hobbs_2022,4670,0.10465717403277494,0.11340109156609829,0.08586723768736616,0.5847815583249643,Inverse_Folding vs CNN_RNN,xTrimoPGLM vs Inverse_Folding,0.6544875872202824,MSA_Conditioned vs ESM_Masked,0.9566613306693745,0.08309300025830434,0.830973945431412,0.06364206967491864,0.864952357284903,0.04853624132043951,0.8882295361903688,0.05893021656296282,0.8705782326129028,0.08355064828273473,0.8303034790616133,0.07853126934416682,0.8300590793020324,0.12263651842443528,0.6894639191308086,0.07387908758962318,0.8433321038597608,0.06335534269648324,0.8641581243452847,0.11881214244337558,0.7054446681532841,29.0,42.0,Eukaryote,Activity,successful phosphorylation of bait peptide,627,1.79,7424,1.0,Medium,352-627,ANCSZ,Reconstructed ancestor,0,0.5898223736496614,0.5983120347739389,0.5210734568008254,0.5724256964348634,0.56804726464362,0.5919459763802434,0.5107846981932889,0.515024718477766,0.4568745982876547,0.6151683002431425,0.5928007741812796,0.4769363106436436
ARGR_ECOLI_Tsuboyama_2023_1AOY,1287,0.11645353425084447,0.11172371525632063,0.20046620046620048,0.541141691716713,MSA_Potts vs Inverse_Folding,xTrimoPGLM vs Inverse_Folding,0.5798130224951166,Evo_Conservation vs MSA_Conditioned,0.9267404858393451,0.10715559153787592,0.7394265447514684,0.08291085299632307,0.8082176900230197,0.0655972391015126,0.8488965105002949,0.07208174426511645,0.8268604161503215,0.10638607701544765,0.7591842177022083,0.10157106699453242,0.740048267459867,0.1299380552682806,0.6736306182083586,0.08332118829399326,0.807034113166369,0.07148413185709222,0.8282951191386607,0.07914862771117627,0.7974834403877435,60.0,37.0,Prokaryote,Stability,Stability,69,54.24,21443,0.913,Medium,1-69,ARGR_ECOLI,Escherichia coli,0,0.5840622893350584,0.5982014581987535,0.4345119565837985,0.4859423838199256,0.4920078357382092,0.5131411171392752,0.4447720530392721,0.4059837359698376,0.7327027995107311,0.619891118643439,0.6177364871609011,0.4948722819664312
B2L11_HUMAN_Dutta_2010_binding-Mcl-1,170,0.15730442598755212,0.17627105997348347,0.5294117647058824,0.08981715967108242,MSA_Potts vs Struct_PLM,MSA_Potts vs ESM_Masked,0.18399591101614513,ESM_Masked vs AR_PLM,0.8533440320922169,0.17151787773933103,0.3236559679993356,0.13106805074971165,0.5018961892825744,0.12850057670126874,0.528851011364544,0.10807381776239906,0.5565546336326302,0.11415801614763554,0.5814829094938786,0.1094486735870819,0.5176731254991332,0.12999538638985006,0.4606547633352764,0.11885121107266435,0.5184464552565545,0.14418223760092272,0.430789712470251,0.09613148788927334,0.5315433904463721,95.0,100.0,Human,Binding,Binding to Mcl-1 (FACS; yeast-displayed and antibody stained for binding partner),198,0.45,660,0.995,Low,148-159,B2L11_HUMAN,Homo sapiens,0,0.6371366041206309,0.4036455566343636,0.6112871157303508,0.59868686202927,0.3888130660699073,0.303210500777561,0.3405799623995147,0.6164328770738389,0.3198185132747496,0.4068882342196161,0.6716210836129256,0.5101100652305901
BBC1_YEAST_Tsuboyama_2023_1TG0,2069,0.10160578076281193,0.09259546651149124,0.16288061865635572,0.4257146975902061,AR_PLM vs Inverse_Folding,Evo_Conservation vs Inverse_Folding,0.4564142114828683,MSA_Conditioned vs ESM_Masked,0.9762309059518978,0.070477344254133,0.8596634548981643,0.07454243922206044,0.8546771403042435,0.05093467415412042,0.8867350945085308,0.06117507299909214,0.8734244111209564,0.07391885850825745,0.8476745834914193,0.08617177335213683,0.8171422580236098,0.15994971454841792,0.5166764547946191,0.05765534835200252,0.8765797610725079,0.04881380514663943,0.8874357686173431,0.07187961828905343,0.8419280404323574,24.0,6.0,Eukaryote,Stability,Stability,64,271.76,604824,0.844,High,1-64,BBC1_YEAST,Saccharomyces cerevisiae,985,0.4863362957505984,0.5145973379349291,0.3983065173905507,0.3714676373847361,0.4513512076785332,0.4873630718849283,0.3835600339910104,0.5084543013035573,0.6302230630391172,0.5333457006972372,0.4879112008219496,0.3370000917356872
BCHB_CHLTE_Tsuboyama_2023_2KRU,1572,0.12301550740513911,0.12331564432184171,0.2385496183206107,0.4900871665557165,xTrimoPGLM vs Inverse_Folding,Evo_Conservation vs Inverse_Folding,0.5076355157322588,ESM_Masked vs Struct_PLM,0.9419319470366734,0.10282841477337719,0.7391525740785875,0.11859856112157843,0.7139809287487124,0.06332471937878092,0.833068476879591,0.07823085344245242,0.8054689662523078,0.09954100274740098,0.7387938810334116,0.10114358137637666,0.7273156815418601,0.14281421375340728,0.5776582228335819,0.07894329196045298,0.796575021593709,0.061879622615448035,0.8240177225342973,0.0847884387942514,0.7607910337311341,70.0,65.0,Prokaryote,Stability,Stability,52,51.95,12079,0.923,Medium,1-52,BCHB_CHLTE,Chlorobaculum tepidum,682,0.5852450105279837,0.6971212937594409,0.3999088540972794,0.6178090304674708,0.4753442333256941,0.5166025254734505,0.3555572019122036,0.4259406004080083,0.6644860724647669,0.6431755056903254,0.6450572019542115,0.3877163995531524
BLAT_ECOLX_Deng_2012,4996,0.11517623602756052,0.11284487373749703,0.20916733386709369,0.5142434158376666,AR_PLM vs Inverse_Folding,MSA_Potts vs AR_PLM,0.5814241984104535,Struct_PLM vs Struct_MSA_Hybrid,0.9485415897034322,0.09012392593551756,0.7875433775771389,0.07830693831820194,0.8101568889082995,0.057079152780457616,0.8535397546478848,0.07706611379308945,0.8236487467124735,0.14511734287349817,0.6241898896474063,0.1002803617326741,0.7456927503984053,0.12091414658281202,0.6791805078492275,0.06767788797357609,0.8288918248989668,0.06334099972799162,0.8385132035142232,0.07693891435539678,0.8040039873574795,58.0,40.0,Prokaryote,OrganismalFitness,"antibiotic resistance, MIC",286,177.98,209644,0.752,High,24-286,BLAT_ECOLX,Escherichia coli,0,0.5783965700444597,0.4905658503890248,0.5270032706053964,0.5256878784304224,0.5623167400899908,0.5355656906935375,0.4357944110043992,0.4886583935877429,0.4797305256160477,0.5790188173307683,0.5622846298817017,0.4797724158709475
BLAT_ECOLX_Firnberg_2014,4783,0.11509750213556272,0.11342789407794125,0.20217436755174575,0.5181372290296808,AR_PLM vs Inverse_Folding,MSA_Potts vs AR_PLM,0.5850111837230835,Struct_PLM vs Struct_MSA_Hybrid,0.9482124159317394,0.08986914083926209,0.7877733211829293,0.0788554785095254,0.8093856653253886,0.057176165784612425,0.8536842699900418,0.07772408019219577,0.8225005009777183,0.14423874908210568,0.6273353824438493,0.10009443946299286,0.7466345528581534,0.12126637120075316,0.6777061372987444,0.06777356448919994,0.8285511904807724,0.06319405993189664,0.8384977331515876,0.07519883612231724,0.8057111897818278,57.0,42.0,Prokaryote,OrganismalFitness,Growth (0.25-1024 ug/mL ampicillin) doubling,286,177.98,209644,0.752,High,24-286,BLAT_ECOLX,Escherichia coli,0,0.8198450146712785,0.7627989843721014,0.7524666949292252,0.7759008134870314,0.7729676275262812,0.7438667524028845,0.5913774203063957,0.6549241124266372,0.6909775070952837,0.8255915694155201,0.8271924792828573,0.702027475481249
BLAT_ECOLX_Jacquier_2013,989,0.11271428487964466,0.11406151915907063,0.19413549039433772,0.5435984732348688,AR_PLM vs Inverse_Folding,MSA_Potts vs AR_PLM,0.5942742241959879,Struct_PLM vs Struct_MSA_Hybrid,0.9490211139071033,0.09093217165020143,0.7917914303205041,0.09357615264369132,0.7655665612682329,0.056603119654930215,0.8578485427441432,0.0749719785861531,0.829357971045453,0.13667576233751583,0.6464586292032166,0.0923843778019284,0.7673058073145247,0.11305356562906498,0.7055294005947258,0.06375182620555125,0.8382154864169169,0.05865545605639111,0.8476221238764204,0.07466387082988711,0.8094790144623176,48.0,43.0,Prokaryote,OrganismalFitness,MIC,286,177.98,209644,0.752,High,24-286,BLAT_ECOLX,Escherichia coli,0,0.769554770431571,0.6689770568438171,0.7314691015435925,0.6834255106111717,0.7456345979793595,0.711756044612118,0.5998379916221666,0.6721725263213041,0.6142878693513766,0.7529246579707974,0.7519077704900151,0.6607058672979912
BLAT_ECOLX_Stiffler_2015,4996,0.11515972131358407,0.11339333883318263,0.20176140912730184,0.5119234109646964,AR_PLM vs Inverse_Folding,MSA_Potts vs AR_PLM,0.5819555105227985,Struct_PLM vs Struct_MSA_Hybrid,0.9485992819904274,0.0898671819761654,0.7879639925842079,0.07838667384401249,0.8102335706896625,0.05739146694991434,0.8531545053662656,0.07752710975826298,0.8230143103872236,0.14474528515259502,0.6251139799411786,0.10036875644096808,0.745299733239288,0.12128627374811511,0.6771884945465414,0.067677148123623,0.828470210501369,0.06327142979395525,0.8383399762614552,0.07575649123515518,0.8048761748402379,57.0,41.0,Prokaryote,OrganismalFitness,Growth (10-2500 ug/mL ampicillin),286,177.98,209644,0.752,High,24-286,BLAT_ECOLX,Escherichia coli,0,0.8173950482893124,0.7556575828853845,0.7498438538101246,0.7790270031522291,0.7681187955671183,0.7403158799228524,0.5870090273066982,0.6647752841965862,0.6796341406377452,0.8180320718133293,0.8228280341809091,0.7020871332347206
BRCA1_HUMAN_Findlay_2018,1837,0.12913836231171055,0.1396087637260083,0.2819814915623299,0.4065287200753043,MSA_Potts vs Inverse_Folding,AR_PLM vs Inverse_Folding,0.42145347290500035,ESM_Masked vs Struct_PLM,0.8753693619202627,0.12158359581129718,0.6576471500247039,0.09453257586376215,0.7433527463073895,0.07688149212536474,0.7848337893615904,0.08383632596241672,0.76780743914526,0.13363895260896033,0.6489654858603733,0.08136017765034093,0.7541390724667827,0.13775306812020538,0.5203367701508523,0.09641430752588949,0.729441700946945,0.0808043832165431,0.7693572559680923,0.09212100863843649,0.7045831115293856,79.0,88.0,Human,OrganismalFitness,Growth,1863,0.05,1008,0.769,Low,1-1855,BRCA1_HUMAN,Homo sapiens,0,0.5813209388362575,0.543277678416605,0.4785006744774913,0.5354187475870547,0.5424416620348178,0.5361503477380862,0.4316370401186157,0.5306426387927067,0.3610403524207976,0.551364484683115,0.5744196911858238,0.441928653884257
BRCA2_HUMAN_Erwood_2022_HEK293T,265,0.1452535009121155,0.15359373348650965,0.41509433962264153,-0.1266555419940823,MSA_Potts vs Inverse_Folding,MSA_Conditioned vs Inverse_Folding,-0.07048235152251815,AR_PLM vs xTrimoPGLM,0.9130079417396306,0.11402919188323246,0.6432097646315897,0.10138317313397413,0.6660672890764787,0.09694268422926308,0.6674786169200287,0.09531980538744513,0.6876488203923132,0.10737154384715794,0.6871456588462492,0.0963934970926783,0.6854964935067167,0.2185807523436573,0.024299811548027985,0.12525833629998814,0.483886376089195,0.0808933190933903,0.7085238955675706,0.08752201257861636,0.649482699750125,89.0,96.0,Human,OrganismalFitness,Fitness,3418,0.02,933,0.999,Low,388-2654,BRCA2_HUMAN,Homo sapiens,0,0.5081081011369556,0.3211699918750564,0.4467526906943554,0.406775786516905,0.3551588059762054,0.4312730731430906,0.5302823563336231,0.4952361607246878,0.1258304953624676,0.3057146030772868,0.5011707903067115,0.4512648241083006
C6KNH7_9INFA_Lee_2018,10754,0.14208115798729973,0.15398368442485824,0.4045936395759717,0.38131755337989,MSA_Conditioned vs Inverse_Folding,MSA_Potts vs Inverse_Folding,0.3843571359320948,Evo_Conservation vs Struct_MSA_Hybrid,0.8118791498543594,0.14325978063854564,0.5707783793173922,0.09407841544056936,0.7050754016255179,0.12018729636501922,0.6416646295626811,0.10340111786071975,0.6455317468129359,0.11273332580708023,0.6655116923956559,0.10757507313510764,0.6421277598828214,0.14096613310628214,0.5102480293748772,0.11691842231104231,0.6029261038972433,0.09600841311271127,0.6970766317231001,0.08181125039252557,0.698377476057566,86.0,97.0,Virus,OrganismalFitness,Viral replication,566,16.0,57453,0.977,Medium,1-566,C6KNH7_9INFA,Influenza A virus (A/Perth/16/2009(H3N2)),0,0.5929693322893038,0.5046863374192042,0.4035031174001595,0.5444567734408796,0.3903606621869914,0.4265153839192355,0.4493728196626145,0.5191112050127208,0.545956290899411,0.5397686795489303,0.6271147854181996,0.4606839460182515
CALM1_HUMAN_Weile_2017,1813,0.107191094861818,0.1271793557155685,0.11913954771097628,0.49580921555772983,xTrimoPGLM vs Inverse_Folding,xTrimoPGLM vs Struct_MSA_Hybrid,0.5698037730216453,MSA_Potts vs MSA_Conditioned,0.9460630933526845,0.07794615647424723,0.8351536546643288,0.08091648161776599,0.8180350554066079,0.05793506621652551,0.8722105778233087,0.0657990588492519,0.8445994813834682,0.08274769247899812,0.818987229638229,0.11841544596252658,0.6800091208680764,0.12142369865165548,0.6775397431697644,0.05841676632788444,0.8469586116932374,0.08916780170424486,0.8099327146577512,0.0691317238870623,0.8311228915083541,37.0,71.0,Human,OrganismalFitness,Yeast growth,149,190.77,177633,0.893,High,2-149,CALM1_HUMAN,Homo sapiens,0,0.2719752476407477,0.2024166342325506,0.2415407861245683,0.2435592987576816,0.2574160042830185,0.268710800791312,0.286586349039693,0.2747004448776905,0.1623905918890574,0.2652159152895665,0.2143121853272027,0.2634947744111453
CAPSD_AAV2S_Sinai_2021,42328,0.13308444099627456,0.12358607944053607,0.3290965790965791,0.39450038149915617,AR_PLM vs Inverse_Folding,xTrimoPGLM vs Inverse_Folding,0.4038688950768656,MSA_Potts vs Evo_Conservation,0.9593358748638897,0.11129581931415232,0.7105735082220914,0.1078589371324086,0.6994038287371649,0.082125300781096,0.7566872452771576,0.13608457243255723,0.6243150327942759,0.12517608080769582,0.611742115366094,0.12386337692075026,0.6087064289864647,0.1429027280180772,0.5139462656914822,0.07955802849283525,0.7377979712775121,0.08671657120999164,0.7420216666338914,0.0639964884460254,0.7620091017913161,82.0,66.0,Virus,OrganismalFitness,viability for AAV capsid production,735,0.26,604,0.782,Low,561-588,CAPSD_AAV2S,Adeno-associated virus 2 (isolate Srivastava/1982) (AAV-2),41796,0.4089500955805091,0.392035206584611,0.3503516636019635,0.391694419772727,0.4741047063181828,0.222037300422429,0.2595740699621834,0.1969248360750687,0.4593321629920301,0.3162964679919295,0.4881074947900843,0.3998056988938757
CAR11_HUMAN_Meitlis_2020_gof,2374,0.12381700366610023,0.12882078365385438,0.2518955349620893,0.5053707592888227,MSA_Potts vs Inverse_Folding,MSA_Potts vs CNN_RNN,0.5659400710175093,MSA_Conditioned vs xTrimoPGLM,0.9102757361516535,0.13503791897952805,0.6414936964837286,0.08388503106408539,0.7870092430492553,0.07031226970453809,0.8073705787271819,0.07726816558774535,0.810990844182923,0.11077827120397965,0.7327133749863175,0.08332288242916155,0.7753799196208561,0.11891818296451755,0.6571952723483263,0.09808367560488084,0.7516512786053879,0.08376415071351227,0.7820155424217368,0.10402278190648623,0.6923998387599979,72.0,74.0,Human,OrganismalFitness,Signaling (in presence of ibrutinib),1154,0.04,1352,0.998,Low,4-146,CAR11_HUMAN,Homo sapiens,0,0.3232703965479278,0.3701361942031422,0.1736250222180964,0.2843164843942769,0.2803833069539663,0.3246366620934784,0.2314224846579623,0.2415673093574279,0.3240789377136954,0.4011350976931153,0.3759384181437347,0.1882899352095673
CAR11_HUMAN_Meitlis_2020_lof,2395,0.12370665864165135,0.12853845081662982,0.253027139874739,0.5091919470936613,MSA_Potts vs Inverse_Folding,MSA_Potts vs CNN_RNN,0.5671789585029247,MSA_Conditioned vs xTrimoPGLM,0.9188533420258909,0.13451478448344745,0.6441815502969741,0.0852376515095384,0.7878286066751664,0.07156314114158614,0.8057566203225535,0.07734940718238385,0.8111433190999724,0.11128876995247872,0.7324115019791578,0.08226776673160711,0.7771432498758546,0.11806930176675776,0.6594696128061698,0.09788548108954663,0.7533103309555291,0.083435445277871,0.7833023979950404,0.10364075005484343,0.6944599948957297,72.0,74.0,Human,OrganismalFitness,Signaling,1154,0.04,1352,0.998,Low,4-146,CAR11_HUMAN,Homo sapiens,0,0.4848295384861074,0.4950285172329055,0.3143707954381447,0.4271763829632185,0.397353050253332,0.4987164096790505,0.3604817280943885,0.397714068468897,0.4537170080158371,0.5744800074995039,0.53062556813013,0.2849171353650312
CAS9_STRP1_Spencer_2017_positive,8117,0.13111316440736895,0.14346939735026265,0.2884070469385241,0.47282513348564575,Inverse_Folding vs CNN_RNN,MSA_Potts vs Inverse_Folding,0.502998551088945,MSA_Conditioned vs Struct_MSA_Hybrid,0.9107315334959588,0.11206429416459975,0.7077694305765637,0.09290875342190523,0.7434952960347592,0.08165499288725153,0.7788725171663287,0.10585738227108267,0.6849442073102074,0.11009024180248511,0.6932677138271586,0.09923944181565743,0.6970094478019796,0.128665780515705,0.5512551264034138,0.09921890068317163,0.6998799495732632,0.08368110663101158,0.7562163904593948,0.1180499288699857,0.5940947205904569,80.0,90.0,Prokaryote,Activity,count of mutation where survival depends on expression of Cas9 and correct cleavage,1368,1.14,5349,0.992,Medium,1-1368,CAS9_STRP1,Streptococcus pyogenes,0,0.2119561821429401,0.1818408841538079,0.1787586646032419,0.2038440637501369,0.2012899993928511,0.1702968820636461,0.1953460644361946,0.1900510179797994,0.1248045930221544,0.1960148582328884,0.2044552867812595,0.1489084098948206
CASP3_HUMAN_Roychowdhury_2020,1567,0.0933422405502673,0.1078891470073534,0.0612635609444799,0.6509924301740637,AR_PLM vs Inverse_Folding,Evo_Conservation vs Inverse_Folding,0.7150384747295432,MSA_Conditioned vs ESM_Masked,0.9636109036341639,0.06819727828822147,0.8708863878454653,0.07587356326988229,0.8515282303146622,0.044669405292930786,0.9103063136444924,0.05544007731250272,0.8977655451360539,0.09420229534728115,0.813532996011059,0.07168106502072161,0.8599469636899971,0.1148265511811836,0.7469314578979791,0.05923671415347411,0.8790515084432292,0.056728646174618036,0.8890208406391183,0.06455748732737145,0.8740779178721487,9.0,27.0,Human,Activity,Fluorescence measurement,258,111.55,86012,0.884,High,2-258,CASP3_HUMAN,Homo sapiens,0,0.6639512212922157,0.5554543976413489,0.6405660620639736,0.6452546989531792,0.6536468441820497,0.6574649612258452,0.5647965934754497,0.6061304950947126,0.5170163761107274,0.6552044164539734,0.6408656014655734,0.633062628299218
CASP7_HUMAN_Roychowdhury_2020,1680,0.09414367080911985,0.10215452676570039,0.07261904761904762,0.6933933426348078,AR_PLM vs Inverse_Folding,xTrimoPGLM vs Inverse_Folding,0.7073930025895082,MSA_Conditioned vs ESM_Masked,0.9501143103273111,0.08649173280423281,0.81695910849516,0.06838009023053666,0.8711099363138834,0.04709104544595616,0.902776535996266,0.05797913123582767,0.8886308900395573,0.09505620512093726,0.8163089125209443,0.07674175642479214,0.84410389732888,0.1095595592403628,0.7664061708332546,0.06256207482993197,0.8730567110057396,0.058596738000755856,0.8803300491593388,0.056154431216931214,0.8843206796679801,9.0,16.0,Human,Activity,Fluorescence measurement,281,80.66,71075,0.854,Medium,2-281,CASP7_HUMAN,Homo sapiens,0,0.6719492067358124,0.5384840166114004,0.5997068325647923,0.6519089719609822,0.6576065499293781,0.6563022649976236,0.5709615388721864,0.6006813727099761,0.5868196659822831,0.658582819086077,0.6610791721062161,0.6266596824939621
CATR_CHLRE_Tsuboyama_2023_2AMI,1903,0.09054651352661285,0.09637850967502723,0.058854440357330534,0.6821084712525342,Inverse_Folding vs CNN_RNN,MSA_Potts vs CNN_RNN,0.6896678496254315,ESM_Masked vs Struct_PLM,0.9748836531978285,0.08021601536860377,0.8610904230638013,0.05728496836452331,0.8969259505219779,0.04271893435216329,0.9147799547655312,0.04555776494728985,0.9124051616380506,0.06207121776818544,0.8915224333630495,0.07895328402103527,0.854034402908866,0.08993867672315757,0.8197025378480198,0.04837731207199555,0.9078406395616384,0.05822319434231262,0.894996920769948,0.11634744008938695,0.7501752191283225,6.0,9.0,Eukaryote,Stability,Stability,72,1107.51,551057,0.903,High,1-72,CATR_CHLRE,Chlamydomonas reinhardtii,563,0.6604279748704369,0.735860203068614,0.61112828129693,0.6510060839314475,0.6354573158708252,0.6596744691825669,0.6084954821689269,0.580274195436338,0.6198861888182364,0.6939704449896889,0.7133472294170989,0.3961955820990893
CBPA2_HUMAN_Tsuboyama_2023_1O6X,2068,0.08654989674797328,0.08645132164646155,0.086073500967118,0.7123683066737412,AR_PLM vs Inverse_Folding,Evo_Conservation vs AR_PLM,0.7405827097733211,MSA_Potts vs MSA_Conditioned,0.9757657934076063,0.06425640879347823,0.8905558042778314,0.06403020232781746,0.887019183012263,0.0515257205995508,0.9109124189518069,0.044802255236841025,0.9105190952680852,0.10362593640840688,0.7956763785834978,0.06658323637211658,0.8700867178601043,0.1008716610734698,0.8008924888131562,0.05820243569070681,0.8923267617377513,0.04871492872259365,0.9123355722951634,0.0570567968254087,0.8899164680722357,3.0,4.0,Human,Stability,Stability,72,43.64,12711,0.986,Medium,1-72,CBPA2_HUMAN,Homo sapiens,711,0.8064835394298269,0.8612736724525922,0.7399337797779787,0.7484813149527957,0.7628869604391986,0.7673888399586625,0.700481029917771,0.7166430307281998,0.8004777876395582,0.8269811190643692,0.8144242653125506,0.7417174889568732
CBS_HUMAN_Sun_2020,7217,0.09809266108064606,0.10318535078614519,0.09075793265899959,0.6315287589204089,AR_PLM vs Inverse_Folding,MSA_Potts vs Inverse_Folding,0.6382250657260045,MSA_Conditioned vs ESM_Masked,0.9593652640846455,0.09015539744973844,0.828043756900998,0.06651255218168102,0.868985717495703,0.046054134610387244,0.8997200915757558,0.05517128648213823,0.8873945653250677,0.09385452715651497,0.8143546916233079,0.06832342553931317,0.8612100741361502,0.1269800428551314,0.6907267369747543,0.06875582120377421,0.862533093077451,0.06319012209681225,0.8740064285527192,0.0664611011160347,0.8629255346297383,16.0,19.0,Human,OrganismalFitness,Yeast Growth,551,3.5,19563,0.833,Medium,2-551,CBS_HUMAN,Homo sapiens,0,0.3902579155010253,0.3278979769717537,0.3830092662905048,0.3915175202569539,0.3854958611782664,0.3821134994924179,0.2895171415725102,0.3671103232651252,0.2791076574548319,0.3717492868882727,0.3833408951682747,0.3650028715450045
CBX4_HUMAN_Tsuboyama_2023_2K28,2282,0.09864794030519214,0.0958711207113227,0.09684487291849254,0.553520769154131,xTrimoPGLM vs Inverse_Folding,AR_PLM vs Inverse_Folding,0.56341020489735,ESM_Masked vs Struct_PLM,0.973433926623049,0.08050625722832322,0.8440141551495389,0.0609583620417944,0.8687193284654094,0.03820369014781945,0.9050287733353944,0.05480966258308811,0.8859904076237769,0.09428402058252637,0.8172861231881314,0.07108038292286316,0.8496261619077536,0.14556664549217632,0.6397987627841516,0.0558279776210985,0.8740747678002283,0.05633730476646227,0.8788105162028991,0.08202655106982384,0.8216775252170536,18.0,8.0,Human,Stability,Stability,50,269.65,108263,0.96,High,1-50,CBX4_HUMAN,Homo sapiens,1365,0.6807802990063373,0.6227488456407122,0.6694989520654905,0.6552479281572752,0.6818912885902076,0.655486225953717,0.5792289659502808,0.6285043294656547,0.536336459866458,0.6676663089846558,0.6749229106880987,0.6120614815136642
CCDB_ECOLI_Adkar_2012,1176,0.1257214955936243,0.1301332066169252,0.2789115646258503,0.3595217596000133,AR_PLM vs Inverse_Folding,MSA_Potts vs AR_PLM,0.42785040700817084,MSA_Conditioned vs ESM_Masked,0.9306502094443153,0.1105228627732272,0.7117503665279562,0.10311803434525738,0.7277198606059067,0.06375550503648171,0.818456105740812,0.07196687915529022,0.8071876888352426,0.1531084174032425,0.4776736922284201,0.09652143879093589,0.7178685866865535,0.128333897334444,0.6222648073668864,0.08168449777870332,0.7738593937941052,0.06471305358878246,0.8013708873289915,0.075375735611705,0.7854877333153054,75.0,76.0,Prokaryote,Activity,Protein toxicity (negative effect on cell growth),101,168.82,43564,0.851,High,2-101,CCDB_ECOLI,Escherichia coli,0,0.5083405242491715,0.4055838158157251,0.532929599258523,0.5555637075032095,0.4874859629095268,0.4740420529607627,0.1523757553521766,0.3955155707500001,0.3787870145272228,0.46697220180583,0.533789062683146,0.4054512362606318
CCDB_ECOLI_Tripathi_2016,1663,0.1261380647322243,0.13153232723674677,0.285628382441371,0.35058360306904324,AR_PLM vs Inverse_Folding,MSA_Potts vs AR_PLM,0.438691193951531,MSA_Conditioned vs ESM_Masked,0.9221749107912611,0.110442817855325,0.7147902468050606,0.10271786143586846,0.7261169398981756,0.06564817824710455,0.8146621260300455,0.07517395757135933,0.7985308006045737,0.15227797004281338,0.48262577434471954,0.09516041725952236,0.7187255349295402,0.13115701205309527,0.6189359568913029,0.08277734768746203,0.7691487167635654,0.06620121694064886,0.7991887374706338,0.07585261236777435,0.781617673302025,76.0,78.0,Prokaryote,OrganismalFitness,growth (surrogate for toxicity/activity of CCDB),101,168.82,43564,0.851,High,2-101,CCDB_ECOLI,Escherichia coli,0,0.5372967990108356,0.4837985437582031,0.5355889267837824,0.5590662821115557,0.5436981156592984,0.5282631312969869,0.1871974882877077,0.4378698031043846,0.3691055580660691,0.5162500032182595,0.5284745047216255,0.4839694723529146
CCR5_HUMAN_Gill_2023,6137,0.09906255811978744,0.10226925932983413,0.11194394655369073,0.5595422290474676,MSA_Potts vs Inverse_Folding,xTrimoPGLM vs Inverse_Folding,0.6458292682675185,Struct_PLM vs Struct_MSA_Hybrid,0.9483933581067037,0.09317700724553736,0.7921048890824245,0.0705709503196645,0.8584334230237822,0.049853435718795226,0.8917221345503411,0.0640629246706033,0.8731027662938653,0.07743593945522169,0.8494551928128315,0.0772890251377959,0.8413207529757352,0.1316019240822858,0.6850028271417273,0.06881578728319206,0.8545107776427577,0.05573630641266269,0.8776217525847583,0.060018615908635574,0.8724838666549003,18.0,17.0,Human,Binding,"binding affinity, surface expression",352,182.74,632074,0.83,High,2-344,CCR5_HUMAN,Homo sapiens,0,0.3740299317876256,0.3636922999447772,0.2982224816233292,0.3589492888238703,0.350034887883173,0.3598964112131707,0.3579814111003241,0.3372264119288767,0.3143323945670298,0.3714384287551624,0.364462630466488,0.3671830340190231
CD19_HUMAN_Klesmith_2019_FMC_singles,3761,0.14949496415183028,0.12728507232595723,0.4413719755384206,0.41208559899973946,AR_PLM vs Inverse_Folding,xTrimoPGLM vs Inverse_Folding,0.4173180175355899,ESM_Masked vs xTrimoPGLM,0.9000628666928554,0.13877114707372715,0.5899612932768735,0.11572468226559061,0.6271462773916654,0.11725055821956795,0.6418744379818947,0.13038669658605254,0.6049472040408888,0.13164151559160692,0.5853534195229808,0.11686764644855283,0.5961180110022313,0.13813837529797962,0.5193204454091549,0.1037938829461645,0.6498988566811301,0.08820298296965198,0.6981826011781767,0.11726138173956471,0.5528818842820686,91.0,72.0,Human,Binding,Binding affinity,556,0.5,1183,1.0,Low,20-291,CD19_HUMAN,Homo sapiens,0,0.2633619114011652,0.2914345254398269,0.2388682585452099,0.267577579510553,0.2736044763083295,0.0593469709225927,0.1035409975494977,0.0823072840707004,0.2985546060801377,0.3012063113203525,0.304361101758756,0.1604380539327854
CP2C9_HUMAN_Amorosi_2021_abundance,6370,0.09508547276636205,0.10505831525703188,0.07551020408163266,0.658949084647751,xTrimoPGLM vs Inverse_Folding,MSA_Potts vs Inverse_Folding,0.6803370745312965,MSA_Conditioned vs ESM_Masked,0.9594132035144658,0.07565082678404052,0.8567219388535317,0.07349182745190819,0.8601470353373216,0.05020091234175109,0.897128529523908,0.05634373087479166,0.8907632551297012,0.07988199936417026,0.8436906270424235,0.07925326068115932,0.8401914689290362,0.1244021877800752,0.7101606304914968,0.062233172075737676,0.8738194347487703,0.06686018728225501,0.8694757945254304,0.0541678738395491,0.8865622575348274,11.0,23.0,Human,Expression,protein abundance,490,165.48,264279,0.886,High,2-490,CP2C9_HUMAN,Homo sapiens,0,0.6742715044695753,0.6338782077024885,0.6190313218877612,0.6305018519688405,0.6444543282256219,0.637557816150989,0.6056805383354615,0.5681917912818564,0.5801886020095816,0.6957483347519863,0.6911175457057538,0.6147198800624804
CP2C9_HUMAN_Amorosi_2021_activity,6142,0.09642176289602054,0.1071138796965789,0.08091826766525562,0.6525117466388066,xTrimoPGLM vs Inverse_Folding,MSA_Potts vs Inverse_Folding,0.6695099282168514,MSA_Conditioned vs ESM_Masked,0.9594325427740122,0.07750910265367311,0.849835666594692,0.07474465614842164,0.8565340012510925,0.05079613162534232,0.8944890726369837,0.057129845651892164,0.8880116572245579,0.08159108575606872,0.8386071775724447,0.08106346902743822,0.8337698856352708,0.12411591325566994,0.7061727313077636,0.06187375992392215,0.8726385149123008,0.06872916344371033,0.8639453139599484,0.056824946471974835,0.8803218908874288,13.0,25.0,Human,Binding,"activity, binding (to fluorescent CYP probe)",490,165.48,264279,0.886,High,1-490,CP2C9_HUMAN,Homo sapiens,0,0.7146306574411798,0.6605471002663308,0.6455695994044556,0.6594979280105142,0.6680398344779301,0.6791639887753912,0.6437732487054465,0.5985518196159707,0.634115752480726,0.7379054247505269,0.7339575953767651,0.6574786388901973
CSN4_MOUSE_Tsuboyama_2023_1UFM,3295,0.09528042313861795,0.11114991978738883,0.07162367223065251,0.6149924263916504,xTrimoPGLM vs Inverse_Folding,MSA_Potts vs Inverse_Folding,0.6829814639951891,MSA_Potts vs MSA_Conditioned,0.9683514345997397,0.07759951736318191,0.863035253839764,0.06095436211423787,0.8804716631247927,0.05604756060400218,0.8959078835094166,0.05691867093732706,0.8839073640520733,0.08050360327376362,0.8401407613290277,0.08847248977812368,0.8062995698451005,0.11287817795390544,0.7328147334683469,0.062043454199776964,0.8644188027884173,0.06791592847334638,0.8586236120823997,0.0739161080805592,0.8379230811641978,11.0,34.0,Eukaryote,Stability,Stability,72,48.23,39217,0.889,Medium,1-72,CSN4_MOUSE,Mus musculus,1942,0.6045397177891034,0.7619100762509367,0.4854272603902363,0.5234849624665859,0.511925800005228,0.5809746830219036,0.5552543196394893,0.4667830875563643,0.6823943601189845,0.7109826454929734,0.6953228550458463,0.4836565413054152
CUE1_YEAST_Tsuboyama_2023_2MYX,1580,0.13152066412648553,0.109447746997362,0.320253164556962,0.26782272046438993,MSA_Potts vs AR_PLM,Evo_Conservation vs AR_PLM,0.34413008998459294,MSA_Potts vs MSA_Conditioned,0.9425527181729022,0.1089622790151151,0.7202323371225737,0.09511250867916465,0.7652962789562038,0.07591354216738772,0.8014651111636342,0.08066525129519843,0.7835187798299431,0.1815427682529509,0.4322508896043218,0.09552528975057416,0.7257195751817525,0.13013642311595366,0.6189010403082855,0.08386683490893553,0.7785789910804211,0.07204622656625541,0.8004917571208261,0.06794102173796933,0.7876579105573293,81.0,31.0,Eukaryote,Stability,Stability,52,7.64,3213,0.923,Medium,1-52,CUE1_YEAST,Saccharomyces cerevisiae,625,0.5776907450400967,0.6476641795348349,0.4567100936144048,0.4744808386519547,0.5354256373569398,0.5276278853406341,0.2408158280372492,0.4585052380348677,0.6035423363218717,0.6183432223752136,0.624897842969357,0.4790768344067211
D7PM05_CLYGR_Somermeyer_2022,24515,0.15567489571834048,0.12285065152249967,0.47199673669182135,0.1568537388759978,Evo_Conservation vs ESM_Masked,Evo_Conservation vs xTrimoPGLM,0.15788535776183107,MSA_Potts vs MSA_Conditioned,0.9357715857407357,0.12494841194584552,0.6083753655128485,0.13603477123751254,0.580466175813656,0.11151641201606356,0.6539351506390754,0.17318183326941744,0.4541707473476767,0.1534625851520171,0.47174508181264474,0.158561405509872,0.44146642710071987,0.1283650089733903,0.5522712302978833,0.09767886911584778,0.64403722074419,0.10095206145320239,0.6553407874692673,0.07174217807656308,0.6733508433172904,94.0,64.0,Eukaryote,Activity,Fluorescence,235,0.6,694,1.0,Low,2-235,D7PM05_CLYGR,Clytia gregaria,23346,0.5538469063124067,0.5786862545112407,0.6394885336578763,0.6468068427177258,0.6786439226022355,0.0570309919534107,0.1293316064093647,0.0440501516904357,0.4697314546117523,0.5254327969960296,0.6802818225267757,0.4418556659502686
DLG4_HUMAN_Faure_2021,6976,0.09705937877200968,0.10164607078995574,0.07568807339449542,0.6276253268829343,xTrimoPGLM vs Inverse_Folding,MSA_Potts vs Inverse_Folding,0.6500405540215778,MSA_Conditioned vs Struct_PLM,0.9634806004907872,0.07900579811209425,0.8534300854133141,0.07019806357708737,0.8650903648755419,0.037566126128377245,0.9098578923136879,0.06822248829757947,0.8738011614505216,0.08800360999069769,0.8333526494374424,0.07377327127368101,0.8536163197224771,0.12653293982601774,0.6930862739328013,0.05063807535622352,0.8908471071805231,0.06752898179297127,0.8672105547942364,0.07503570221865968,0.839431387164488,15.0,14.0,Human,OrganismalFitness,Yeast growth,724,0.46,25338,0.825,Low,311-394,DLG4_HUMAN,Homo sapiens,5696,0.6747092674874517,0.7222131053808337,0.6018204585942337,0.6594363177894336,0.6621339136996532,0.5985100766383986,0.6046172204368669,0.5664509311859552,0.6105691806327235,0.6437267947489523,0.7098852484390386,0.6403115429263749
DLG4_RAT_McLaughlin_2012,1576,0.11888315884406991,0.11889811960820476,0.22208121827411167,0.47011353208882356,MSA_Potts vs Inverse_Folding,xTrimoPGLM vs Inverse_Folding,0.48174792946415274,MSA_Conditioned vs ESM_Masked,0.912187621781433,0.10955412243294083,0.7208437848202006,0.08304719641921547,0.7945813424046002,0.05242897641870013,0.8517935191487156,0.07940638232540563,0.8111531017590924,0.11699919799531038,0.7175105693815775,0.09662213232325835,0.7541715636598298,0.1428869592104924,0.5790349494022448,0.06537092448487035,0.8213548760420514,0.08738528219399279,0.7852053969433644,0.07296200086749638,0.8039752130915223,66.0,58.0,Eukaryote,Binding,peptide binding - natural ligand,724,0.36,24705,0.841,Low,311-393,DLG4_RAT,Rattus norvegicus,0,0.5880004265511041,0.5444431540646852,0.518904102614634,0.5576950640038403,0.5862694517022877,0.5826072927221682,0.3827619442823637,0.4985651487349711,0.3813855082413196,0.5576875150532058,0.6063965763953959,0.5017230607517101
DN7A_SACS2_Tsuboyama_2023_1JIC,1008,0.1508634039550124,0.14152188288954773,0.46130952380952384,0.2661177468412486,Evo_Conservation vs AR_PLM,Evo_Conservation vs ESM_Masked,0.3248922022541311,Struct_PLM vs Struct_MSA_Hybrid,0.8302368306878626,0.1417534394158898,0.5580954807310641,0.14051208060384648,0.5288807099107009,0.09082872732426303,0.6901151761492422,0.12207951467624087,0.6121591979038722,0.1555881322436382,0.4978680482800156,0.11055468290711347,0.5715307996124661,0.13114636479591837,0.5911174473882181,0.09823370706307215,0.6804413522221167,0.0979434038275804,0.6552420464715749,0.0954346379755606,0.641914984594587,92.0,89.0,Prokaryote,Stability,Stability,55,24.82,42895,0.764,Medium,1-55,DN7A_SACS2,Saccharolobus solfataricus,0,0.4907223877002306,0.6735036536682694,0.2397775683006098,0.459685356853911,0.364775207815858,0.2796197407708001,0.098156710417376,0.2067482668784208,0.6353492866022283,0.6299786355783823,0.6616804981755894,0.3706298701401447
DNJA1_HUMAN_Tsuboyama_2023_2LO1,2264,0.085932777401864,0.08081362465249471,0.03356890459363958,0.7375707542994676,Evo_Conservation vs Inverse_Folding,MSA_Potts vs Inverse_Folding,0.7454254911268404,ESM_Masked vs Struct_PLM,0.9835706063677315,0.060919837358022526,0.8894281422981618,0.06515839019715566,0.8958188908450886,0.03171629765011425,0.9339937727193472,0.04098569247961642,0.9245932978364277,0.07653979088888611,0.8850227019304013,0.08833835769165137,0.8529872417290179,0.1161565895961576,0.783625099656665,0.04678340268326486,0.9189865310097846,0.05487862201217813,0.911263580251865,0.07298204315407442,0.8792302287743181,3.0,1.0,Human,Stability,Stability,65,547.68,280284,0.969,High,1-65,DNJA1_HUMAN,Homo sapiens,1048,0.8178724560610856,0.8365011940102776,0.7633452210561017,0.7775934604650827,0.8015779172897072,0.7972621741890025,0.7551676516016492,0.7071729674578427,0.7841699942541753,0.8164396599305681,0.8321020531431107,0.7234097005168365
DOCK1_MOUSE_Tsuboyama_2023_2M0Y,2915,0.11191724448377784,0.10408696025806,0.2058319039451115,0.3656360723497291,MSA_Potts vs AR_PLM,MSA_Potts vs ESM_Masked,0.49099256642674766,Struct_PLM vs Struct_MSA_Hybrid,0.9693098586298236,0.14706278814554163,0.6714899734437986,0.05789045247124796,0.8569930836838963,0.04602685778788566,0.8675427879225586,0.09992669763756207,0.7913704382465253,0.12104672996184049,0.72299068459697,0.07836489363684418,0.8067170110659273,0.09829144220613201,0.7601172735441567,0.06622471061630904,0.855408720781354,0.05797710036708062,0.8682126587823062,0.0818358503315298,0.7999850951998553,47.0,20.0,Eukaryote,Stability,Stability,66,368.28,705447,0.848,High,1-66,DOCK1_MOUSE,Mus musculus,1702,0.545043698389324,0.6019682272615773,0.4724697115540102,0.5405926181528516,0.5294405844252752,0.5133221573614727,0.3652842521242727,0.4437758411023112,0.4503563162223692,0.5684717121675832,0.5719579368448545,0.554384999937502
DYR_ECOLI_Nguyen_2023,2916,0.10082940983683684,0.10697843809747339,0.10665294924554183,0.5858091077385075,AR_PLM vs Inverse_Folding,Evo_Conservation vs Inverse_Folding,0.6016210568277958,Struct_PLM vs Struct_MSA_Hybrid,0.9523724467974535,0.07927679569949125,0.8409593809499376,0.07836716979558095,0.8396732184116255,0.049915990988024385,0.8878661207023995,0.060922645536694894,0.8767874879795029,0.10374847976225646,0.770884822514799,0.07454897784200566,0.8405026936473071,0.13419990412858623,0.6599003320167962,0.06183539188734027,0.864093915253389,0.05901809106435772,0.8706834690889108,0.06141426878367809,0.8662969079343461,22.0,24.0,Prokaryote,OrganismalFitness,cell growth in ∆DHFR bacteria,159,337.1,188828,0.969,High,2-159,DYR_ECOLI,Escherichia coli,0,0.5268754531248426,0.4851741072462524,0.4556925536227669,0.501796928971285,0.4939734543715154,0.5482394285960042,0.3759887936131145,0.4980783714814792,0.3776944959082655,0.5363031013862958,0.5307785659357049,0.5193626658942502
DYR_ECOLI_Thompson_2019,2363,0.10723375814303499,0.11286932545743754,0.1472704189589505,0.5344315171215206,AR_PLM vs Inverse_Folding,Evo_Conservation vs Inverse_Folding,0.555097885066465,MSA_Conditioned vs ESM_Masked,0.9438986628230769,0.08576334968966899,0.8186635844801982,0.0827381767882351,0.8227549038998835,0.054925361943399406,0.8730863610050847,0.06635261952992681,0.8576872274620416,0.10922595472699534,0.742980591228895,0.07871057464351885,0.8187778538787528,0.14008591090832495,0.6239102968085969,0.06883292748440466,0.8388676247027929,0.06591964435969086,0.847212037404517,0.06566790280901665,0.845255789404873,37.0,40.0,Prokaryote,OrganismalFitness,"growth (turbidostat; -Lon for natural absence of Lon protease in E. coli, +Lon for exogenous protease)",159,77.51,41921,0.981,Medium,2-159,DYR_ECOLI,Escherichia coli,0,0.5172681440168455,0.4768290852791178,0.4884593041100417,0.481522657183185,0.5093690183062999,0.4896790384698526,0.4136413724507469,0.4685661248099281,0.3323014932433206,0.5242493256651407,0.5144517018162317,0.4654687069530078
ENVZ_ECOLI_Ghose_2023,1121,0.1215043096666035,0.11786365534651422,0.2167707404103479,0.37935079488544793,MSA_Potts vs Inverse_Folding,xTrimoPGLM vs Inverse_Folding,0.40622866738273106,MSA_Potts vs MSA_Conditioned,0.9356995112233438,0.09416935040848316,0.7347988465028784,0.09637989953640963,0.7536056754553161,0.06439028065029445,0.8170286144745231,0.07120654718942535,0.8245531277126982,0.08432830060454816,0.7893361462447819,0.13042910956006262,0.6288818063982989,0.1584884890221896,0.5096630143785833,0.07120386808961351,0.8137277897426809,0.06147231654333524,0.8241442672007362,0.07807419408831429,0.7975697011837457,69.0,55.0,Prokaryote,Activity,fluorescent reporter,60,4595.33,1879223,0.933,High,1-60,ENVZ_ECOLI,Escherichia coli,0,0.1979125204770062,0.2463366023476854,0.1635993537355988,0.1554894127790945,0.1999560411911448,0.1843891439156423,0.195652627019282,0.0611374647581174,0.1107237032625767,0.2118390163861616,0.2181726994405534,0.1969795555401111
ENV_HV1B9_DuenasDecamp_2016,375,0.11191196100083531,0.1256855583882518,0.17066666666666666,0.5262920964536305,MSA_Potts vs Struct_PLM,xTrimoPGLM vs Struct_PLM,0.538555450139049,MSA_Conditioned vs CNN_RNN,0.9494544314482034,0.0885632,0.7985222043029583,0.07387425185185185,0.830914821551916,0.061920237037037036,0.8576035698954881,0.07966198518518519,0.7942878369745605,0.06756195555555555,0.8464564341526872,0.08968936296296297,0.7804352620424861,0.1175936,0.6605136817210339,0.1287149037037037,0.6410020217027312,0.08752592592592591,0.7954519345104514,0.06452266666666666,0.8429222411835311,46.0,69.0,Virus,OrganismalFitness,Viral replication,853,47.92,87271,0.989,Medium,361-380,ENV_HV1B9,Human immunodeficiency virus type 1 group M subtype B (strain 89.6) (HIV-1),0,0.4083478207621252,0.2944648670236891,0.3950743836728827,0.4030077691254002,0.3825584616113274,0.3361102205349556,0.4036959001961638,0.3990240761344786,0.400646423259694,0.2573402078212158,0.3506387123681596,0.3820131230387414
ENV_HV1BR_Haddox_2016,12863,0.13347171588670984,0.1315193551038326,0.3314934307704268,0.32827154385321844,MSA_Potts vs Struct_PLM,Evo_Conservation vs Struct_PLM,0.35590863390593297,Evo_Conservation vs MSA_Conditioned,0.9228397371623724,0.10899778781489443,0.6945188802742952,0.09067630933048541,0.7454281659874259,0.07139448814773684,0.7914671061222489,0.09256333235904056,0.7123433525139434,0.0870183481785102,0.7606520913136509,0.08912160493113461,0.7353716379387186,0.15291562676008336,0.46461260715694536,0.1675912153222332,0.4529380249161027,0.09109477694845272,0.7277618990295391,0.07529975780763212,0.7683241273724427,83.0,78.0,Virus,OrganismalFitness,Viral replication,861,43.39,74844,0.98,Medium,31-707,ENV_HV1BR,Human immunodeficiency virus type 1 group M subtype B (isolate BRU/LAI) (HIV-1),0,0.3885074003338274,0.3229147528200317,0.3386657837264324,0.3640129721576587,0.3650603009597732,0.2961135151784104,0.3712182370212037,0.3395779837370254,0.1968004357212297,0.2594773706678995,0.3684458102638948,0.3599590203123703
EPHB2_HUMAN_Tsuboyama_2023_1F0M,1960,0.07775778688220115,0.07268506737764206,0.04081632653061224,0.7630305574420926,AR_PLM vs Inverse_Folding,MSA_Potts vs Inverse_Folding,0.7671936948311842,MSA_Conditioned vs Struct_MSA_Hybrid,0.9737392339679748,0.07009260030542828,0.8793097602783244,0.0460540833680411,0.9277955873650385,0.032860821879772316,0.9403722560713982,0.03957038733860891,0.9342144312095448,0.08087883520755242,0.8793073571416379,0.05819596869359989,0.9066900944396878,0.10025765306122449,0.8251384784801392,0.04823476329307232,0.9261586092858879,0.03782786686103012,0.9338499984888925,0.06172676315424128,0.9082402886295617,1.0,0.0,Human,Stability,Stability,66,126.33,212234,0.894,High,1-66,EPHB2_HUMAN,Homo sapiens,721,0.81061213991805,0.8388090150662233,0.7278981592246863,0.8106522651152204,0.7901729915916123,0.8051891494815088,0.6816782216213056,0.7444542346928007,0.809734300469837,0.8355039510250105,0.8283399741956867,0.7290165010151001
ERBB2_HUMAN_Elazar_2016,326,0.11402918817065565,0.11874066632390638,0.1687116564417178,0.3919854040772827,MSA_Potts vs Inverse_Folding,Inverse_Folding vs Struct_MSA_Hybrid,0.4476553452525306,ESM_Masked vs Struct_PLM,0.9531940038307093,0.10657313661284454,0.7620564399491685,0.07991111194750775,0.8097486456400634,0.05132673416387519,0.8588281512693743,0.07110510996524771,0.8382187691594072,0.08249777309395662,0.8201960667689626,0.06690033497685273,0.8307280301033853,0.16763113653756884,0.467514877319374,0.07622479832386114,0.8180676481421102,0.06993425922440939,0.8225048311248178,0.09652100819250506,0.7554455899149741,52.0,57.0,Human,Expression,Membrane-protein insertion,1255,0.32,8311,0.981,Low,651-674,ERBB2_HUMAN,Homo sapiens,0,0.4818362832720937,0.5524176422225135,0.3030710665722534,0.4372950003827344,0.4687073483384881,0.4699023322090632,0.5641858826342236,0.4195729121703966,0.2075949601686899,0.5529554783016271,0.4434585639858533,0.4504048667172241
ESTA_BACSU_Nutschel_2020,2172,0.11463845025829456,0.12195065644630008,0.19613259668508287,0.5890465502202544,AR_PLM vs Inverse_Folding,ESM_Masked vs Inverse_Folding,0.6086657302377763,ESM_Masked vs xTrimoPGLM,0.9190134372119253,0.10516066415916848,0.7480566621230592,0.0970431121805851,0.7650088232510133,0.06645830436370256,0.8413612685043201,0.08972350395174027,0.7948397972708107,0.09279468049747498,0.7680828572583509,0.08379217695611427,0.7837560310577262,0.1286189498692551,0.6531104229444725,0.0797818049804024,0.8006957622162313,0.06275522244719613,0.8309969104881936,0.07989032804362006,0.7895900595119208,56.0,63.0,Prokaryote,Stability,thermostability,212,313.28,234310,0.774,High,32-205,ESTA_BACSU,Bacillus subtilis,0,0.4581283838325431,0.3421845288342145,0.4180583811588472,0.4496883345857354,0.4208557205283452,0.3288219665121409,0.3312290878395494,0.3333440826849952,0.5371933587903507,0.4017136009004098,0.4972494846735462,0.375326761836234
F7YBW8_MESOW_Aakre_2015,9192,0.11440831844168096,0.12200203951129424,0.16090078328981725,0.3959983842518383,Evo_Conservation vs Inverse_Folding,MSA_Potts vs Inverse_Folding,0.4540693178961511,MSA_Conditioned vs ESM_Masked,0.9685354425398688,0.08855375052738182,0.8076219750244029,0.10003997773508226,0.7789516544482508,0.05848186540344993,0.8573357356253327,0.0605903886352659,0.8582035760958123,0.11697136261511189,0.7160694935777193,0.07831361790111253,0.7934325528882289,0.1630401059668187,0.5247850393368263,0.06464605500096829,0.8266125285498731,0.06539868069016258,0.827655553241027,0.07518958208510168,0.8061935336814365,55.0,63.0,Prokaryote,OrganismalFitness,fitness,93,176.23,38613,0.774,High,59-64,F7YBW8_MESOW,Mesorhizobium opportunistum,9155,0.3791037761359691,0.0949568917535095,0.4260778386280787,0.4204696231194862,0.433655286718158,0.4184103550440344,0.1558036132977446,0.4170694057151694,0.1394361222526068,0.3311697282699602,0.2796783920466013,0.348183974807732
F7YBW8_MESOW_Ding_2023,7922,0.0903941697578922,0.08421848676236722,0.08078767987881848,0.5616259989829975,xTrimoPGLM vs Inverse_Folding,AR_PLM vs Inverse_Folding,0.6332797375694103,MSA_Conditioned vs ESM_Masked,0.9758429090181734,0.058638086104307034,0.8964681258400762,0.05625775530899467,0.8986319682985427,0.04176386051981234,0.9165810725359483,0.047053807973699985,0.9114469901184614,0.0822472108400675,0.8496012507482896,0.08691802690046006,0.8307402250818335,0.13777243741220652,0.6941221054358181,0.05983553396350766,0.8872591791609765,0.04474941215010113,0.9101062931222719,0.062380383803091674,0.884927330140683,5.0,3.0,Prokaryote,OrganismalFitness,growth enrichment,93,176.23,38613,0.774,High,48-82,F7YBW8_MESOW,Mesorhizobium opportunistum,7842,0.5418325575432075,0.6848549211967078,0.5471448402160329,0.5595285096330684,0.5171495263186358,0.4759097652965313,0.3960720461353174,0.3299740697912771,0.5521459968791415,0.6526158856919424,0.576862934144273,0.4756222936389574
FECA_ECOLI_Tsuboyama_2023_2D1U,1886,0.09564895420392854,0.10703376282535504,0.09013785790031813,0.6716185541070082,MSA_Potts vs AR_PLM,AR_PLM vs Inverse_Folding,0.6836880362775926,ESM_Masked vs xTrimoPGLM,0.9410497944522451,0.07436842774071155,0.8438117130227554,0.08378930798160394,0.8318461760332929,0.05319455892931377,0.8913014061472302,0.05342812680512807,0.8914105557261549,0.11589643808052265,0.7481970513088341,0.0644595889340331,0.8639580146472137,0.09316465354473268,0.8058129120237093,0.06654857076027075,0.8654612622074795,0.06063029027865086,0.8824938758026845,0.0676256125487162,0.8594232474151344,12.0,25.0,Prokaryote,Stability,Stability,72,141.6,74248,0.986,High,1-72,FECA_ECOLI,Escherichia coli,667,0.5464529337673466,0.6151046153726306,0.4558448172191173,0.5275063164398378,0.4631475468276931,0.5260786300073501,0.3522730888090801,0.4756263242195034,0.6058739246969372,0.6081905868123196,0.5687470186276006,0.4773119035150555
FKBP3_HUMAN_Tsuboyama_2023_2KFV,1237,0.1516064411677504,0.13935128760258428,0.46402586903799514,0.3142269247575443,xTrimoPGLM vs Inverse_Folding,MSA_Potts vs xTrimoPGLM,0.32632339262868887,Struct_PLM vs Struct_MSA_Hybrid,0.8354944870289222,0.13225046819447178,0.578548664780055,0.11164226522255603,0.6295956349864102,0.12350722915791218,0.6085345604799949,0.14770392464274645,0.5334662408502348,0.12665520388052998,0.5644897197864037,0.13356274154467032,0.5096627493392398,0.13885740725370857,0.5479301547726542,0.10130005247786357,0.6541588871413027,0.10764569142362705,0.6486073958156635,0.08723552757897986,0.6458027847488108,93.0,87.0,Human,Stability,Stability,69,1.85,3216,0.957,Medium,1-69,FKBP3_HUMAN,Homo sapiens,0,0.5263420679225883,0.5737945949257698,0.4875966445091521,0.5014696829484974,0.3458093918526469,0.1801548228443393,0.2295809283270212,0.1547666196537884,0.6904074030651721,0.5841141415122078,0.6627049260549246,0.3607629718800036
GAL4_YEAST_Kitzman_2015,1195,0.1053075713996048,0.13338747860254085,0.07196652719665272,0.6219631351104188,xTrimoPGLM vs Inverse_Folding,Inverse_Folding vs CNN_RNN,0.6506780380150976,ESM_Masked vs Struct_PLM,0.9494370634604461,0.08983162059487754,0.812500186532035,0.0798732515187059,0.8434233774035298,0.05887079474565689,0.880924736819797,0.05713912571558622,0.8785375305312004,0.09362877634028348,0.8175130187507927,0.09815992950636952,0.7808685367253507,0.11327430075337148,0.7069928211245872,0.07018745003297094,0.8532610005472496,0.07228568594153932,0.8309965541756968,0.08488485845836033,0.7977538794418069,30.0,81.0,Eukaryote,OrganismalFitness,"Growth (no selection, 24h)",881,10.02,16159,0.707,Medium,2-65,GAL4_YEAST,Saccharomyces cerevisiae,0,0.6119102270639153,0.5761699254735542,0.5470919221164539,0.6588769217024107,0.5960297396620728,0.5943331336390941,0.4487247170339229,0.5733010101165257,0.4283202927270905,0.6462742163783364,0.6211817454555867,0.4883395989595537
GCN4_YEAST_Staller_2018,2638,0.1399277555531294,0.12150655438595724,0.3411675511751327,0.002947687082924872,Evo_Conservation vs AR_PLM,MSA_Potts vs AR_PLM,0.019391300319997157,MSA_Potts vs Evo_Conservation,0.9807852710597522,0.1020795337213943,0.7279514358010611,0.10211605214739265,0.7246514865293879,0.09112286112862629,0.7312437521041464,0.07831105345312757,0.7628032600508384,0.2315844484769268,0.2000215022151697,0.09523498725782832,0.6667598172093595,0.10375258440670873,0.6273904762431712,0.07023806239286125,0.7555762027096525,0.07837994222578082,0.7652274966542123,0.12867362720128414,0.5428677886643745,86.0,62.0,Eukaryote,Binding,Binding,281,0.66,350,0.719,Low,101-144,GCN4_YEAST,Saccharomyces cerevisiae,2605,0.2790601562703396,0.2307470984383011,0.2479240192424086,0.2416731621172836,0.2378549197922385,0.2803990353490579,0.1481839722831226,0.2663521380072904,0.227898636880346,0.2542655684854666,0.2519693005288502,0.2733252828503938
GDIA_HUMAN_Silverstein_2021,1154,0.10639220006462685,0.11083757282120678,0.13344887348353554,0.5615033204671345,AR_PLM vs Inverse_Folding,xTrimoPGLM vs Inverse_Folding,0.5638043099264965,MSA_Conditioned vs ESM_Masked,0.9318910795164539,0.09255038862139775,0.8054982202598985,0.07695594756439561,0.8318791996619821,0.051495839453256795,0.8769368995948359,0.06931237591198124,0.8498737551444475,0.09990460929107006,0.7841868446804078,0.07751825464288183,0.8205387540047553,0.14124442949297497,0.6182801158720198,0.06869415100516928,0.8376292281306469,0.06575335882425382,0.8509077039206545,0.06516907508808184,0.8450961457325175,34.0,33.0,Human,OrganismalFitness,Yeast Growth,447,0.8,5196,0.996,Low,2-447,GDIA_HUMAN,Homo sapiens,0,0.4947276176159157,0.4358217309969541,0.4517062581580083,0.4472477761236688,0.4948241105592075,0.4622805848480439,0.40542974135214,0.4374807960452946,0.3917910697847068,0.4757121843102196,0.4794691236592993,0.459467926166682
GFP_AEQVI_Sarkisyan_2016,51714,0.14233757235426447,0.1150829858335816,0.3805932629462041,0.12060420499808672,Evo_Conservation vs xTrimoPGLM,MSA_Potts vs xTrimoPGLM,0.12380171533333144,Evo_Conservation vs MSA_Conditioned,0.960244402228026,0.11262010577614656,0.6829079348086533,0.10197068472098628,0.7100844633845321,0.09246416412685662,0.734504969303123,0.19614706640696436,0.39478814386256045,0.07839647195912171,0.7226254690704401,0.18786710698431655,0.31147382016108754,0.11100122812109658,0.6506065995386704,0.08103410610935902,0.7353081258584387,0.08748754598239243,0.7347371480428551,0.057519964081106933,0.7570644045027519,87.0,45.0,Eukaryote,Activity,Fluorescence,238,0.06,396,0.975,Low,3-237,GFP_AEQVI,Aequorea victoria,50630,0.6812399367539329,0.6947561283478243,0.6777468603772538,0.6821807007713512,0.7077375172142862,0.1155985306206457,0.5843855912014636,0.0340021484879648,0.6926798997211588,0.7044369225710376,0.7586188576325732,0.5765668669051022
GLPA_HUMAN_Elazar_2016,245,0.13029050468452075,0.12909378861078047,0.33877551020408164,0.25053438571671743,MSA_Potts vs Inverse_Folding,MSA_Potts vs AR_PLM,0.30314323402344556,ESM_Masked vs Struct_PLM,0.9204593488037014,0.1708449257253922,0.4693648676155453,0.1103068166041927,0.6923059967523559,0.10617631542412882,0.7183388565721132,0.0722970984312092,0.7936761912362558,0.10646341802026935,0.7384730953143884,0.0999605719838956,0.7284689868862809,0.13055726780508123,0.6087017905025193,0.0786366791614605,0.7753186678056049,0.07204886852700264,0.7704345119000604,0.06935665694849369,0.7746778263713725,80.0,75.0,Human,Expression,Membrane-protein insertion,150,0.51,273,1.0,Low,94-108,GLPA_HUMAN,Homo sapiens,0,0.4875470220075236,0.5748835159813626,0.1657698766724673,0.4285176305902762,0.4431589654268207,0.450623946721634,0.3820082147394807,0.3737057638250893,0.3548175593271906,0.5435749090125547,0.5147682285953226,0.4611133233944897
GRB2_HUMAN_Faure_2021,63366,0.09776322412323979,0.1030931252797618,0.0850929520563078,0.6854387014885718,xTrimoPGLM vs Inverse_Folding,Evo_Conservation vs Inverse_Folding,0.7208970324973445,Struct_PLM vs Struct_MSA_Hybrid,0.9594369463390897,0.08022130229244438,0.8404070504631244,0.07778129946803905,0.8441302829222344,0.047041890875165894,0.8957908227263184,0.06095428338177078,0.8809917422111241,0.08881440831193592,0.8225418998813843,0.0960652504228141,0.7897110172783028,0.10674195099432893,0.7635519060974203,0.057694544093616414,0.8811465323433042,0.06369508821847969,0.8748127945418712,0.07162171934948566,0.8528515739327732,16.0,18.0,Human,OrganismalFitness,Yeast growth,217,6.78,33228,0.816,Medium,159-214,GRB2_HUMAN,Homo sapiens,62332,0.6250688796836723,0.7133557860891971,0.5468448484517205,0.5251934189644057,0.5733041565136437,0.5855941449023463,0.5170092296806529,0.49918385606938,0.6614245930265681,0.6819767261079286,0.6806530898222596,0.5589296561878391
HCP_LAMBD_Tsuboyama_2023_2L6Q,1040,0.1259954888124096,0.1306305818104784,0.2759615384615385,0.41688352925575584,MSA_Potts vs AR_PLM,MSA_Potts vs Inverse_Folding,0.45468234914362887,Struct_PLM vs Struct_MSA_Hybrid,0.9183745954994987,0.14307183801775147,0.5595771967209049,0.0780713141025641,0.7869188132500143,0.09550798200197239,0.7578782980456062,0.07692874753451676,0.7867767780330551,0.12422562253451676,0.6536843734451999,0.09074522312623273,0.7388836410058026,0.10636276503944773,0.7188072140436803,0.08852724358974358,0.7657085383880587,0.08036966839250492,0.7816023196872923,0.09250884492110453,0.7239680945472857,76.0,77.0,Virus,Stability,Stability,55,30.76,2128,0.945,Medium,1-55,HCP_LAMBD,Escherichia phage lambda (Bacteriophage lambda),0,0.6961676741667459,0.7324018563114568,0.3303292178500867,0.6569457207522778,0.56201888088806,0.6829557675643227,0.4340107773014861,0.6230150809931773,0.7319860645049918,0.7787757726057203,0.7261687811620534,0.5091738964997148
HECD1_HUMAN_Tsuboyama_2023_3DKM,5586,0.12219375275079332,0.12748751795913488,0.24382384532760473,0.35834468043988343,AR_PLM vs Inverse_Folding,xTrimoPGLM vs Inverse_Folding,0.4407838293521316,Struct_PLM vs Struct_MSA_Hybrid,0.9607585143233207,0.08872725690925864,0.7850052445255196,0.08294799386579589,0.7979213437809268,0.0663410482628237,0.8304351001577692,0.08473494573047967,0.7573576175504395,0.14544264135010604,0.5745887114483732,0.09878886473339847,0.7194312440099934,0.15817008507663716,0.5143530276914277,0.05571470810420763,0.8129752630057399,0.07096152076951281,0.7935654669295988,0.07592625601820178,0.7741406640244155,69.0,73.0,Human,Stability,Stability,72,17.22,18660,0.903,Medium,1-72,HECD1_HUMAN,Homo sapiens,4342,0.3846339177534492,0.3133638439435496,0.3465718919801863,0.3331598508843106,0.3700332592144644,0.4447802161962343,0.2684883567741463,0.3918709781737533,0.364746779823575,0.3887379126402948,0.3452696962859988,0.3659025482639101
HEM3_HUMAN_Loggerenberg_2023,5689,0.11085942592105821,0.11226099127097094,0.1513447002988223,0.47319702416742576,Inverse_Folding vs CNN_RNN,MSA_Potts vs Inverse_Folding,0.5708939225661959,MSA_Conditioned vs ESM_Masked,0.9596462033520673,0.07726830911555414,0.8288764305989016,0.07083845606661236,0.8387068739328664,0.05054466971407952,0.8702615969888509,0.0680492090961225,0.8410464853974963,0.0871715202900508,0.7992283819714741,0.06874356288544348,0.8323040176979828,0.1406568394847793,0.5985737361168345,0.06522996753162186,0.8363655579723296,0.06145773974075044,0.8489489877585041,0.13743786225336738,0.6108045605557575,44.0,38.0,Human,Activity,activity,361,32.84,59544,0.85,Medium,19-360,HEM3_HUMAN,Homo sapiens,0,0.4535012601363029,0.423621313619248,0.4172801228396803,0.4491536585714187,0.4440786878756542,0.4051450855273852,0.3904449518681897,0.4269814766482525,0.3341506327458945,0.4412434547515367,0.4581317162602528,0.2959603270591529
HIS7_YEAST_Pokusaeva_2019,496137,0.11682083636457842,0.11443015527165099,0.21675666197038318,0.4570243220890019,xTrimoPGLM vs Inverse_Folding,Inverse_Folding vs CNN_RNN,0.48829327734987193,MSA_Conditioned vs ESM_Masked,0.9527608112250942,0.07746568652385154,0.825097773386365,0.09490582823880647,0.7743339208106327,0.05369955827430714,0.8553176423835195,0.0723694341597757,0.8288000333170527,0.09094238367975033,0.7888343854110859,0.10559961212488073,0.7445027739250389,0.1484234964704535,0.5837450156376935,0.09543158570805897,0.7536670854589266,0.07778956887776464,0.8034214605112621,0.08786702234956993,0.7617737870795547,62.0,44.0,Eukaryote,OrganismalFitness,Growth,220,23.97,40154,0.873,Medium,6-211,HIS7_YEAST,Saccharomyces cerevisiae,495969,0.5647736194053595,0.5632653357588231,0.5513896254220233,0.5293488900765334,0.5716852220559351,0.4784208889420763,0.5094755806522427,0.3184658307612251,0.5377348218865159,0.5729307911175182,0.5899468577990846,0.4042113057371073
HMDH_HUMAN_Jiang_2019,16853,0.11398089649738964,0.11974838237662491,0.17326292054827033,0.5201476663011401,MSA_Potts vs Inverse_Folding,AR_PLM vs Inverse_Folding,0.5418850134431555,MSA_Conditioned vs ESM_Masked,0.9399647981832244,0.09213687936765849,0.7932565386196262,0.07297615389430533,0.8310585575319205,0.05736106700435127,0.8548397707588751,0.0637329653582894,0.843088988198621,0.11780934943334236,0.7300100244694044,0.07342681725212966,0.809889555984767,0.14431073415919213,0.5709535442366522,0.09629506210051246,0.7690382388550552,0.07367767280688746,0.8241228598895937,0.07921552441555424,0.7941543597714795,51.0,58.0,Human,OrganismalFitness,Fitness,888,0.58,3153,0.995,Low,2-888,HMDH_HUMAN,Homo sapiens,0,0.44008572625018,0.3882950650984642,0.4331884546099897,0.4742391514677387,0.3793937924323663,0.4455322534073491,0.2042801289560581,0.359370670813334,0.1791940149703244,0.4979223628592903,0.4900407078115061,0.4227559440820358
HSP82_YEAST_Cote-Hammarlof_2020_growth-H2O2,2252,0.11649841801559092,0.12643442098773622,0.19449378330373002,0.4896509790451806,xTrimoPGLM vs Inverse_Folding,Inverse_Folding vs CNN_RNN,0.5296948426872894,MSA_Conditioned vs ESM_Masked,0.9586410766786718,0.09514930219253828,0.7875370043420222,0.07682450807492215,0.817350196518112,0.06585341021782361,0.8437890812851107,0.058978822324370316,0.8418198755414236,0.09618068591355411,0.7828381121129288,0.09347925191422506,0.762004938129494,0.14221471579239608,0.578951708096161,0.0806074227027459,0.7920977212152293,0.09355486393516926,0.7764944750799878,0.09906805423663932,0.7364402936151881,60.0,70.0,Eukaryote,OrganismalFitness,Growth (H2O2 stress),709,6.47,48695,0.917,Medium,291-409,HSP82_YEAST,Saccharomyces cerevisiae,0,0.4038248401685225,0.269881015219822,0.3749539468390626,0.4210703107755375,0.4172322467769602,0.4110554667385955,0.4154598626538112,0.4015879443559609,0.1513956889473769,0.3273022576265346,0.2905445843897277,0.3665317793958016
HSP82_YEAST_Flynn_2019,13294,0.10670763613727278,0.11229402540761999,0.13961185497216788,0.570671869360659,AR_PLM vs Inverse_Folding,xTrimoPGLM vs Inverse_Folding,0.5737343607108351,MSA_Conditioned vs ESM_Masked,0.9568462460454832,0.08530220321906899,0.8222691240481599,0.07852191364102862,0.8285071992792462,0.05245634487089706,0.8744075366836668,0.06541326437588449,0.849072267225536,0.09289267865553165,0.8011239194732283,0.078729220132745,0.8186966633288129,0.13710086152525156,0.6275188719375364,0.08288067785524691,0.807200975428147,0.07771178417734452,0.8271241117744146,0.06538594895259958,0.8482276936628929,35.0,39.0,Eukaryote,OrganismalFitness,"growth, nitrogen depletion (0.0125% ammonium sulfate), hyperosmotic shock (0.8 M NaCl), alcohol stress (7.5% ethanol), sulfhydryl-oxidation (0.85 mM diamide), temperature shock (37C)",709,5.45,38923,0.862,Medium,2-709,HSP82_YEAST,Saccharomyces cerevisiae,0,0.4304841182220858,0.3710020358712642,0.3993500893787444,0.4558122986472667,0.4116944353644347,0.3897079037593546,0.4148690566311835,0.4208759698933321,0.2081699859554075,0.3814876620062875,0.398588569632726,0.4050320125600259
HSP82_YEAST_Mishra_2016,4323,0.10379926815190733,0.10785618209038333,0.11496645847790886,0.5364312685685393,MSA_Potts vs Inverse_Folding,Evo_Conservation vs Inverse_Folding,0.5383778082288395,MSA_Conditioned vs ESM_Masked,0.9615339135247748,0.08544648195494989,0.8266191097055594,0.08004144725833968,0.8328252970101802,0.04574810835147433,0.8870769126422732,0.061015549687008744,0.8640662355000851,0.0807327592887875,0.8354981206649597,0.07117505975699236,0.8423880705473094,0.14747964714590944,0.5845649179436234,0.0733898145735769,0.838853923654744,0.07061058981428105,0.8490408512734496,0.06777362135123656,0.8507084058479089,27.0,26.0,Eukaryote,OrganismalFitness,Growth,709,5.45,38923,0.862,Medium,2-231,HSP82_YEAST,Saccharomyces cerevisiae,0,0.5438422107102472,0.4658722880200441,0.5322209284057597,0.5766722456428565,0.5323803418928115,0.526249313787937,0.5231613782229926,0.5317941987519692,0.2079649586104383,0.4852879370156615,0.5095805388259886,0.5032026411135845
HXK4_HUMAN_Gersing_2022_activity,8570,0.10679405536908605,0.10981902345598053,0.12683780630105018,0.6084060963325748,AR_PLM vs Inverse_Folding,xTrimoPGLM vs Inverse_Folding,0.6260139515786193,MSA_Conditioned vs ESM_Masked,0.963166830281615,0.0809173425701898,0.8354852949966523,0.07596817977377145,0.8399514231118625,0.05096793060738957,0.8834286457464473,0.05588124339924669,0.8731468973683519,0.10174834513129342,0.7824156136332276,0.08613679143593814,0.806132225877009,0.12409708094095029,0.6813796846876176,0.06987533783829783,0.8450902550529551,0.06823722318817689,0.8535331072184835,0.10455965447112961,0.7567832645223285,35.0,32.0,Human,OrganismalFitness,functional complementation to reduced growth on glucose medium,465,4.99,23354,1.0,Medium,2-465,HXK4_HUMAN,Homo sapiens,0,0.5456649107225692,0.5074059033941519,0.5092388540382765,0.5238462638631185,0.5274379867911133,0.5325070910308465,0.4520415748930562,0.4916631917158591,0.4148785785903729,0.540489987346466,0.5393660245001225,0.4349470307513476
HXK4_HUMAN_Gersing_2023_abundance,8396,0.10243267925778728,0.10118810405327222,0.11219628394473559,0.5975682783559062,AR_PLM vs Inverse_Folding,xTrimoPGLM vs Inverse_Folding,0.6202888563317819,MSA_Conditioned vs ESM_Masked,0.9637832796323771,0.08333411402754384,0.8315765643833376,0.07334381137504847,0.8510698226351097,0.048674389742069606,0.8916662315203499,0.05362151655283568,0.8818884392741926,0.10208594116408494,0.7866079641377008,0.08735866361190622,0.8120879186699469,0.12897835149612977,0.6775064480824669,0.068606762708983,0.853783545290418,0.06512278026553327,0.8655144867972262,0.06420761561480723,0.8589243558495813,25.0,13.0,Human,Expression,abundance,465,5.38,24177,0.966,Medium,2-465,HXK4_HUMAN,Homo sapiens,0,0.4119300901608122,0.3988557663449953,0.3630710042345953,0.3674984091017652,0.4020972200339311,0.3907181563061447,0.321137218819446,0.3399169983126047,0.3921728741382827,0.4300343944343598,0.3983492506952386,0.39863089090975
I6TAH8_I68A0_Doud_2015,9462,0.17689097020045833,0.15277815961731023,0.6623335447051364,0.04572615143437787,MSA_Potts vs xTrimoPGLM,MSA_Potts vs ESM_Masked,0.05440230940784546,ESM_Masked vs xTrimoPGLM,0.8960494250248838,0.17485247497646322,0.34738908693511056,0.1357527653137218,0.45941941710503836,0.13093792324530315,0.5094401395706976,0.19111679802978188,0.32560058941899617,0.10716209407041555,0.5127843520999105,0.16139323133366792,0.30267806488028853,0.15301466744281356,0.36618012560027025,0.1363985387123965,0.4340748564960288,0.12259262252687879,0.4768708585881564,0.0892343573584574,0.5316618431520114,100.0,94.0,Virus,OrganismalFitness,,498,2.15,15390,1.0,Medium,1-498,I6TAH8_I68A0,Influenza A virus (strain A/Aichi/2/1968 H3N2),0,0.3527256653937047,0.296758647531098,0.3366944358740119,0.3837117391020002,0.4070854268545157,0.0193308510288669,0.3128271196664625,0.0225229694995306,0.218204378208637,0.1742025503233595,0.3722775371250907,0.2496365789457481
IF1_ECOLI_Kelsic_2016,1367,0.10561629453317958,0.11521135538467529,0.12948061448427212,0.567284182382294,xTrimoPGLM vs Inverse_Folding,AR_PLM vs Inverse_Folding,0.6448435573866096,ESM_Masked vs CNN_RNN,0.9285101662400027,0.08092359581146641,0.821947914683266,0.0877346096648506,0.7922220771788946,0.07006939089382985,0.8365952765714464,0.06870738433914543,0.8596184220219366,0.0909616313897069,0.8015734917085314,0.10461435798038089,0.7564827743880833,0.11546952614016207,0.7266619253115821,0.05659331220978986,0.8607575427060432,0.07455121389023714,0.8305101020847755,0.06875174699125072,0.8451848899449027,32.0,46.0,Prokaryote,OrganismalFitness,Growth,72,536.24,361806,0.806,High,1-72,IF1_ECOLI,Escherichia coli,0,0.5748742295545402,0.4233235668756225,0.5428088084289103,0.512340789049437,0.5303242410896298,0.5963190913901192,0.4595315027413965,0.4946297650280681,0.4510196943286449,0.6056570539608198,0.5094990854039465,0.5245295260132035
ILF3_HUMAN_Tsuboyama_2023_2L33,1329,0.11856177506573795,0.1331774864560147,0.21519939804364183,0.5320285220439288,MSA_Potts vs AR_PLM,MSA_Potts vs xTrimoPGLM,0.5341010833312867,MSA_Conditioned vs Struct_MSA_Hybrid,0.9125256760250522,0.10456966706883902,0.718413015040045,0.08561238245516892,0.7864735993669307,0.0691816311213098,0.8179874598443231,0.08185964806992176,0.7934657498604888,0.11899278373298623,0.6890870526680563,0.10953008866475941,0.6943075822909144,0.12373011384063669,0.6528216463960894,0.0767590228815509,0.7830148525438084,0.07712867798524285,0.7986082932829933,0.07154752192179135,0.792163235115939,65.0,81.0,Human,Stability,Stability,71,309.51,145438,0.915,High,1-71,ILF3_HUMAN,Homo sapiens,0,0.4766772693892251,0.5191680195211846,0.4337870507038026,0.4697481377773864,0.4798493893743072,0.3889319522355248,0.3146191759897093,0.2619477098374074,0.4551515533589244,0.4666867307194361,0.49694525790049,0.4544059662238409
ISDH_STAAW_Tsuboyama_2023_2LHR,1944,0.11452202373433289,0.1110138543282315,0.21141975308641975,0.5288960431031127,MSA_Potts vs Inverse_Folding,ESM_Masked vs Inverse_Folding,0.6198702120942349,ESM_Masked vs xTrimoPGLM,0.9460643237795942,0.10729530947461711,0.7136595294410137,0.10898024486725713,0.7576619589675937,0.0608934775920563,0.8404087040112131,0.09216417897283047,0.7972863778008155,0.09511552375992821,0.771421901222334,0.0861552658244283,0.7943768001255279,0.1218898005611159,0.6735643863197874,0.07711037655167742,0.8030668819742034,0.06792199769118303,0.8335577061134992,0.06852269936832121,0.8116769257013251,55.0,34.0,Prokaryote,Stability,Stability,55,713.67,115488,0.818,High,1-55,ISDH_STAAW,Staphylococcus aureus,1004,0.4456543491892045,0.5756290334059233,0.1866138665455497,0.3671402688089905,0.3274609933930628,0.4494170386294285,0.2800790636135339,0.4052319414749045,0.5876769816542751,0.5949036365364486,0.5105394291304484,0.2659213242645512
KCNE1_HUMAN_Muhammad_2023_expression,2339,0.12443061613073439,0.1473370242948707,0.2573749465583583,0.4642585821868604,MSA_Potts vs Inverse_Folding,Evo_Conservation vs Inverse_Folding,0.46763726488426965,Evo_Conservation vs MSA_Conditioned,0.8972332124690268,0.10657111785504976,0.7227892243787976,0.09116520478605583,0.7557247882565336,0.08394787641788284,0.7857265108623153,0.07087167468390301,0.791296935967227,0.11477888884400514,0.6490101684586556,0.10175023547223584,0.6788659639152004,0.142592073010498,0.5166735759422687,0.07766820248364031,0.7577440807532901,0.07642496269519033,0.7709989546414469,0.10089538245327737,0.7003357771890928,74.0,93.0,Human,Expression,cell surface expression,129,1.74,2118,0.969,Medium,1-128,KCNE1_HUMAN,Homo sapiens,0,0.1359422463509583,0.2580080484413599,0.1246612769282193,0.0961452302470533,0.0880528557065205,0.1202370523202661,0.1274533692520908,0.0424051639530612,0.1529300523045104,0.1904370047025157,0.1661905626606755,0.095162093605558
KCNE1_HUMAN_Muhammad_2023_function,2315,0.12406723475671048,0.1469422927257591,0.2552915766738661,0.47146433536212595,MSA_Potts vs Inverse_Folding,Evo_Conservation vs Inverse_Folding,0.4752781921258703,MSA_Conditioned vs ESM_Masked,0.8980750827737178,0.10626355489832952,0.7248413615609249,0.09088804195880312,0.7574468739455349,0.08351633553980908,0.7878141624968293,0.07066378689704823,0.7924889204897634,0.11482191921406547,0.6499114902866691,0.10156615306628602,0.6810996569859188,0.14226912784342263,0.521384980577649,0.07791333634993866,0.759377655347047,0.07647422279651754,0.7726897199132837,0.10049778963687225,0.7033255814817878,73.0,93.0,Human,Activity,potassium channel function,129,1.74,2118,0.969,Medium,1-128,KCNE1_HUMAN,Homo sapiens,0,0.6173430502015912,0.4754091068439224,0.5307549205485893,0.5737364394860699,0.6018328458742626,0.6151212506274748,0.5304107529825576,0.5151951374376333,0.297578882927233,0.6160112184685602,0.5590358150394514,0.5154389294973638
KCNH2_HUMAN_Kozek_2020,200,0.13359091176530835,0.15163279141466066,0.32,0.1253332043268185,AR_PLM vs Inverse_Folding,Evo_Conservation vs Inverse_Folding,0.1578240956241539,MSA_Conditioned vs Struct_MSA_Hybrid,0.8902721062159528,0.11967249999999999,0.6707711463696207,0.07794583333333334,0.7197990378237832,0.07186083333333333,0.7714839695297853,0.09807083333333333,0.6966939683153268,0.113025,0.6952012934143246,0.12158000000000001,0.6227718959247259,0.18145499999999998,0.2588632250656855,0.06917833333333333,0.7350770338923838,0.08449083333333335,0.7259102467866533,0.09355083333333333,0.6644328358478345,84.0,94.0,Human,Activity,Voltage,1159,6.29,13907,1.0,Medium,545-555,KCNH2_HUMAN,Homo sapiens,0,0.4769153517270836,0.6689942248556214,0.31335250417158,0.567150869004336,0.464465224254841,0.3433448711674602,0.504460793435957,0.3913116687910787,-0.1035256581020083,0.5897720522736639,0.5388842054200683,0.343167053760354
KCNJ2_MOUSE_Coyote-Maestas_2022_function,6963,0.10824872805830042,0.11125751233781664,0.14002585092632486,0.5530265546311642,Inverse_Folding vs CNN_RNN,AR_PLM vs Inverse_Folding,0.5867069564825512,Struct_PLM vs Struct_MSA_Hybrid,0.9437951007663457,0.08748210683681379,0.8159035391593616,0.06533220494640131,0.8552142670064545,0.055466959539603504,0.871833576984331,0.06139057291996355,0.8638055474292656,0.09563949719198213,0.7947537867923172,0.07595853195212846,0.8239097315271279,0.13307992272566702,0.6443970555510112,0.08053322367098706,0.8167909430468645,0.07322068590846757,0.8362461204042869,0.1006357183360477,0.7637573189716088,39.0,35.0,Eukaryote,Activity,Ion conduction,428,5.28,20953,0.86,Medium,2-392,KCNJ2_MOUSE,Mus musculus,0,0.3747505651477621,0.2972815849739016,0.3517655327266445,0.388720122247097,0.3536105862647808,0.3865500270977223,0.3201638662090091,0.3344126016157749,0.2475063200269358,0.3616840427072326,0.368817140141313,0.2791467808652884
KCNJ2_MOUSE_Coyote-Maestas_2022_surface,6917,0.1087493326605198,0.11151357072994447,0.1428364898077201,0.5478202086195372,Inverse_Folding vs CNN_RNN,AR_PLM vs Inverse_Folding,0.5830617257928388,Struct_PLM vs Struct_MSA_Hybrid,0.9432227893422432,0.08733843023441856,0.8159280577201237,0.06553747186385293,0.8539379703550862,0.055919624629776725,0.8705486163192253,0.06158314632102083,0.8630348368178442,0.09536650752114122,0.7949010143826222,0.0765461336249869,0.822139078116389,0.13483722855608116,0.6408750677206422,0.0810892597814018,0.8149955602690353,0.0734833780608555,0.8350319861389272,0.10111485192632941,0.7617435774878134,40.0,35.0,Eukaryote,Expression,Surface trafficking,428,5.28,20953,0.86,Medium,2-392,KCNJ2_MOUSE,Mus musculus,0,0.3598128296185108,0.3857446103737058,0.3255017754267702,0.353196268822994,0.3464839971045889,0.3294852207796875,0.2613829403300683,0.2851349048067307,0.3001183237305254,0.3896789220001786,0.3962466408988621,0.2734237479921681
KKA2_KLEPN_Melnikov_2014,4960,0.09948522970408895,0.10448640150795692,0.10987903225806452,0.6487126965050819,MSA_Potts vs Inverse_Folding,Inverse_Folding vs CNN_RNN,0.6517334482786723,MSA_Conditioned vs ESM_Masked,0.9487265756261819,0.08559388955731877,0.8181146352550788,0.0833315421219216,0.828747020509264,0.05008279407301422,0.8897997436110929,0.059296534913718356,0.8752035259615701,0.08042514714490115,0.8294287708034713,0.07769037786160249,0.8299365739533968,0.12201097489594173,0.7061870935806654,0.06604403914108568,0.8552245181697551,0.05612640234781477,0.8732559483041906,0.07788732169181409,0.826321347131751,19.0,21.0,Prokaryote,OrganismalFitness,"Growth (225 ug/mL kanamycin) 1:1, 1:2, 1:4, 1:8 dilutions",264,298.65,234760,0.795,High,1-264,KKA2_KLEPN,Klebsiella pneumoniae,0,0.6752365571232132,0.5402991981807492,0.6163523637914049,0.6706811287878715,0.6488454718431981,0.6403996331200894,0.6026097198955587,0.6181546014631373,0.5519081420693819,0.6472085964730908,0.6760768285867553,0.5526755528956208
LGK_LIPST_Klesmith_2015,7890,0.10659330030708543,0.1141561255906728,0.1332065906210393,0.5788520434189757,AR_PLM vs Inverse_Folding,MSA_Potts vs Inverse_Folding,0.5827537786740448,MSA_Conditioned vs ESM_Masked,0.9487174027934298,0.09949402724298993,0.7760511143435047,0.08094594399225086,0.8288658495051929,0.050572377478028854,0.8778851374415729,0.06447080821369881,0.8555621458144854,0.09109731023799465,0.8013913524218557,0.08268091946563516,0.8058446993906982,0.1318855385333721,0.6512146307291109,0.08260194060387788,0.8076856071938693,0.057487946055902794,0.861024186816453,0.07186914337026382,0.8312036080026491,34.0,44.0,Eukaryote,Activity,Growth,439,18.83,31069,0.813,Medium,1-439,LGK_LIPST,Lipomyces starkeyi,0,0.5805284627861689,0.4738077479144286,0.4904037718715282,0.5720712304674157,0.5500016467634906,0.5275132492168001,0.4877739757709192,0.5445908708585813,0.4737777047734497,0.5284276449517789,0.5687547317429283,0.5453932640772238
LYAM1_HUMAN_Elazar_2016,359,0.11352677464511346,0.12746064678005797,0.19220055710306408,0.4965485581505128,MSA_Potts vs Inverse_Folding,Evo_Conservation vs Inverse_Folding,0.5414729214722898,ESM_Masked vs AR_PLM,0.9247675029915697,0.12241369945919105,0.6863282034309259,0.08653926231691766,0.7882195446969681,0.05707254495749309,0.8428623500176394,0.08200976094226457,0.8127141089079345,0.0705035394407761,0.8208482136332227,0.07865783164314367,0.788607609702556,0.13684406545573047,0.6000058246750511,0.08266669770304906,0.8067995775933364,0.06509467389814376,0.825779302105409,0.0844285296772475,0.7823904173516217,50.0,72.0,Human,Expression,Membrane-protein insertion,372,1.09,3974,0.825,Medium,333-355,LYAM1_HUMAN,Homo sapiens,0,0.400174522695086,0.4679749036465169,0.2661510642240899,0.4071868172167401,0.397265693897664,0.3587936386126227,0.3879800886936114,0.3088155111844961,0.2136934747349649,0.4290679170929732,0.4345615216319236,0.3306895275063852
MAFG_MOUSE_Tsuboyama_2023_1K1V,1429,0.11958037313078947,0.09716428206162751,0.2701189643107068,0.500017842759039,Evo_Conservation vs ESM_Masked,MSA_Potts vs Inverse_Folding,0.5517035966653664,MSA_Potts vs MSA_Conditioned,0.9452587686837671,0.11112573155974832,0.7565443434627731,0.12067676408064285,0.7432293135066685,0.08482513328576653,0.8126685942196576,0.13082847014335167,0.7255918370958073,0.10572809262889434,0.7714169859241695,0.09303311409189793,0.7694401188841478,0.11627704830608199,0.695075965316332,0.06128203759539272,0.8398825642639084,0.060397073320271236,0.8415463773347286,0.0614694971028169,0.831511348873316,68.0,11.0,Eukaryote,Stability,Stability,41,3.89,6178,1.0,Medium,1-41,MAFG_MOUSE,Mus musculus,667,0.704048542360768,0.7664517181250396,0.6363585973932893,0.6478392697444483,0.6556050748631552,0.5820805308341399,0.522420378624976,0.5568945901177177,0.5730518090114691,0.7618101440349501,0.7461251874846682,0.6586085083536973
MBD11_ARATH_Tsuboyama_2023_6ACV,2116,0.11402039339089047,0.10179891380628271,0.18572778827977315,0.47090078748637715,AR_PLM vs Inverse_Folding,AR_PLM vs Struct_MSA_Hybrid,0.5511270416122219,MSA_Potts vs MSA_Conditioned,0.9648596982711195,0.07730061445606613,0.8308608184166887,0.09196954699275661,0.8143316983972864,0.05679270401168283,0.8677809536706547,0.09740147083522428,0.7926092392864791,0.14197241320368828,0.6586444507078726,0.08995350633633623,0.7951892731050025,0.11876354936076795,0.7146847706080535,0.0665604307446014,0.8416434535520014,0.07890216378824641,0.8289345111136049,0.07432949275957894,0.8241610940042746,52.0,15.0,Eukaryote,Stability,Stability,66,24.91,26035,0.909,Medium,1-66,MBD11_ARATH,Arabidopsis thaliana,961,0.8049786510584405,0.802361240020442,0.7522237984543491,0.7688557477400251,0.7616274698668,0.6877448931794767,0.5235290032127646,0.6639058673189068,0.7506936739338644,0.8347687286901061,0.8360645817436584,0.7345221391237864
MET_HUMAN_Estevam_2023,5393,0.10013367525977435,0.0952170350227037,0.10365288336732802,0.6174588736544606,AR_PLM vs Inverse_Folding,xTrimoPGLM vs Inverse_Folding,0.6489666556380006,MSA_Conditioned vs ESM_Masked,0.9643636382122066,0.06789505049015483,0.8633216289991563,0.06732215670763896,0.8639054213801082,0.05509178805484677,0.8813218600710253,0.05747325887681993,0.8824936299529721,0.1097353010423772,0.7735741469857446,0.09355619676113971,0.8062774251168479,0.12258729971699539,0.7101801878284041,0.06394835948241619,0.867006644235943,0.06031111677584128,0.8760639509287986,0.06478849688138612,0.8624665606406741,20.0,7.0,Human,Activity,Human cell line with growth linked to kinase activity in the absense of IL-3,287,17.78,185885,0.951,Medium,1-287,MET_HUMAN,Homo sapiens,0,0.6090553217908626,0.5849467545654968,0.5807030393380216,0.5895057867140601,0.5768401576457055,0.5941613006396879,0.5192135902547834,0.553914986941947,0.4520932252903764,0.596950839580271,0.5879640091653927,0.5985700017564459
MK01_HUMAN_Brenan_2016,6809,0.10617069533912939,0.10493845963162549,0.1399618152445293,0.5624870089524471,xTrimoPGLM vs Inverse_Folding,AR_PLM vs Inverse_Folding,0.600148323686756,MSA_Conditioned vs ESM_Masked,0.9540451856580019,0.08093848558277111,0.8297674981817479,0.07286990170636755,0.8472012070013331,0.05261232964071386,0.8783161131848056,0.06024710440611091,0.8653432784249626,0.10654186517757754,0.7712636502553359,0.10137540453597957,0.7688451917788726,0.13747474960769823,0.6405541836773175,0.06286652419082864,0.8540402211876374,0.07225461467430959,0.8451183399209335,0.06013442852637675,0.8590531002751807,33.0,22.0,Human,OrganismalFitness,Growth,360,25.98,124248,0.806,Medium,2-360,MK01_HUMAN,Homo sapiens,0,0.1823742200575366,0.2261829329070541,0.23041722752472,0.2132382414420923,0.1982626101974665,0.1788309525668359,0.0895969160433114,0.0666694360524999,0.0591261055325143,0.1913577180335468,0.2249646917898961,0.1756033175639224
MLAC_ECOLI_MacRae_2023,4007,0.10982348321104463,0.11480860670270736,0.15048664836536063,0.5532540139220218,MSA_Potts vs Inverse_Folding,AR_PLM vs Inverse_Folding,0.5677347977168911,MSA_Conditioned vs ESM_Masked,0.9430086646658469,0.09611277967574713,0.7835686777290763,0.08336209196504901,0.817371999354822,0.05688868828605759,0.8649368584559731,0.07087807425932327,0.8444017925782492,0.09585519658873322,0.7793144455099448,0.0835694634464556,0.7985813361268269,0.13868515431992848,0.6300977107974977,0.08430095515195965,0.8059566906196731,0.06353629920619533,0.8442779037512855,0.06753650290927737,0.8348810722343303,43.0,44.0,Prokaryote,OrganismalFitness,cell growth in ∆mlaC and selective medium,211,37.67,22874,0.934,Medium,1-211,MLAC_ECOLI,Escherichia coli,0,0.4116977733186107,0.3542517514622306,0.4061067122191588,0.4272144461935275,0.4295185475940898,0.4319782886302412,0.4010394241667494,0.3739537051950551,0.1127841368978201,0.3236613723973561,0.3968425360861445,0.4070762832578369
MSH2_HUMAN_Jia_2020,16749,0.10907592168637678,0.11811221256169521,0.13869484745357932,0.5039908038226883,MSA_Potts vs Inverse_Folding,Evo_Conservation vs Inverse_Folding,0.5210387316779992,MSA_Conditioned vs ESM_Masked,0.9550007589390823,0.08957122143199257,0.8052394894149821,0.08281545087026491,0.8206437440123685,0.054742729314701644,0.8692007223785023,0.06452289318446142,0.8523143180730774,0.09470003661641625,0.788977150764089,0.08015961292120857,0.8077519770688704,0.14909777605013702,0.5514729834790209,0.07039996540916163,0.8259268034689431,0.065348908317207,0.8433145463241429,0.07438797602248617,0.8220487855276786,41.0,56.0,Human,OrganismalFitness,"drug resistance (surrogate for protein activity, 6-thioguanine (6-TG))",934,11.71,61226,0.901,Medium,1-934,MSH2_HUMAN,Homo sapiens,0,0.4174619960872741,0.3796092357525349,0.3967543200349626,0.3998271052114654,0.4024417353973105,0.3949394420698155,0.3267674239284378,0.3572474967799702,0.2447718703544481,0.4051039508076821,0.4192350126938879,0.4028018332324315
MTH3_HAEAE_RockahShmuel_2015,1777,0.09829974722085454,0.10472981387456969,0.10635903207653348,0.615077586167269,MSA_Potts vs Inverse_Folding,xTrimoPGLM vs Inverse_Folding,0.6371869196148318,ESM_Masked vs CNN_RNN,0.9408837396003389,0.08335263517969191,0.8341422547012921,0.07678659779438535,0.8486111473539044,0.05260363803649184,0.8886008139716635,0.06026100825413876,0.8759956805889719,0.0696692464742858,0.8583088452657975,0.07109184058121093,0.8502670888904704,0.13354840350982197,0.6721941380766844,0.08140373456155779,0.8217552627195679,0.05869193757074573,0.8755050122279457,0.05865283774087855,0.8717796104114841,17.0,22.0,Prokaryote,OrganismalFitness,Growth,330,82.51,82734,0.891,Medium,2-330,MTH3_HAEAE,Haemophilus aegyptius,0,0.7278522279565998,0.5503720638768654,0.7069596168070226,0.7173183169688019,0.7176946674098477,0.6600621652335258,0.6953277769407521,0.7212376309871027,0.5616400356894712,0.6159574067693755,0.6808418331458648,0.6498894015623828
MTHR_HUMAN_Weile_2021,12464,0.10565141804426563,0.11355893217088155,0.12636392811296535,0.5407465413557452,AR_PLM vs Inverse_Folding,xTrimoPGLM vs Inverse_Folding,0.5815780727239902,MSA_Conditioned vs ESM_Masked,0.947647719146193,0.09148656624875103,0.8132781160421625,0.07267442343491404,0.8454112288908688,0.048724630101144015,0.8806370938860908,0.06284175425653782,0.8617091806712162,0.10333812170664694,0.7754386040213397,0.07977888900263826,0.8208921407036098,0.13669412344866008,0.6333444759940418,0.07464617181779633,0.8290816566049096,0.06366133330058177,0.8569617887793582,0.06723424416534425,0.8430672258426576,32.0,43.0,Human,OrganismalFitness,Growth,656,0.99,4783,0.96,Low,1-656,MTHR_HUMAN,Homo sapiens,0,0.341303264609673,0.3766893420818688,0.2656897686980926,0.2831926223006638,0.3048740640179835,0.348627513371576,0.2422671813861992,0.2933093829572536,0.3443655443304078,0.3928473387877977,0.3427786358416487,0.3163024158832468
MYO3_YEAST_Tsuboyama_2023_2BTT,3297,0.1204639216139617,0.11866736423465424,0.213527449196239,0.54825525627373,AR_PLM vs Inverse_Folding,MSA_Potts vs Inverse_Folding,0.587482161736636,MSA_Conditioned vs Struct_MSA_Hybrid,0.9414495481309662,0.09595741596750042,0.7349213160749523,0.12201719703212086,0.6916545028066952,0.06593846539657149,0.8361040834318144,0.0789979751079303,0.8175356584501843,0.11066384280191852,0.727938356190781,0.06925615076336926,0.8109787235925654,0.1269744000935646,0.6472280980842917,0.08688571673276935,0.7961887307834962,0.06772066664035623,0.8290688038489746,0.098931829798918,0.7470752329495876,68.0,56.0,Eukaryote,Stability,Stability,61,208.4,442941,0.885,High,1-61,MYO3_YEAST,Saccharomyces cerevisiae,2350,0.5138361384283572,0.641257170794292,0.3700399592715077,0.3053341843445938,0.4574997067913964,0.5798325069314121,0.3066979507502453,0.4961999851589921,0.4745950693527845,0.6343874506618857,0.5053568790836935,0.4181828699896275
NCAP_I34A1_Doud_2015,9462,0.17556291955812656,0.1531420082314469,0.6483830057070387,0.05366611695520787,MSA_Potts vs xTrimoPGLM,MSA_Potts vs ESM_Masked,0.07224592983952353,ESM_Masked vs xTrimoPGLM,0.8984725435770785,0.17811552811609108,0.36109124998669484,0.13592589345988415,0.4642023509246693,0.12485614676664361,0.5170534138367088,0.19007485738434832,0.3338162116081841,0.10743397483104365,0.5147303099645151,0.16168163366083974,0.3126036259640521,0.14921875273420293,0.38093642493803836,0.13543944381023967,0.4403682579753332,0.1198909057598228,0.4856011371043461,0.08869430932688468,0.5350004158310177,100.0,95.0,Virus,OrganismalFitness,,498,2.15,15390,1.0,Medium,1-498,NCAP_I34A1,Influenza A virus (strain A/Puerto Rico/8/1934 H1N1),0,0.4032470165734728,0.307921968763517,0.3555556708559363,0.4052643241387643,0.4645872072708746,0.0263855934725299,0.3437762587386775,0.0536672753075129,0.272531351955103,0.2353388075855077,0.4015080794324152,0.3035943927948623
NKX31_HUMAN_Tsuboyama_2023_2L9R,2482,0.08449206752869366,0.0969378531533133,0.058823529411764705,0.7382875217891965,xTrimoPGLM vs Inverse_Folding,xTrimoPGLM vs Struct_MSA_Hybrid,0.7488873415849203,MSA_Conditioned vs ESM_Masked,0.9757654040248338,0.0645474870044714,0.8946651450081925,0.05241056044021927,0.902124719932722,0.04013244541466758,0.9267245895929405,0.04414376581491492,0.9123701448752998,0.06619233014367427,0.881240372227962,0.0811085044661071,0.848449939555616,0.09953397472816906,0.8006509978407378,0.04864337763186915,0.9085951488606323,0.07437638561434973,0.8595417683859513,0.07208571064335792,0.8606809538231421,1.0,10.0,Human,Stability,Stability,61,147.96,319273,0.902,High,1-61,NKX31_HUMAN,Homo sapiens,1333,0.6416939609366801,0.654224657485273,0.6128181281077375,0.6273050696290291,0.622320913547618,0.629563286195191,0.5793934718930898,0.5554176521795536,0.6365818820645887,0.6449476035154965,0.6482628918720587,0.5257085329092898
NPC1_HUMAN_Erwood_2022_HEK293T,637,0.11680475064798201,0.12683617628783284,0.18210361067503925,0.5125394235614406,AR_PLM vs Inverse_Folding,MSA_Potts vs Inverse_Folding,0.5154462400793511,MSA_Conditioned vs Struct_MSA_Hybrid,0.9529670688735262,0.09464539347921272,0.7861299108114945,0.07627188539949248,0.8225366896115777,0.05686084118468061,0.8529790013279916,0.0826532665958546,0.8035442123324148,0.12180567432866153,0.6770806276455434,0.08196584756351522,0.7884062692227859,0.14076038337083416,0.5533584546188155,0.07280718832636304,0.811952990796437,0.06646745644278723,0.8365546053170926,0.10031216447453273,0.7341334892493813,62.0,71.0,Human,Activity,Fluorescence measurement,1278,0.67,6333,0.987,Low,347-1190,NPC1_HUMAN,Homo sapiens,0,0.752945420653415,0.7106592635916923,0.6926547630338196,0.7314623359863767,0.7500121898171692,0.656927198598255,0.5577139019676991,0.6482118683113575,0.4798412868554983,0.749073034016898,0.7481061770238691,0.665225082031804
NRAM_I33A0_Jiang_2016,298,0.14603305938984215,0.15660577192780087,0.4597315436241611,0.26901431060066144,ESM_Masked vs Inverse_Folding,xTrimoPGLM vs Inverse_Folding,0.32836431717742337,Evo_Conservation vs MSA_Conditioned,0.8643621712692641,0.14254162725402758,0.5704607883680614,0.0917165893428224,0.682479473572104,0.09780190081527859,0.679082392582132,0.10713368767172649,0.5764140910735637,0.10427946188610122,0.6570315831959737,0.12514000870831643,0.5060882219139933,0.15779206642343435,0.43212734819710086,0.09146247166043571,0.646668553952626,0.10776729276459018,0.6474905515326296,0.10832319865471525,0.5610802623984823,90.0,98.0,Virus,OrganismalFitness,,453,15.93,47174,0.976,Medium,67-285,NRAM_I33A0,Influenza A virus (strain A/Wilson-Smith/1933 H1N1),0,0.6168097309484066,0.6329590715350856,0.5587878827777476,0.6335127749907743,0.6811602516436474,0.2443411614118001,0.6374044005940293,0.2655276033537663,0.4185765313118475,0.4727386257395036,0.6171231290427073,0.2904331046113935
NUD15_HUMAN_Suiter_2020,2844,0.11191215961850019,0.11871234453360657,0.1568213783403657,0.5352837917241667,MSA_Potts vs Inverse_Folding,AR_PLM vs Inverse_Folding,0.5676729158582807,Struct_PLM vs Struct_MSA_Hybrid,0.9343095068016619,0.10706195110259183,0.7389006953839566,0.08885492640266181,0.7945493171825997,0.055967189460642254,0.8633785736623453,0.06380177167054715,0.8446312293791232,0.10230371652875614,0.769248447292722,0.07847846990200869,0.8071372367495546,0.13725245835484579,0.6271713140293897,0.07541096627703563,0.8147928026988771,0.06030634731297019,0.8460768206692169,0.07903471121872287,0.8009021868598964,46.0,57.0,Human,Expression,,164,281.51,153922,0.72,High,2-164,NUD15_HUMAN,Homo sapiens,0,0.7046557107066505,0.6580092387516272,0.5871187289890119,0.6461395747962669,0.6896140491669368,0.6474526527777736,0.5646088733157888,0.6346594300134185,0.5797375965585343,0.6939633443731303,0.702245228283183,0.5981502228544711
NUSA_ECOLI_Tsuboyama_2023_1WCL,2028,0.09260829345368493,0.09627939382282563,0.08136094674556213,0.7141642092376943,AR_PLM vs Inverse_Folding,MSA_Potts vs AR_PLM,0.7269489880781999,ESM_Masked vs CNN_RNN,0.9527288771533446,0.08545290327265748,0.8194404842452123,0.057318611107869184,0.8838366144911697,0.0465858406373882,0.9031647261282844,0.06950364197746993,0.8597747865048971,0.09360779300185308,0.8130170368350489,0.06929606158099558,0.8485006968878449,0.09227397629764494,0.8049283711988612,0.0705348493866928,0.8564562687522836,0.05007423195577498,0.8915361541218206,0.0709830048615893,0.8584813318056624,7.0,8.0,Prokaryote,Stability,Stability,69,598.86,205612,0.812,High,1-69,NUSA_ECOLI,Escherichia coli,722,0.6634605789951483,0.8024164483783002,0.6069827617879007,0.6819441048291062,0.6069587255993569,0.4977790712642885,0.5050300912256039,0.5856147123502444,0.7252287549778511,0.7919933633437144,0.7070997235864191,0.5019339129261616
NUSG_MYCTU_Tsuboyama_2023_2MI6,1380,0.09322514481656904,0.09067222302456651,0.09347826086956522,0.6789102212106836,MSA_Potts vs Inverse_Folding,AR_PLM vs Inverse_Folding,0.6830729453596049,Struct_PLM vs Struct_MSA_Hybrid,0.9715726623305175,0.08496166771686621,0.8384271076601002,0.05973354687390604,0.8904863602961112,0.046227683259819366,0.907833289926204,0.052551547293985854,0.8997958379843701,0.09398176153469158,0.8319228014760899,0.06946893159700343,0.8583649140598395,0.11599240355667577,0.7557870537513592,0.0450653049079325,0.9070477974016757,0.05544642232024086,0.8933329269193054,0.08818028425400826,0.8359494606776174,8.0,5.0,Prokaryote,Stability,Stability,55,320.33,102004,0.964,High,1-55,NUSG_MYCTU,Mycobacterium tuberculosis,361,0.5346078945285685,0.6806863432003208,0.4351879116371716,0.4978248497327578,0.4807584962909992,0.4687254828553112,0.3549352574087507,0.3944559938133352,0.715867903559014,0.5569219350322125,0.6075266525936437,0.4964336720469661
OBSCN_HUMAN_Tsuboyama_2023_1V1C,3197,0.09138686106016025,0.10713720688756155,0.05317485142320926,0.7134441362699172,AR_PLM vs Inverse_Folding,xTrimoPGLM vs Inverse_Folding,0.7597156234167728,MSA_Conditioned vs Struct_MSA_Hybrid,0.9711952616568437,0.06464175193959695,0.8813255292897615,0.07397309417157356,0.8627321183777725,0.04768479024833879,0.9072425078895487,0.05724276816052429,0.8903158840690489,0.09834663446569314,0.799906280536842,0.08406142801416208,0.8301094688558074,0.09102370794066628,0.8034212318786674,0.05267309401176887,0.8939193847255473,0.05247471115055569,0.8971452966706512,0.0816567357828524,0.8213539930575414,7.0,26.0,Human,Stability,Stability,65,378.54,718751,0.815,High,1-65,OBSCN_HUMAN,Homo sapiens,1984,0.815853135785273,0.7718742866467805,0.7657505869132419,0.767562758972537,0.7836097766700786,0.8311123427984508,0.7236693476979057,0.6801514298962731,0.7610671561991884,0.8375599180098816,0.80807441695102,0.6764241289120858
ODP2_GEOSE_Tsuboyama_2023_1W4G,1134,0.10122609484851271,0.13221179959929025,0.11816578483245149,0.6654658743907215,Evo_Conservation vs Inverse_Folding,MSA_Potts vs Inverse_Folding,0.6657244542638107,ESM_Masked vs Struct_PLM,0.9307948285397402,0.08155442332397064,0.7939722422000588,0.08978402060412644,0.7907705365598772,0.05742119740747998,0.8602417035219033,0.0804285683180451,0.8178680715266081,0.08012752121119747,0.8270194157626947,0.07591698316272096,0.818289396948056,0.10195190711553635,0.7662135002855087,0.08846023243926437,0.8133236855180394,0.06446031849715958,0.8550556486577023,0.0684380077286211,0.8362905819945703,23.0,79.0,Prokaryote,Stability,Stability,44,397.86,163835,0.909,High,1-44,ODP2_GEOSE,Geobacillus stearothermophilus,465,0.2507204536013365,0.2536535186550155,0.1459428565000681,0.2535222126294622,0.1961393987585337,0.1124833880860593,0.1744037451207035,0.1451519830545019,0.4199922044610224,0.2120770013400907,0.3568773910562503,0.2526367398631327
OPSD_HUMAN_Wan_2019,165,0.11433743571200407,0.12355863802703643,0.18181818181818182,0.4234773171420743,MSA_Potts vs Inverse_Folding,xTrimoPGLM vs Inverse_Folding,0.511837060180213,Struct_MSA_Hybrid vs CNN_RNN,0.9062055654085385,0.10303520048974593,0.708290866922932,0.08366574839302111,0.7880542410504988,0.06715518824609734,0.8250861460922264,0.07807162534435264,0.8068529267252929,0.1060189776553413,0.7510708242688451,0.08237159473523108,0.7943934883138912,0.1519155188246097,0.5515943790594999,0.06969819406183043,0.8033760308388838,0.0557551270278543,0.8368253857661011,0.06958800122436486,0.8197046086588692,54.0,66.0,Human,Expression,Expression,348,107.19,342311,0.876,High,4-347,OPSD_HUMAN,Homo sapiens,0,0.630688584062722,0.6446985280367591,0.4876740728001161,0.5495224014347222,0.5591230092930445,0.5643081641541104,0.5713428940383488,0.5445129750057016,0.54591185226692,0.660885141172175,0.6551535293140252,0.5814195008686232
OTC_HUMAN_Lo_2023,1570,0.10290791988101919,0.10886520479960687,0.1197452229299363,0.5912624197040147,MSA_Potts vs Inverse_Folding,AR_PLM vs Inverse_Folding,0.5995948940697923,MSA_Conditioned vs ESM_Masked,0.9592919029996165,0.0924934885796584,0.8052485980641386,0.08414375160587988,0.8300327044183272,0.04586342921281458,0.8873673652487105,0.06456497220982595,0.8654499320439304,0.09243876019311127,0.8135735641099748,0.0678772499222416,0.8469838143202072,0.13346357526336428,0.6526639862483111,0.07074073322785239,0.8440859952089165,0.065438679053917,0.850714484757187,0.06301916237305097,0.8577279713817334,26.0,30.0,Human,Activity,Enzymatic activity,354,53.97,135607,0.87,Medium,33-354,OTC_HUMAN,Homo sapiens,0,0.655045543676946,0.6462867611936226,0.5590052458483282,0.5942874335949636,0.6090217595279024,0.5852705733757165,0.5530277114008831,0.5891121991305875,0.6714308135446354,0.6841954185564443,0.6663636512185922,0.5455764297467945
OTU7A_HUMAN_Tsuboyama_2023_2L2D,635,0.14263678206014732,0.14651187091097165,0.3889763779527559,0.1732506056199405,MSA_Potts vs AR_PLM,MSA_Potts vs xTrimoPGLM,0.18826642641040311,ESM_Masked vs Struct_PLM,0.9210562344361516,0.16189067311467956,0.4770011759677387,0.1121245789158245,0.6275344111432878,0.07836286605906545,0.6986451374841726,0.10295765391530781,0.6818871752636739,0.15927997189327714,0.5187852422725617,0.12313439560212455,0.530151999945132,0.11894500589001178,0.6291662838363381,0.09347766962200592,0.6964060310393948,0.08197846529026391,0.7245845636710276,0.085001426002852,0.6791228871510713,87.0,92.0,Human,Stability,Stability,42,12395.25,1359071,0.881,High,1-42,OTU7A_HUMAN,Homo sapiens,0,0.5626940926063666,0.7197079570160567,0.2580773839811531,0.4044433561027682,0.3766293368736624,0.5722026500408306,0.3168593199551751,0.4375159609439955,0.6108058728660996,0.6616298872598924,0.5547284640603495,0.3639775808487411
OXDA_RHOTO_Vanella_2023_activity,6396,0.11298260215340726,0.11731989909474208,0.1755784865540963,0.5438313749395236,MSA_Potts vs Inverse_Folding,AR_PLM vs Inverse_Folding,0.5676368234180972,MSA_Conditioned vs ESM_Masked,0.9347640305011845,0.09125699702479778,0.7779505432872127,0.09818984250240828,0.7619311103673276,0.05792318457713369,0.8498668626208498,0.06955646186386817,0.8428031109069978,0.08807444748991677,0.7909459523008819,0.08581454667375364,0.7822396105137155,0.1374004762200891,0.6167945145331831,0.08059865303035577,0.7988555911421228,0.06574017932956064,0.830538677737972,0.09019980680936843,0.7775850795222762,49.0,53.0,Eukaryote,Activity,fluorescent label of enzyme product,364,271.28,520184,0.876,High,1-364,OXDA_RHOTO,Rhodotorula gracilis,0,0.418649385994563,0.3530299072042364,0.3623207681678164,0.4556721994635853,0.3600383437053926,0.3780494776161195,0.3349620732744069,0.3289637613150532,0.3567149076370779,0.41650901429393,0.4363166588125601,0.3258664459315367
OXDA_RHOTO_Vanella_2023_expression,6769,0.11431205461699319,0.11669920036108734,0.19264293100901167,0.5100199907837765,MSA_Potts vs Inverse_Folding,Inverse_Folding vs CNN_RNN,0.5255052681598438,MSA_Conditioned vs ESM_Masked,0.9366837569839565,0.09016212600607852,0.779346955324009,0.09762087544899052,0.7613671412702904,0.058095752724850666,0.8476771788090791,0.06957153476380143,0.8411178631883244,0.08729028397697064,0.7903402769136916,0.08556720524030587,0.7802632026013093,0.1448830986534273,0.5746846265257695,0.08041970220114303,0.7976044184512108,0.06564096707212191,0.8287852600671924,0.08941590943036795,0.7772912463187963,54.0,51.0,Eukaryote,Expression,cell surface expression,364,271.28,520184,0.876,High,1-364,OXDA_RHOTO,Rhodotorula gracilis,0,0.3589741824565111,0.3985874399040344,0.286771439170347,0.3425147120629724,0.3243860717191624,0.3325605933182492,0.2685345012665027,0.2793248678120261,0.3386938994052246,0.4176105539578433,0.3827228739893735,0.2485989346687747
P53_HUMAN_Giacomelli_2018_Null_Etoposide,7467,0.11683996581697911,0.12024488286063742,0.19740190170081692,0.5742951632061638,MSA_Potts vs Inverse_Folding,Inverse_Folding vs CNN_RNN,0.5816480387618309,ESM_Masked vs Struct_PLM,0.910991851933352,0.11148693971941491,0.7398781574010997,0.07817480227735008,0.8123236116203979,0.08241553970305676,0.810620484215552,0.07364782287126823,0.8265692228329846,0.10022734617080716,0.7655136537154368,0.07680565196505562,0.8029992003374926,0.12242539166140819,0.6641253155858726,0.08995042078124717,0.7745000608237822,0.06715558068166032,0.8263213475214368,0.10514485990340294,0.7177180939022013,62.0,59.0,Human,OrganismalFitness,"drug resistance (nutlin-3, etoposide)",393,0.39,5069,0.858,Low,1-393,P53_HUMAN,Homo sapiens,0,0.502116969929265,0.4714178548444373,0.424311092339655,0.4660379272741338,0.4129500127520598,0.4893765320588467,0.4784105600324016,0.4363812263014311,0.4358862140360784,0.4921468497285481,0.5100226063441237,0.3933596745295377
P53_HUMAN_Giacomelli_2018_Null_Nutlin,7467,0.11670620792612765,0.12048871761273627,0.19793759207178252,0.5758521695653024,MSA_Potts vs Inverse_Folding,Inverse_Folding vs CNN_RNN,0.5846688876620549,ESM_Masked vs Struct_PLM,0.9109918999882582,0.11183658703177693,0.7391178393133973,0.07819649437750197,0.8126769281297981,0.0825506621647488,0.8100736403212947,0.07342892301263573,0.8270121117268927,0.09983952664494336,0.7669308440860443,0.0766082397446014,0.8038897063846224,0.12296102224817097,0.6659243542872988,0.08980700087004546,0.7751097702090899,0.0672642498292877,0.82648055010925,0.10394665414928941,0.7208882258612734,61.0,60.0,Human,OrganismalFitness,"drug resistance (nutlin-3, etoposide)",393,0.39,5069,0.858,Low,1-393,P53_HUMAN,Homo sapiens,0,0.4891475608550469,0.4563190175283853,0.3836500669251259,0.459627750758484,0.3894898800462376,0.4695053253686423,0.490844754195514,0.4462652280963023,0.4462204475558942,0.4759193412142722,0.4847588266361844,0.372769965402449
P53_HUMAN_Giacomelli_2018_WT_Nutlin,7467,0.11686211994693334,0.12061845200179479,0.19927681799919647,0.5743754800889639,MSA_Potts vs Inverse_Folding,Inverse_Folding vs CNN_RNN,0.5871986790305611,ESM_Masked vs Struct_PLM,0.9109918952697353,0.11164825961878351,0.739321089236643,0.07803494789600468,0.8124530787106511,0.08335322921711145,0.807378967161773,0.07365578552924207,0.8259164232729443,0.10008105063944973,0.7660342690563307,0.0768157333751775,0.8030711924187579,0.12295765819107816,0.6630336048713249,0.08994296150626109,0.7737847671505245,0.06714844603489555,0.8261839633314678,0.10397584019926506,0.7208809108666706,63.0,60.0,Human,OrganismalFitness,"drug resistance (nutlin-3, etoposide)",393,0.39,5069,0.858,Low,1-393,P53_HUMAN,Homo sapiens,0,0.5440206001606527,0.4707451932053529,0.4666098468476751,0.5363019028238173,0.4076482287771319,0.5012615924179807,0.5830488911243039,0.5040268196559232,0.5025544175026774,0.4823893728279924,0.5521630451497498,0.3790566784731129
P53_HUMAN_Kotler_2018,1048,0.11923022324276115,0.1240560524798602,0.23568702290076335,0.5255448315484851,AR_PLM vs Inverse_Folding,MSA_Potts vs Inverse_Folding,0.5275364199817596,ESM_Masked vs Struct_PLM,0.921053059094181,0.11929277625623991,0.6984939437817077,0.08160239180894664,0.7982449737555455,0.06661573966163588,0.8315641902444684,0.07053365916904608,0.826920239019409,0.12143735553483674,0.7051129606751303,0.0840584816832741,0.7793835205728943,0.1339693138997339,0.6194400260262776,0.08351045490744517,0.7906619377704275,0.08050230173066837,0.7961706898410799,0.0768697616203407,0.7953877534946062,67.0,67.0,Human,OrganismalFitness,growth,393,0.37,4129,0.863,Low,102-292,P53_HUMAN,Homo sapiens,0,0.7247748864652209,0.6448144049682532,0.6011834783986995,0.6713323201530562,0.6711684068337423,0.7097580172305099,0.4956143333355113,0.6284347280302185,0.5491776501323214,0.7237427467307076,0.7223645729093521,0.6277534603821677
P84126_THETH_Chan_2017,1519,0.10951374050793174,0.10706248048346599,0.16260697827518103,0.39031840529162093,MSA_Potts vs Inverse_Folding,Evo_Conservation vs Inverse_Folding,0.4145303414476787,MSA_Conditioned vs ESM_Masked,0.9643471368993424,0.08600912471000421,0.8129128762501191,0.07584679351576687,0.8253561287206916,0.05266887149431754,0.8689517634889272,0.0613570510495179,0.8588007550373237,0.08341318646424782,0.81389000746519,0.08005762138362109,0.8046901637701654,0.1753355456731738,0.4721596019913022,0.07215809171892333,0.8129822519109453,0.05723109647775099,0.8536810812005887,0.06794628148781227,0.83491328923117,42.0,25.0,Prokaryote,OrganismalFitness,fitness,254,41.7,53441,0.941,Medium,44-238,P84126_THETH,Thermus thermophilus,0,0.6567119569572035,0.6886756055839391,0.6026453696812062,0.5545334800048692,0.619827541896752,0.6259626136074364,0.5722147837916303,0.6155771594791934,0.4514435071930506,0.6862963713621383,0.6399639389462416,0.6166636906724788
PABP_YEAST_Melamed_2013,37708,0.09614498109190202,0.1021370944744915,0.06964039461122308,0.7019983665093299,MSA_Potts vs Inverse_Folding,Inverse_Folding vs CNN_RNN,0.7097690648725392,MSA_Conditioned vs ESM_Masked,0.951748852185015,0.09772662893774002,0.8115567891174629,0.07448281338319453,0.8599170861723157,0.04656203252116961,0.903317791255568,0.058169553083978885,0.8878647190799822,0.06623565023091633,0.8754268880310061,0.07710438116260744,0.8451129745084737,0.1139521029711646,0.7409980986852616,0.0650484784911394,0.8727375385180296,0.06018231457069481,0.8836333418567336,0.07572911581545173,0.8430548062868197,12.0,16.0,Eukaryote,OrganismalFitness,"Growth (essential function), RNA binding",577,1.42,7866,0.919,Medium,126-200,PABP_YEAST,Saccharomyces cerevisiae,36521,0.7367869239378817,0.7121936843901875,0.6187813556097437,0.7226255532872957,0.7048572385202668,0.7350792665526321,0.6975988911564301,0.6787060180286557,0.5305180427944208,0.7619034210938255,0.7293417678896376,0.6701805806085915
PAI1_HUMAN_Huttinger_2021,5345,0.09925188639418776,0.10582775362344117,0.0941066417212348,0.6277378975836694,MSA_Potts vs Inverse_Folding,AR_PLM vs Inverse_Folding,0.6584807582400469,MSA_Conditioned vs ESM_Masked,0.9582168772835069,0.09617803664399935,0.8114260744824613,0.0788321454209002,0.8431333250189402,0.04725511400313218,0.8961941289257737,0.06255317778608124,0.8766000854824852,0.0767190269881454,0.8493410608580079,0.07330433339371341,0.8414432105999071,0.12329258698888043,0.7017209562339484,0.07393097827688087,0.8426270937659628,0.05880104530460292,0.8746981284561797,0.06530395186161703,0.8618714824328961,19.0,24.0,Human,Activity,PAI-1 inhibition of uPA,402,30.34,52528,0.94,Medium,24-402,PAI1_HUMAN,Homo sapiens,0,0.4758988730687302,0.4594609926646995,0.4093899189583088,0.4309116703172386,0.4515278177501458,0.4601843717187537,0.394964181314717,0.4246373083631747,0.4108216794284979,0.5051138853435122,0.486370353991242,0.4319394719018268
PA_I34A1_Wu_2015,1820,0.16980932281671512,0.1551413385963103,0.6252747252747253,0.07792208810735424,MSA_Potts vs ESM_Masked,Evo_Conservation vs ESM_Masked,0.1185595001634797,Evo_Conservation vs AR_PLM,0.8141197905107196,0.17489275651088834,0.4174222488385209,0.12556480698788391,0.5318603432328621,0.0949143521313851,0.5597201139968377,0.18792970856981847,0.30311011413887246,0.13589120677856942,0.5307646585170396,0.12373604234593245,0.43400462152923525,0.13904359376886852,0.40531255910710395,0.13888724187900012,0.45643053154331636,0.11688822807229401,0.5221089442648229,0.0992056816809564,0.5250068282762403,98.0,97.0,Virus,OrganismalFitness,Viral replication,716,1.75,26750,1.0,Medium,8-716,PA_I34A1,Influenza A virus (strain A/Puerto Rico/8/1934 H1N1),0,0.5286974724951522,0.3210550157593742,0.5287413495961263,0.5795757951809366,0.5813472195906536,0.0610123011744635,0.520192563562598,0.2105578248315443,0.2181327548580619,0.2461699954687849,0.4725805227962802,0.3390292090777334
PHOT_CHLRE_Chen_2023,167529,0.10378158871383551,0.11688560638758463,0.12384721451211432,0.46274068290267883,MSA_Potts vs Inverse_Folding,MSA_Potts vs CNN_RNN,0.5405859778693423,MSA_Conditioned vs Struct_MSA_Hybrid,0.9704979340615351,0.1130527473194896,0.7464622899100715,0.0798061130857152,0.8319706431277126,0.057603227490034714,0.8682488486361476,0.057863698301601124,0.879392971562394,0.07121101303939505,0.8551771076231023,0.07505742711893344,0.8342405565581896,0.1231368321123203,0.7108905875876184,0.07031879678328865,0.8501410134740596,0.04361198297851707,0.8825522568321829,0.11017088775008983,0.7353077760167473,26.0,52.0,Eukaryote,Activity,Fluorescence,118,5215.65,1627150,0.873,High,1-118,PHOT_CHLRE,Chlamydomonas reinhardtii,165407,0.7151564767253217,0.4453561816595948,0.5413433676342321,0.5922058866553416,0.6698976788144131,0.7628481287687625,0.6603229546185827,0.7305723320217831,0.6178727310116416,0.6172951179260263,0.6721816483603532,0.7063698733052681
PIN1_HUMAN_Tsuboyama_2023_1I6C,802,0.10257032304886926,0.11168866028125374,0.09850374064837905,0.636444060145266,MSA_Potts vs AR_PLM,MSA_Potts vs xTrimoPGLM,0.6874833152151404,MSA_Conditioned vs ESM_Masked,0.9632304890545467,0.10435662713540339,0.7616499740293118,0.07840856089203427,0.8462228202827211,0.045585019164474515,0.8962624560069984,0.05640792034875406,0.8859210800213378,0.09728344351092345,0.8046241429469495,0.09735594513301121,0.7825473106775411,0.10335554505258052,0.7780367104592989,0.0688340972174717,0.8642189671695767,0.05572902738996233,0.8818840563671841,0.07327846219861817,0.8413025694016496,25.0,37.0,Human,Stability,Stability,39,287.66,248269,0.821,High,1-39,PIN1_HUMAN,Homo sapiens,116,0.7574950582757113,0.7869479453636653,0.6043284804160922,0.7177255331627589,0.7493804532619484,0.7030115868288432,0.6993506005257101,0.5882609548762092,0.7046012059808842,0.7467580686913176,0.7790350616071026,0.6784534886200163
PITX2_HUMAN_Tsuboyama_2023_2L7M,1824,0.08571602080260445,0.08144898930894637,0.052083333333333336,0.6468931778249833,xTrimoPGLM vs Inverse_Folding,MSA_Potts vs Inverse_Folding,0.6882281988052165,MSA_Potts vs MSA_Conditioned,0.9804124879961027,0.05786852685441675,0.8986172440211075,0.05158774815327793,0.9103564460079114,0.039534269759284896,0.9272461903501088,0.04415340938237407,0.9178400333789719,0.06975587841130604,0.8848649592999968,0.08415485013016827,0.8524249524107457,0.13154332943790398,0.7120693708315896,0.039355739265927975,0.9257898516545592,0.047620010884759416,0.9185582691262825,0.06563682254796348,0.8795124991007837,2.0,2.0,Human,Stability,Stability,52,191.76,344174,1.0,High,1-52,PITX2_HUMAN,Homo sapiens,886,0.5570363610619404,0.5526171099002928,0.5495951754642764,0.5085015073179315,0.5566671281407326,0.5124868971272059,0.4946492059593272,0.4217691690105691,0.616829872692376,0.5506447774577378,0.6114649434094749,0.4751867617152768
PKN1_HUMAN_Tsuboyama_2023_1URF,1301,0.11767609930038363,0.1260358281139144,0.22521137586471945,0.4947130802633249,MSA_Potts vs Inverse_Folding,MSA_Potts vs xTrimoPGLM,0.514796333796921,MSA_Conditioned vs ESM_Masked,0.9240677499511989,0.12799955019917078,0.6234704998471504,0.07780223061036436,0.7973450878327576,0.0653195092444508,0.8260152607960082,0.0759881586583804,0.8187602105904435,0.09927923552764847,0.7588483437146549,0.09496744950522892,0.7570716315798134,0.13584869283034415,0.623801436825545,0.06976761406458659,0.8069855536712441,0.07313385336138482,0.8093979387873982,0.07885689933225058,0.7937148425219216,64.0,69.0,Human,Stability,Stability,71,772.42,187829,0.845,High,1-71,PKN1_HUMAN,Homo sapiens,0,0.398608625150055,0.5745144315405404,0.2582089832334662,0.359068603145673,0.2827378633015114,0.3373862037407047,0.3249161286632732,0.2586191941201655,0.5104514299056252,0.461481389835489,0.4866883721940455,0.2764385079809385
POLG_CXB3N_Mattenberger_2021,15711,0.13807738901292088,0.14622012557331643,0.3634396282859143,0.31548452845497893,MSA_Potts vs Inverse_Folding,AR_PLM vs Inverse_Folding,0.3796475500123711,Evo_Conservation vs MSA_Conditioned,0.8996044149934294,0.128198524960271,0.6019318492502536,0.09471681387380222,0.7182457799964849,0.09129741001363684,0.7315366756692848,0.12267142931452993,0.5933681422267033,0.1072508640277912,0.6807672526413975,0.08793913862988949,0.7137113171827316,0.1489523861249019,0.4408232550977028,0.12497076234555939,0.595695761387073,0.08276191483261708,0.73804295943621,0.09292316994630066,0.6899643239529551,85.0,92.0,Virus,OrganismalFitness,Viral replication,2185,1.79,7909,0.959,Medium,1-851,POLG_CXB3N,Coxsackievirus B3 (strain Nancy),0,0.4762845774171201,0.3543370745338962,0.4471378814038025,0.4927328234064856,0.489135558501677,0.24860468584288,0.4040610726430347,0.4199736334144426,0.2383841733070174,0.2786324336038945,0.4700559529418478,0.4228020535015441
POLG_DEN26_Suphatrakul_2023,16897,0.15570514067930305,0.14616145622524876,0.5160087589512932,0.20346165851686515,MSA_Potts vs ESM_Masked,ESM_Masked vs AR_PLM,0.24821640196421246,Evo_Conservation vs MSA_Conditioned,0.8918813623711602,0.1311524357571999,0.532348313135751,0.10906316243514745,0.6504742589583856,0.09582770479611002,0.6898171736648039,0.18746979955339982,0.34272618103893454,0.13449470018141085,0.5657737651216677,0.101418607660969,0.625548212866632,0.1404716626250664,0.43554043845054813,0.13466643300646203,0.5141233713297365,0.08980030382668193,0.6690084126905366,0.08764790685056599,0.6367266280759064,94.0,91.0,Virus,OrganismalFitness,Viral replication,900,0.55,10676,1.0,Low,1-900,POLG_DEN26,Dengue virus type 2 (strain Thailand/16681/1984) (DENV-2),0,0.6303308371280897,0.4881625275386489,0.5401983408953511,0.6653167698286612,0.6734573223354977,0.0782226559214495,0.4996298258517285,0.6217439257448721,0.3369800112919327,0.3198467532999604,0.6303425348049894,0.5362605880165803
POLG_HCVJF_Qi_2014,1630,0.14724287848847492,0.17116072679884106,0.4644171779141104,0.33613070003976253,MSA_Potts vs ESM_Masked,Struct_PLM vs CNN_RNN,0.3927980027088402,MSA_Conditioned vs xTrimoPGLM,0.8305513554882114,0.14069830755140703,0.5463449207387722,0.09903407479895115,0.6419742814454776,0.09535011981381811,0.695013059093017,0.14696411858431505,0.45605141067269245,0.12187750134868958,0.5351422416187906,0.1007078550190071,0.6243784598068939,0.11106926618741139,0.5674854630282811,0.12369293788500382,0.5034041891102787,0.10283617499090418,0.6525952295254883,0.11365839888591969,0.5198273460503957,90.0,100.0,Virus,OrganismalFitness,Viral replication,3033,41.97,16556,1.0,Medium,1994-2079,POLG_HCVJF,Hepatitis C virus genotype 2a (isolate JFH-1) (HCV),0,0.7040632013621507,0.5995486095050971,0.551576965938947,0.6069657734907284,0.6724827206386926,0.3660829023880217,0.4532126060718131,0.605530955797556,0.5899285081362524,0.4736632051257495,0.7128221839506087,0.4770382814761182
POLG_PESV_Tsuboyama_2023_2MXD,5130,0.16993759657909716,0.12801882054841976,0.6179337231968811,0.11809157108122659,Evo_Conservation vs AR_PLM,MSA_Potts vs AR_PLM,0.14575084788060247,MSA_Potts vs MSA_Conditioned,0.8825992023337159,0.16220313309445009,0.4760208461209933,0.12120598044095873,0.5792622682820204,0.12158433554104017,0.5912244645557224,0.1663112296661081,0.46616647813739615,0.1891597363924576,0.35701840726112394,0.1140451762935604,0.5313951900511207,0.1580474891292921,0.4412081175390352,0.13580504922692263,0.555631024967344,0.10110189143351485,0.6276363304926982,0.08024358745394278,0.6350587703235662,98.0,73.0,Virus,Stability,Stability,53,262.74,20190,0.887,High,1-53,POLG_PESV,Porcine enteric sapovirus (isolate Swine/United States/Cowden/1980),4135,0.627259793799231,0.7590951641408005,0.4530085360241256,0.5981211377991916,0.5508140597183702,0.1942892303010527,0.0510555611004687,0.303175471811262,0.6126063949651461,0.7921533254874689,0.7582058675964221,0.4603062226816943
PPARG_HUMAN_Majithia_2016,9576,0.10595545900143663,0.11619508163891475,0.12019632414369257,0.6435608972281726,MSA_Potts vs Inverse_Folding,Evo_Conservation vs Inverse_Folding,0.6936064481526567,MSA_Conditioned vs ESM_Masked,0.9308248634571462,0.09543078454920835,0.7982673553530373,0.07748073125064123,0.8410107639981454,0.057516542170542855,0.8705726135858749,0.06972168612494757,0.8475967305220241,0.09471190311304578,0.7949323406497251,0.08255414931438872,0.8266348563479239,0.11842042304080075,0.7091263889577138,0.0841445697751759,0.808641928085622,0.06892106802965364,0.8459497381285579,0.07186542345897697,0.8395353818703839,33.0,49.0,Human,Activity,Expression of CD36,505,6.24,39993,0.8,Medium,2-505,PPARG_HUMAN,Homo sapiens,0,0.7258101144652439,0.5384261309564882,0.6337623976906419,0.7079070640978615,0.6454575038739323,0.6833437702865577,0.6276890197756403,0.7108573992182368,0.6277658750654634,0.6397210658611088,0.7317178373855842,0.6192640713766624
PPM1D_HUMAN_Miller_2022,7889,0.10015253915512438,0.10390402876105831,0.09354797819749018,0.6789845540286935,MSA_Potts vs Inverse_Folding,Inverse_Folding vs CNN_RNN,0.683962387667303,MSA_Conditioned vs xTrimoPGLM,0.9392597729318652,0.09328758309262314,0.8089262065515471,0.06470624605204411,0.8716168974879804,0.05680997596242875,0.8865317169205488,0.06507782167908029,0.8688298877787832,0.0803101477244025,0.8491293294972888,0.06815495836694248,0.8591923342146915,0.11494285360044552,0.7392425142137702,0.08232732190794717,0.8304666906726765,0.06108541452292251,0.8732749591835453,0.08602625306209857,0.8095902483048343,20.0,19.0,Human,OrganismalFitness,Fitness with GFP reporter,605,0.56,1844,0.993,Low,2-421,PPM1D_HUMAN,Homo sapiens,0,0.6440117591911436,0.5754407147477418,0.5780362584130841,0.6251761103675718,0.6091842587804855,0.6313197575697608,0.5802104970154092,0.5874608041276153,0.5615059336135432,0.6233569242023784,0.6431964477365204,0.5242200104485324
PR40A_HUMAN_Tsuboyama_2023_1UZC,2033,0.09681244175789984,0.09931149832043831,0.09345794392523364,0.618936641862674,xTrimoPGLM vs Inverse_Folding,MSA_Potts vs Inverse_Folding,0.7070985164138198,Struct_PLM vs Struct_MSA_Hybrid,0.9702411987243647,0.07500026412851662,0.8477394814076913,0.055507466691377814,0.8873625928006148,0.04624351584654157,0.9039858694775474,0.05039239819579657,0.8892186192685022,0.08305716781483938,0.8391738948195147,0.09033700137274243,0.8101335776091505,0.11044099622985777,0.7470874885697341,0.053262164610214456,0.8916008151646757,0.059584296394294925,0.8845810796376558,0.10541823157772148,0.773430635691203,14.0,12.0,Human,Stability,Stability,63,56.72,63560,0.857,Medium,1-63,PR40A_HUMAN,Homo sapiens,870,0.8267814651726814,0.8580743209634669,0.7386879608788389,0.8075674954513865,0.7974978740800439,0.7899440854689687,0.721807842789591,0.6823131402474423,0.7734718511932506,0.8516928435417367,0.8624918111813804,0.6278314213357618
PRKN_HUMAN_Clausen_2023,8756,0.11027824933081068,0.11762860706158225,0.15497944266788488,0.6334525462912788,Inverse_Folding vs CNN_RNN,MSA_Potts vs Inverse_Folding,0.6742244859425982,MSA_Potts vs Struct_MSA_Hybrid,0.9190018998995088,0.0933690695368115,0.7977474067195419,0.07638879294794779,0.8298554858086119,0.06003093451879468,0.8595982874825618,0.08253391152851623,0.8131201413826409,0.1001434809817461,0.7805349343923458,0.07996014245194995,0.8073172900367012,0.11791175515714152,0.7010850572051065,0.08399205412488192,0.8027948695801401,0.0668908245596937,0.8466247826060626,0.09594903593440994,0.7632538776529096,43.0,55.0,Human,Expression,protein stability,465,0.37,1457,0.998,Low,1-465,PRKN_HUMAN,Homo sapiens,0,0.7113612044841111,0.6801710525774752,0.6238521681474417,0.660561363344658,0.6515722268442593,0.618356334592791,0.6275259504820498,0.5916041731912015,0.6617801515808901,0.7023282982074922,0.7125573303052868,0.5983217231922335
PSAE_PICP2_Tsuboyama_2023_1PSE,1579,0.09084718713204872,0.08871983608131406,0.09816339455351489,0.7173651703407948,MSA_Potts vs Inverse_Folding,Evo_Conservation vs Inverse_Folding,0.7427451523696557,Evo_Conservation vs MSA_Conditioned,0.9344189008514852,0.08714893586299918,0.8353339712906451,0.06437793217743491,0.8725378997391389,0.06359232821857173,0.8791495091964853,0.04921912215198344,0.895360106114267,0.08854219601447809,0.8243424253894082,0.05836828449395786,0.8794438338588599,0.1040631852275813,0.7875687139595502,0.06732634350229279,0.8594532498704106,0.05368833845852313,0.8890044511136872,0.07085218262761869,0.8594573627520611,6.0,4.0,Prokaryote,Stability,Stability,68,1.85,1785,0.868,Medium,1-68,PSAE_PICP2,Picosynechococcus,360,0.6616887422451354,0.7313290415307055,0.5770330350475613,0.5829717525520741,0.5503802531529441,0.6632040728871029,0.5074485708973583,0.5942364019763129,0.6920903139855082,0.7382260829951176,0.7021378639244564,0.5823058133296172
PTEN_HUMAN_Matreyek_2021,5083,0.11759227655399081,0.11669096111631781,0.22211292543773362,0.5014511017889165,AR_PLM vs Inverse_Folding,xTrimoPGLM vs Inverse_Folding,0.517782173582853,Struct_PLM vs Struct_MSA_Hybrid,0.9500078152300558,0.10008626941631144,0.762248811055487,0.07586851884528358,0.8092230854163839,0.060102096657225254,0.8467494026858895,0.06614539647813893,0.8361079614664336,0.14313549385402657,0.6300328008092918,0.10945930448514911,0.7090844437190866,0.12709629630719085,0.6519169760185046,0.071272249534377,0.8167283934458199,0.07010112298478867,0.8226760900252992,0.06893592207121635,0.8182775828372495,63.0,50.0,Human,Expression,Protein abundance (FACS sorting for abundance of GFP-fused target),403,3.72,19058,0.752,Medium,1-403,PTEN_HUMAN,Homo sapiens,0,0.5289681231212321,0.515784362702075,0.4100339586950793,0.4915592872099616,0.4838075259955565,0.4843950989463031,0.4294577221962288,0.4041730655243345,0.4842098372101404,0.532106267071375,0.5171804018376877,0.4814471870283969
PTEN_HUMAN_Mighell_2018,7260,0.11555428469640858,0.11599183879122994,0.20606060606060606,0.4843615633732146,AR_PLM vs Inverse_Folding,xTrimoPGLM vs Inverse_Folding,0.5357842919194057,Struct_PLM vs Struct_MSA_Hybrid,0.9507566146277422,0.09441737307965709,0.7831664470556147,0.07231962563273608,0.8207549764850844,0.05980104007771175,0.8503820509330595,0.06428013480661865,0.8419596851537241,0.14094057782938324,0.6397476623735254,0.10795321104862803,0.7188904013725861,0.12568726141960554,0.6631106285200303,0.07205904714563617,0.8180031164264303,0.07044153721032008,0.8261325258895167,0.06941701702727249,0.8218004252789955,59.0,48.0,Human,Activity,"growth (surrogate for enzymatic activity/hydrolysis of lipid phosphates to restore PIP2, which affects proliferation rate)",403,3.72,19058,0.752,Medium,1-403,PTEN_HUMAN,Homo sapiens,0,0.5624307507068199,0.5236070950584122,0.53686452354792,0.5407315779262463,0.5532013976552664,0.543630371949634,0.3646665070641831,0.4242286722708653,0.4478174817911922,0.5636608042701768,0.568535925919761,0.5095817531200453
Q2N0S5_9HIV1_Haddox_2018,12729,0.13639038505253834,0.140441499319995,0.3598868724958756,0.3433902426258698,MSA_Potts vs Struct_PLM,MSA_Potts vs Inverse_Folding,0.3749545074655838,Evo_Conservation vs MSA_Conditioned,0.9179578905397001,0.11934170850315,0.653670589630595,0.09422143067728879,0.7280224061047204,0.07245270262584719,0.779144875319336,0.09102739619683721,0.7053187544676593,0.10046711326303466,0.7126396685729594,0.1013070129686654,0.6846714260110539,0.14776277494871995,0.4745865150784651,0.158516469853194,0.4846859681377349,0.09645673763783423,0.7092330616306939,0.07742734763057821,0.7522481115142388,84.0,88.0,Virus,OrganismalFitness,Viral replication,860,42.86,75014,0.976,Medium,30-699,Q2N0S5_9HIV1,Human immunodeficiency virus 1,0,0.5746801002362096,0.5910893582336403,0.446008195753492,0.5405806507104168,0.53529418248259,0.4559942347246641,0.4846912976787143,0.4113329111417161,0.3914501826988662,0.3936761591820684,0.6480321847329946,0.503852649570597
Q53Z42_HUMAN_McShan_2019_binding-TAPBPR,3344,0.1092379601693297,0.11635160897970034,0.1492224880382775,0.5551083237338585,xTrimoPGLM vs Inverse_Folding,AR_PLM vs Inverse_Folding,0.5640663671539388,MSA_Conditioned vs ESM_Masked,0.9625768608472925,0.08737288583232222,0.8145384180152214,0.07798793859649121,0.8218851356075558,0.05899477533137977,0.867104944975547,0.06240915732335951,0.8493865862840518,0.09753444181966987,0.7797428217857149,0.08137168000198408,0.8073827747342831,0.14118098698995749,0.6142870487551684,0.0761907201977595,0.8157748443558677,0.08829607397476401,0.8023696900494692,0.0680174726759537,0.8383971745941179,41.0,49.0,Human,Binding,binding affinity (TAPBPR),365,13.24,41636,0.986,Medium,26-205,Q53Z42_HUMAN,Homo sapiens,0,0.3916374823985007,0.4537077796240557,0.3583803562784796,0.3500551863260894,0.3508459674636428,0.354762972150503,0.3167677374522109,0.2906895106878717,0.3606224263336108,0.4269870897591937,0.4194804781582923,0.3333530912227039
Q53Z42_HUMAN_McShan_2019_expression,3344,0.10933077434079709,0.11680630916209526,0.14623205741626794,0.5527318047716233,xTrimoPGLM vs Inverse_Folding,AR_PLM vs Inverse_Folding,0.5554310412794756,MSA_Conditioned vs ESM_Masked,0.9605446482630675,0.08732272934742795,0.8146089032619537,0.07790399370340269,0.8215608260797663,0.05935446463660784,0.8668932631966773,0.06236901961569867,0.8493628410370504,0.0979292758388468,0.7789341006312444,0.08144120035980557,0.806872721075335,0.14092163152076037,0.6126612949633452,0.07618357798108255,0.8154000158938646,0.08847340722606321,0.8024817620266665,0.06765332693753195,0.8388505530304743,42.0,51.0,Human,Expression,surface expression,365,13.24,41636,0.986,Medium,26-205,Q53Z42_HUMAN,Homo sapiens,0,0.6285862248868389,0.635875329820551,0.5372774379887869,0.5959035710298447,0.5850265805143787,0.5748114156946476,0.5315210579813336,0.5172115555341311,0.4875679004702272,0.6641172724426924,0.6725848888227886,0.5538734798173707
Q59976_STRSQ_Romero_2015,2999,0.09663870065266104,0.10384776101697986,0.08802934311437145,0.6310012651024891,MSA_Potts vs Inverse_Folding,xTrimoPGLM vs Inverse_Folding,0.6540027658354806,MSA_Conditioned vs Struct_MSA_Hybrid,0.9477984332206856,0.07692008632568902,0.8510927118025403,0.07112661724928279,0.8611521950722882,0.04340253390380247,0.9017974599148987,0.06980120786436796,0.8605277808604108,0.07385945735755793,0.859184656316571,0.07839784540828937,0.8375543694325838,0.1331146505320602,0.6750554536382974,0.06904884711487135,0.8534613349194546,0.05562248288238645,0.8837044270554263,0.05843717755127372,0.8751231261063518,14.0,19.0,Prokaryote,Activity,Enzyme function,501,27.97,105913,0.882,Medium,2-501,Q59976_STRSQ,Streptomyces sp,0,0.6981674457473583,0.602376159690331,0.6572468053785481,0.6933451323306729,0.6808627553869296,0.6156727640715638,0.6810887744712238,0.6649135342328162,0.506238652367148,0.6423288074457617,0.6748760516125072,0.6636034879125122
Q6WV12_9MAXI_Somermeyer_2022,31401,0.1658433944624439,0.13977640539841393,0.5367344989013089,0.10276120181096815,Evo_Conservation vs xTrimoPGLM,Evo_Conservation vs AR_PLM,0.14403043793919093,ESM_Masked vs AR_PLM,0.9302085877321904,0.13723811389496118,0.5003962868443529,0.14849135535693697,0.4928254375236101,0.12563598891867817,0.5602940721245866,0.16339525256069612,0.4636274445350483,0.16032896102707195,0.44287298133220604,0.1473634748465957,0.4155370599883419,0.15458869427638453,0.4023977829432048,0.10694311743405618,0.5571620551998504,0.11022920540624158,0.5770582116875606,0.08793048312750597,0.5776318551226035,97.0,88.0,Eukaryote,Activity,Fluorescence,222,0.44,506,1.0,Low,2-222,Q6WV12_9MAXI,Pontellina plumata,30260,0.3102815922977777,0.3136774625743248,0.3639062673877857,0.4404881795672428,0.4266626498050148,0.0083714871350706,-0.0088350794333396,-0.029676196065568,0.2457375473303458,0.2443872181890002,0.4410631496276759,0.1932132842681095
Q837P4_ENTFA_Meier_2023,697,0.11945770112810718,0.12911273353507838,0.19655667144906744,0.4694473843517029,AR_PLM vs Inverse_Folding,Inverse_Folding vs CNN_RNN,0.5091506580850739,Struct_PLM vs Struct_MSA_Hybrid,0.9559995900033766,0.09393877017510996,0.7732508581680363,0.09004341212287134,0.7712267972989568,0.06793966353031745,0.8269553277660437,0.08174906873551814,0.8114626724040765,0.12613036536306793,0.6797314535621839,0.0912232996918542,0.758233073688735,0.13371866995739753,0.5974006343337515,0.07818820428055745,0.7951005055726438,0.07129379378864258,0.8115609003000503,0.10049697171796595,0.7163668608454091,67.0,75.0,Prokaryote,Activity,Drug efflux,589,90.8,343933,0.975,Medium,32-543,Q837P4_ENTFA,Enterococcus faecalis,0,0.5827342234323845,0.6280073044781468,0.5106791204561859,0.5474647435550786,0.5081533058013237,0.5436644330339672,0.488020698346033,0.5129347886345004,0.4017759286301028,0.6326258070176983,0.6268596961668114,0.4494433346651213
Q837P5_ENTFA_Meier_2023,747,0.10795255087132381,0.11700701409885095,0.12583668005354753,0.619288872249747,xTrimoPGLM vs Inverse_Folding,Evo_Conservation vs Inverse_Folding,0.6343333051805402,MSA_Conditioned vs ESM_Masked,0.9611373664810362,0.09032596248447605,0.8036900773612172,0.0891071052020069,0.7987963115561653,0.055927413357132236,0.8679288829524686,0.07267756135355045,0.8432616253241337,0.11457294296925916,0.7411631868378213,0.07988909378403096,0.8068609786714848,0.12180161968713767,0.6686863383264567,0.06758212382476507,0.8280640941943155,0.06063277354546849,0.8468826634608928,0.06707209620872304,0.8480844087468316,38.0,52.0,Prokaryote,Activity,Drug efflux,571,95.02,346355,0.993,Medium,25-523,Q837P5_ENTFA,Enterococcus faecalis,0,0.4400198669982055,0.5306661982189198,0.4363176656799252,0.3828667403583513,0.3715550249369925,0.3700129584627639,0.4886814625351179,0.3811004510044772,0.3443700904983801,0.4791028802634871,0.448772750764312,0.3343843307224804
Q8WTC7_9CNID_Somermeyer_2022,33510,0.1577733581512523,0.14506917997141028,0.5105043270665472,0.16489342384487302,Evo_Conservation vs ESM_Masked,Evo_Conservation vs xTrimoPGLM,0.17439103350396473,ESM_Masked vs xTrimoPGLM,0.8820183856326703,0.12922807108003498,0.5563458051691613,0.12963565095444754,0.5873331399632155,0.11399167002175845,0.6426791363673531,0.18073468468504572,0.40807417009987684,0.10981740481802757,0.5775203089606251,0.15978406789583693,0.3915850388291864,0.14225575256868234,0.475127039107838,0.10261975765981331,0.6049634266291051,0.10065645145485715,0.622861410720137,0.07843363577990398,0.6385979760954522,95.0,90.0,Eukaryote,Activity,Fluorescence,238,0.51,655,1.0,Low,2-238,Q8WTC7_9CNID,Aequorea macrodactyla,32309,0.308805579642117,0.3153370880786459,0.3239191117057347,0.383078039164081,0.3536698989880606,-0.0277413016883414,0.21619703939502,-0.0373352629746051,0.2458657860806023,0.2692237637122185,0.4305339622356195,0.2409948280323574
R1AB_SARS2_Flynn_2022,5725,0.1610012122877427,0.17105357625734546,0.5601746724890829,0.12267571406251086,MSA_Potts vs ESM_Masked,Evo_Conservation vs ESM_Masked,0.19055910482283583,MSA_Conditioned vs Struct_MSA_Hybrid,0.7974432145216995,0.1459881563407766,0.4481269825515728,0.1281725855723575,0.555438772484345,0.07617838561430941,0.6315086225629808,0.17665014371706617,0.33170659039611494,0.1438513966807142,0.4139859314826524,0.11718693998970271,0.4549060008461445,0.13605627047539137,0.4745281857457651,0.12431111433166162,0.5350336553705829,0.10528809849799456,0.607588530079283,0.10633946517673831,0.5240989833978217,96.0,99.0,Virus,OrganismalFitness,"FRET, Growth",306,1.14,182169,1.0,Medium,1-306,R1AB_SARS2,Severe acute respiratory syndrome coronavirus 2 (2019-nCoV) (SARS-CoV-2),0,0.549983231777076,0.4419458022424532,0.552597685954496,0.6291290672819538,0.5318658539972368,0.029558693217781,0.2576160817694229,0.2966856469159434,0.4511805068951496,0.3521676697456942,0.636873773572989,0.2937055171970179
RAD_ANTMA_Tsuboyama_2023_2CJJ,912,0.11321018906384683,0.12082246305904033,0.18201754385964913,0.45302010561474076,MSA_Potts vs Inverse_Folding,Evo_Conservation vs Inverse_Folding,0.49592223244973377,Struct_PLM vs Struct_MSA_Hybrid,0.9334783275323257,0.10343495113881195,0.7229502135407792,0.0994706303862727,0.7343324503344792,0.05562336488150199,0.8446936961226444,0.06185268544167437,0.829533277265615,0.09171503892223248,0.7850602405938198,0.07118752885503231,0.7974574672871345,0.13734233930953116,0.609381481533406,0.0731644191802606,0.8019377122313008,0.07288027726479943,0.8168012305817876,0.1009357045757669,0.7567453031370778,50.0,61.0,Eukaryote,Stability,Stability,54,777.81,423275,0.833,High,1-54,RAD_ANTMA,Antirrhinum majus,138,0.5425815175239209,0.6964965360947463,0.2940449693792888,0.5316459528968971,0.4951324333148253,0.4854913124754663,0.509010090697033,0.4516881997662539,0.5774662668134574,0.5956331590627186,0.5956227125475431,0.3523227319550277
RAF1_HUMAN_Zinkus-Boltz_2019,297,0.10901383438666731,0.11747653528857767,0.15151515151515152,0.5979843598252184,xTrimoPGLM vs Inverse_Folding,MSA_Potts vs Inverse_Folding,0.6079800314286388,Struct_PLM vs Struct_MSA_Hybrid,0.9333332951621175,0.10426033624686823,0.7782638610355076,0.07730050221632714,0.83120983462288,0.05012942745827145,0.8715239871531671,0.07034165070079773,0.8492804641942999,0.10074671140888874,0.7746395684192525,0.08514361724238267,0.8014225605332087,0.1293008649911007,0.671783180410864,0.06301057715199129,0.8552713464705133,0.07800791302474802,0.8249582084512329,0.08364528184954673,0.8129920588396798,40.0,54.0,Human,OrganismalFitness,Viral Replication,648,0.59,9685,0.972,Low,52-90,RAF1_HUMAN,Homo sapiens,0,0.4808751314184024,0.4033666261132312,0.423833960565614,0.4790532443598377,0.4413452242159729,0.4924972926261985,0.3901465903366218,0.4256545666707307,0.3534157997632399,0.470434799829174,0.4663526954457281,0.4209297719556633
RASH_HUMAN_Bandaru_2017,3134,0.10515563301357923,0.11168302652860675,0.12922782386726228,0.5614701838141998,xTrimoPGLM vs Inverse_Folding,ESM_Masked vs Inverse_Folding,0.5850957494275809,MSA_Conditioned vs ESM_Masked,0.9362258347469904,0.08293464831920104,0.8220257781740081,0.07789980597211663,0.8358480869157011,0.05564364844096906,0.8756706915612892,0.07354535423833433,0.8426250344219804,0.09109632541624094,0.8107877633996415,0.0917764750727859,0.7916840183470991,0.13521483908093254,0.6452210776520239,0.05976833942241239,0.8573668753613445,0.07829465943443444,0.8353254653438453,0.06262096198896976,0.8511155940450427,30.0,36.0,Human,Activity,C-Raf binding and GEF,189,125.77,204751,0.862,High,2-166,RASH_HUMAN,Homo sapiens,0,0.5052376998604127,0.5889076480187673,0.4796610371753104,0.435328045916834,0.4975364307156362,0.4499730778367241,0.4223241188205405,0.3607656380789087,0.3944539901015024,0.5423071497287131,0.5474798959491862,0.4587913252781137
RASK_HUMAN_Weng_2022_abundance,26012,0.10555608928677153,0.11617105667409962,0.1189066584653237,0.575744264085868,ESM_Masked vs Inverse_Folding,MSA_Potts vs Inverse_Folding,0.5831553165681526,MSA_Conditioned vs ESM_Masked,0.9513531852127513,0.0869802766009485,0.8077501233636173,0.08689668918071201,0.7965945068397784,0.057891741888536574,0.8730451182702175,0.0743104716937207,0.8406731383335351,0.09177141512112522,0.8001972027790543,0.0721054436685901,0.8321341142266081,0.1325981858548636,0.6507621503066633,0.05692581246898771,0.8610254395722543,0.07347062788229443,0.8390927718271798,0.0733444791667578,0.811341497153388,31.0,48.0,Human,Expression,Yeast growth,188,146.37,260539,0.888,High,2-188,RASK_HUMAN,Homo sapiens,22946,0.358205367298348,0.3618244118966377,0.3307873782326364,0.3269440515683701,0.330914784879445,0.2451850356436516,0.3742541208861433,0.2975392807900255,0.4203931977078824,0.36375288821221,0.3392876748387154,0.2530388886894201
RASK_HUMAN_Weng_2022_binding-DARPin_K55,24873,0.1045936936484437,0.11511612716452814,0.1154665701764966,0.5851008639508267,ESM_Masked vs Inverse_Folding,MSA_Potts vs Inverse_Folding,0.5905922932298328,MSA_Conditioned vs ESM_Masked,0.9522813082483856,0.08653068829418115,0.8111184375390755,0.08585877574903303,0.8032322012995108,0.05782752924342924,0.8753390076184799,0.0730672675956372,0.8452627294760229,0.09019629767598498,0.8062326323826929,0.07177686534271756,0.8355120595650193,0.13219741650562114,0.6575955814135109,0.05679708642979548,0.8634309418254236,0.07295220100856695,0.8421339968778221,0.07247601643524489,0.8148916445513346,28.0,45.0,Human,Binding,Yeast growth,188,146.37,260539,0.888,High,2-188,RASK_HUMAN,Homo sapiens,21789,0.6624293516245051,0.6712206514925108,0.5909722737531617,0.6099386438097095,0.6620244020702153,0.6336454704417523,0.526704407419973,0.6072274713119988,0.4637964823441449,0.6801384765899111,0.6739427038255611,0.6034418327759566
RBP1_HUMAN_Tsuboyama_2023_2KWH,1332,0.11417226580394942,0.1216320980439789,0.17417417417417416,0.5538566399506983,MSA_Potts vs AR_PLM,MSA_Potts vs Inverse_Folding,0.6200530221709892,Evo_Conservation vs MSA_Conditioned,0.9365988034355069,0.10313816068320572,0.7306729186725764,0.08940389338287236,0.8039116219941734,0.07634795080365651,0.8164116113719141,0.07036432077723369,0.8411854055432101,0.12338706950193437,0.6722656980007732,0.10022907667427186,0.7393322356496954,0.10689354895435978,0.7455011366404012,0.07896667312958604,0.8100863740234217,0.058243002762522283,0.8513486827442498,0.07647277532788042,0.7971024687839412,53.0,62.0,Human,Stability,Stability,52,976.49,135922,0.827,High,1-52,RBP1_HUMAN,Homo sapiens,357,0.4814363324564804,0.5186893307890499,0.2628264714135011,0.3986735208143359,0.3147050749167085,0.5112238879227298,0.3490572339141357,0.4132309285048731,0.5697676293376536,0.5475065385668426,0.5141414353268017,0.3852761938931222
RCD1_ARATH_Tsuboyama_2023_5OAO,1261,0.10694351230455809,0.10895051982650607,0.14432989690721648,0.5857045847750567,MSA_Potts vs AR_PLM,Evo_Conservation vs AR_PLM,0.5942203584370953,Struct_PLM vs Struct_MSA_Hybrid,0.9488263606095555,0.08832405416527002,0.7869639934775609,0.08043641542582819,0.8280930314442335,0.06248404995594676,0.8517961483586224,0.05320463033945215,0.8612167983932241,0.1343612215674153,0.6672948860559004,0.09738344859709838,0.7690268847558475,0.09710087052075492,0.7736893440175346,0.06670333054318926,0.8498498613841213,0.06225058763871847,0.8578567357478943,0.07947881534382185,0.8150660312985272,36.0,31.0,Eukaryote,Stability,Stability,57,28.23,6525,0.93,Medium,1-57,RCD1_ARATH,Arabidopsis thaliana,273,0.517289969023839,0.6137688589450644,0.3408395679841969,0.4542995684002137,0.4394198922076344,0.5344202519850321,0.408636136182158,0.3933868764372522,0.5564585525012565,0.585488305636512,0.5550239906072716,0.3941838966023347
RCRO_LAMBD_Tsuboyama_2023_1ORC,2278,0.11880623373798414,0.11312393492099863,0.22344161545215102,0.38293657692131444,MSA_Potts vs AR_PLM,AR_PLM vs Struct_MSA_Hybrid,0.4120672559603924,Evo_Conservation vs MSA_Conditioned,0.9566711954461902,0.0973896848454109,0.7769979545344925,0.07843870175538667,0.8106994130871762,0.06040749873521409,0.8416205582655972,0.06774423986045089,0.8347840505631349,0.1678679820440225,0.5164915971138704,0.0798209605281448,0.7847484939594852,0.1208878720070052,0.6729642039587531,0.06520902819476958,0.8246119646588715,0.07512907368338291,0.8167895135290308,0.09071992719355244,0.746700133007927,66.0,41.0,Virus,Stability,Stability,63,803.73,392895,0.762,High,1-63,RCRO_LAMBD,Escherichia phage lambda (Bacteriophage lambda),1083,0.6719196656975008,0.7897560851935159,0.5852329093993652,0.6299263734147783,0.6334165427615641,0.5766221810363278,0.3043426472972513,0.5372557176448877,0.7660023966570294,0.7211260322314909,0.7421805518948551,0.5063539989560693
RD23A_HUMAN_Tsuboyama_2023_1IFY,1019,0.09099323976988549,0.10166607789974438,0.0971540726202159,0.662504099954247,MSA_Potts vs AR_PLM,AR_PLM vs Inverse_Folding,0.7275300596267621,Struct_PLM vs Struct_MSA_Hybrid,0.9538628759800007,0.09285550336861009,0.8083213752980934,0.06968360072588756,0.8712783646608265,0.04041664379408189,0.9131715621652658,0.05757461358172479,0.8889847974000141,0.09396073876683222,0.8075886025367668,0.07132419906628491,0.857453139155893,0.09277370779526581,0.8187488417453578,0.052371798761060295,0.899007896377015,0.05859461850615217,0.8879701171616948,0.0695139102232589,0.8692164014819794,6.0,14.0,Human,Stability,Stability,44,182.36,100991,0.864,High,1-44,RD23A_HUMAN,Homo sapiens,221,0.5770438885412101,0.6481412392554864,0.4465581354543247,0.5169306894901246,0.5327119084731986,0.540191949443279,0.4891146329679838,0.5549362339312285,0.5880252783040708,0.5557315956608557,0.639405454093984,0.5484860667367972
RDRP_I33A0_Li_2023,12003,0.15380750768576346,0.16634589103920752,0.5126218445388653,0.2781480550995752,MSA_Potts vs Inverse_Folding,xTrimoPGLM vs Inverse_Folding,0.2902797752860982,Evo_Conservation vs MSA_Conditioned,0.8610506931237476,0.1364179294998702,0.5201125221731439,0.10717310258372256,0.6227683428125689,0.11323283969754319,0.6329228956191941,0.14469252455555054,0.43230992636889815,0.13652151589464312,0.5570112849125857,0.11786824693569264,0.5101629627263287,0.1444712192498128,0.408432853693804,0.12001172830178276,0.5347010775421155,0.09414783732672644,0.622435256354272,0.10156752794361325,0.5778626045276538,94.0,98.0,Virus,OrganismalFitness,Viral Replication,757,1.52,26589,1.0,Medium,1-757,RDRP_I33A0,Influenza A virus (strain A/Wilson-Smith/1933 H1N1),0,0.5344598446966441,0.3205823102173708,0.459322946244084,0.5529904842920106,0.5769152800507916,0.1958442325627165,0.435909215853214,0.4238402477548357,0.2129843919485415,0.3190676868080722,0.4771996396521631,0.4154163869844806
REV_HV1H2_Fernandes_2016,2147,0.12539368935815093,0.13626699794812577,0.2603632976245924,0.3584773324191334,MSA_Potts vs Inverse_Folding,MSA_Conditioned vs Inverse_Folding,0.40286646177860413,MSA_Potts vs MSA_Conditioned,0.8876560818850348,0.12049267808469943,0.6847611146114391,0.0823832129796692,0.7788691853954808,0.09642574890842151,0.7583909769847462,0.06625596661235258,0.8014545252611159,0.12031628568352183,0.6763550238105922,0.083220095240182,0.7493773328069891,0.14673825191391865,0.5465261820989538,0.10568699716902959,0.7089710203069025,0.07879865009519607,0.7707624988453554,0.07056234053690888,0.7777972649259367,75.0,85.0,Virus,OrganismalFitness,Viral replication,116,104.82,15839,0.948,High,1-116,REV_HV1H2,Human immunodeficiency virus type 1 group M subtype B (isolate HXB2) (HIV-1),0,0.3394808663463867,0.3297788209507633,0.2073135849280669,0.334953271411282,0.2527721145673167,0.3421849861258837,0.2624517893988876,0.2426399687372553,0.2915785938465189,0.3268792244193718,0.3825376620240466,0.2954677204757442
RFAH_ECOLI_Tsuboyama_2023_2LCL,1326,0.12086256695408158,0.12486202046641116,0.22021116138763197,0.30779528142394696,xTrimoPGLM vs Inverse_Folding,AR_PLM vs Inverse_Folding,0.32361884934623175,Struct_PLM vs Struct_MSA_Hybrid,0.9256905195361891,0.0952440534553923,0.7748035041747366,0.08468219248096809,0.8036805672670376,0.06822256574053222,0.8378389658619853,0.06816597621761315,0.8298371666368526,0.10398450906835256,0.7275524867966733,0.1118671926364234,0.6884414055747377,0.16976350698070153,0.5010390813070998,0.07635602525807476,0.798152968435541,0.06374539605841177,0.8342784355118407,0.07642414122318301,0.7904917074413539,69.0,68.0,Prokaryote,Stability,Stability,55,258.65,86049,0.927,High,1-55,RFAH_ECOLI,Escherichia coli,357,0.3242614056401761,0.4460337675417294,0.2333971685374773,0.2697472827870858,0.2638942505764452,0.2812359938699128,0.1544444290721867,0.3013518327436941,0.3501587202357228,0.4108990125334369,0.3724020095238424,0.2614722152754407
RL20_AQUAE_Tsuboyama_2023_1GYZ,1461,0.09579088300869151,0.1018512624496409,0.08624229979466119,0.6931729915980898,MSA_Conditioned vs Inverse_Folding,AR_PLM vs Inverse_Folding,0.6942010861235526,Struct_PLM vs Struct_MSA_Hybrid,0.9591616759774615,0.07752787003110613,0.8471547529223232,0.06867601677378672,0.8602423654016071,0.06833412898412962,0.8588780999052784,0.05144000301082382,0.8983763549232654,0.08405258135197545,0.8387150872392468,0.08811466366458798,0.8224562832648473,0.10937896605374227,0.753938502353722,0.0643989916238819,0.8726534282514565,0.05243788497122617,0.8918101970854965,0.06805241082191274,0.8719527543311638,12.0,15.0,Prokaryote,Stability,Stability,59,1816.95,397758,0.814,High,1-59,RL20_AQUAE,Aquifex aeolicus,340,0.7147482126879098,0.8034095050318163,0.6168647405426004,0.6737232798054544,0.5924957407908524,0.6903052868334613,0.5436730739710889,0.5845119267413228,0.801506662216449,0.7872458059601691,0.7659224423823301,0.5911701017083341
RL40A_YEAST_Mavor_2016,1253,0.12362333303142808,0.13390259811768557,0.2266560255387071,0.28313654916387104,xTrimoPGLM vs Inverse_Folding,AR_PLM vs Inverse_Folding,0.457909178140081,MSA_Conditioned vs ESM_Masked,0.9315238861862055,0.10522546898351115,0.7434425788071413,0.0824450050923275,0.7811921004364923,0.06330810842485615,0.834408573380797,0.07283304320760793,0.804350433627998,0.09200032186652009,0.7665192519144282,0.11944235139204085,0.6356294478096647,0.15587044405477932,0.5117051571406902,0.08045089762755077,0.7714342470446396,0.09684044274056179,0.7357445423998092,0.07576047865543022,0.7919748447179695,70.0,82.0,Eukaryote,OrganismalFitness,Growth,128,30.52,16228,0.695,Medium,2-76,RL40A_YEAST,Saccharomyces cerevisiae,0,0.4669933830002651,0.6156384027949435,0.4080508033668716,0.3814520735097514,0.4406401391663536,0.4485054316815879,0.4822703659658673,0.3471792423543502,0.094336026175845,0.5817583626281234,0.4947589275674017,0.4081735152303314
RL40A_YEAST_Roscoe_2013,1195,0.12529416115209474,0.1349649138231592,0.2510460251046025,0.2650459967388705,xTrimoPGLM vs Inverse_Folding,AR_PLM vs Inverse_Folding,0.45681839957806203,MSA_Conditioned vs ESM_Masked,0.9309304997466401,0.10661564048248455,0.735109166176505,0.0844614298302434,0.7722086305546063,0.06418029562974503,0.827836269816755,0.07196503329190082,0.7995878082368719,0.09087947806702731,0.7680700675235195,0.12024745131679533,0.6255554945476097,0.15881453989484312,0.4894142789285405,0.08171539947363199,0.7598041213718786,0.09877548829093795,0.7234399403149672,0.0814449326867527,0.7726485001149225,75.0,84.0,Eukaryote,OrganismalFitness,Growth (essential function),128,30.52,16228,0.695,Medium,2-76,RL40A_YEAST,Saccharomyces cerevisiae,0,0.5431622933683306,0.7103924416304949,0.4573595305940398,0.4737128935309309,0.5094821239325179,0.5123073054295489,0.550424692529278,0.3576402419663911,0.1535242563160986,0.675593610363312,0.5794350710984232,0.4425965659445484
RL40A_YEAST_Roscoe_2014,1380,0.1236927551176158,0.13340356318411556,0.2427536231884058,0.2871661856972088,xTrimoPGLM vs Inverse_Folding,AR_PLM vs Inverse_Folding,0.44190576239805995,MSA_Conditioned vs ESM_Masked,0.9284545941825,0.10527933557375903,0.7419267795880456,0.08308422600294055,0.7799042540739838,0.06246963173002871,0.8347511568841433,0.07362770426381013,0.80302744677162,0.09512402856542743,0.7549467720693204,0.11984474550164531,0.6330364562495322,0.15521256038647344,0.5152065686788923,0.07768054680389273,0.7769541483412734,0.0957456591752433,0.7393648989716257,0.07507144857522928,0.7923323797359756,71.0,81.0,Eukaryote,Activity,E1 reactivity,128,30.52,16228,0.695,Medium,2-76,RL40A_YEAST,Saccharomyces cerevisiae,0,0.4750730930709133,0.7046948213286599,0.3594266416744038,0.3885785063608278,0.4377027840471117,0.3962662898779706,0.4084640996174117,0.2545281883794391,0.3288055009495875,0.612277577780838,0.5680460426975669,0.3964748423899416
RNC_ECOLI_Weeks_2023,4277,0.10054352007591899,0.0985005225336807,0.12111292962356793,0.5182341308107098,xTrimoPGLM vs Inverse_Folding,AR_PLM vs Inverse_Folding,0.5776948656777193,MSA_Conditioned vs ESM_Masked,0.9672802256531171,0.07404944518301963,0.8551233718781579,0.06444052898467656,0.8701064270005123,0.04537495198228761,0.8969366500222596,0.06004869840178942,0.8772770639099474,0.09387427649532226,0.8102335498021034,0.08354455660133232,0.8232997620675498,0.1456212975840474,0.6164751896605187,0.06291250109993612,0.8657053423919465,0.06037281989654651,0.8732982205580601,0.06483868535963115,0.8671237571378616,21.0,12.0,Prokaryote,Activity,Fluorescence,226,70.7,66507,0.969,Medium,1-226,RNC_ECOLI,Escherichia coli,0,0.6294854328509742,0.5787580992145155,0.6120199338883305,0.6168989423021464,0.6174429904480032,0.6156158997161856,0.553432690765468,0.5700982692215593,0.385538004754191,0.6179613814421422,0.6046438396540676,0.5836563792524856
RPC1_BP434_Tsuboyama_2023_1R69,1459,0.07099252750133067,0.08060532017208695,0.0363262508567512,0.7906166037116152,MSA_Potts vs Inverse_Folding,Evo_Conservation vs Inverse_Folding,0.8481242413439717,ESM_Masked vs Struct_PLM,0.9749445912110856,0.06936675810043873,0.8802907540977416,0.05889722321005355,0.9087383571288525,0.03950499550347532,0.9337677959879098,0.04077405993038255,0.9353199050345419,0.05415884296425816,0.9179863901154958,0.05236430446835388,0.917526061736726,0.08807441478236211,0.8602451821353077,0.03848876369921092,0.9370139419624446,0.04014899367260759,0.9339806018675235,0.0564264443568576,0.9161746010095739,0.0,1.0,Virus,Stability,Stability,61,9091.45,820224,0.951,High,1-61,RPC1_BP434,Enterobacteria phage 434 (Bacteriophage 434),335,0.7692659286980088,0.7654206425737352,0.6942314145890773,0.7475205058814096,0.7267753373673986,0.7405811711671795,0.7350769709688614,0.7380490137587087,0.7807996838229703,0.755158857339389,0.7733388746536128,0.7092918681149721
RPC1_LAMBD_Li_2019_high-expression,351,0.10705353403276063,0.11157293431352476,0.1452991452991453,0.6197575363943106,AR_PLM vs Inverse_Folding,xTrimoPGLM vs Inverse_Folding,0.6245640609601021,MSA_Conditioned vs ESM_Masked,0.9484325260033758,0.09056447052648384,0.8211556862673818,0.08877850017451158,0.8056760418068741,0.061835537049212255,0.8706560749589909,0.0648825902387156,0.8622788755928625,0.0969502412047521,0.7859453622500657,0.09465209968533805,0.7895079200280194,0.12775410372751303,0.6807415821497012,0.06829111235568976,0.8462688339150649,0.058871004834917466,0.861598410307188,0.06907438521873469,0.8414693707901215,36.0,36.0,Virus,Activity,Repressor activity (FACS sorting for expression of GFP reporter),237,121.45,100755,0.886,High,19-77,RPC1_LAMBD,Escherichia phage lambda (Bacteriophage lambda),0,0.5184582135803878,0.5068681318681318,0.4535975235823979,0.4877263046603696,0.5091786927527908,0.5602268180052464,0.3838011103687133,0.4130207789561953,0.3547744569136278,0.5628677676044588,0.5368535229596593,0.4559379817721268
RPC1_LAMBD_Li_2019_low-expression,351,0.1056109508207738,0.11189252343256002,0.1225071225071225,0.6421577278995103,xTrimoPGLM vs Inverse_Folding,AR_PLM vs Inverse_Folding,0.6460546486740641,MSA_Conditioned vs ESM_Masked,0.9484325260033758,0.09057637519175979,0.8235760121919342,0.0902549492293082,0.8037550771930657,0.06088045822138889,0.8736888538942549,0.06440559194595281,0.8653226825399908,0.09663584981723633,0.7887583106567762,0.09514046152222791,0.791449073800768,0.11930557922960583,0.7070929240785039,0.06764988379423327,0.8497125405654257,0.05906337340335441,0.8637012304128121,0.06866448594843658,0.8449910203728445,31.0,38.0,Virus,Activity,Repressor activity (FACS sorting for expression of GFP reporter),237,121.45,100755,0.886,High,19-77,RPC1_LAMBD,Escherichia phage lambda (Bacteriophage lambda),0,0.5349594575479062,0.5936274836274835,0.4607095231038517,0.5684510052183368,0.5010837108173847,0.5406034919590554,0.4017084091113556,0.4070589402461723,0.3872409898303219,0.5921565297494477,0.5736808089504184,0.4646089263121822
RS15_GEOSE_Tsuboyama_2023_1A32,1195,0.10139554189518633,0.10094975131399991,0.13556485355648534,0.5973902051228303,xTrimoPGLM vs Inverse_Folding,AR_PLM vs Inverse_Folding,0.5995305283508141,MSA_Potts vs MSA_Conditioned,0.9583155944122737,0.0738298232407229,0.8350841258932254,0.07020533020547025,0.850970118778258,0.058105658747804365,0.8745238728257765,0.062037989530995596,0.8638060046710614,0.09059535605702514,0.8047508619158887,0.0815472651622579,0.8204002567427057,0.13360699801007217,0.6769432690009318,0.08603621551910273,0.812179377027612,0.06416393270425938,0.8596399135296913,0.06154759195392238,0.8603218524466124,23.0,13.0,Prokaryote,Stability,Stability,63,68.91,44428,1.0,Medium,1-63,RS15_GEOSE,Geobacillus stearothermophilus,0,0.4640043201130938,0.618524051387203,0.3257903842458747,0.4302815039046743,0.3696282587949095,0.400495346341726,0.3394410153406704,0.3709875010779793,0.6011005000564416,0.5361375407256115,0.5688541465372644,0.3406292092585969
S22A1_HUMAN_Yee_2023_abundance,9803,0.11287843790117469,0.12408902383123797,0.15689074773028663,0.570398414907135,Inverse_Folding vs CNN_RNN,MSA_Potts vs Inverse_Folding,0.5832717882774615,MSA_Conditioned vs ESM_Masked,0.9441548350782802,0.09591069715199765,0.7833653381284105,0.09298883194275591,0.7909923890681614,0.06008930974368267,0.854892714413697,0.07171288251865847,0.8397628451381439,0.09569960435201648,0.7857880300300857,0.08040944260471186,0.8009220794756979,0.12970693424514762,0.6445721768090276,0.07870626818417005,0.8078855785912671,0.05917106249811414,0.8450538510885113,0.10416957023196129,0.7297671552298768,49.0,67.0,Human,Expression,abundance,553,62.71,198790,0.807,Medium,1-549,S22A1_HUMAN,Homo sapiens,0,0.6902539561305675,0.6397456463316608,0.593829130686804,0.6149704793367684,0.6517799481440124,0.6611719537856314,0.6314654982721633,0.6066517532203635,0.5333182590154658,0.6882222905960926,0.6854660706602154,0.5307752624411756
S22A1_HUMAN_Yee_2023_activity,10094,0.1123019043514861,0.12345008962476825,0.15246681196750544,0.5675900117874735,Inverse_Folding vs CNN_RNN,MSA_Potts vs Inverse_Folding,0.5924408925166234,MSA_Conditioned vs ESM_Masked,0.9458211948276232,0.094243392213582,0.7899064624933646,0.0918694978515605,0.7947807651344764,0.05949193982351512,0.8570100001861017,0.0712616522579569,0.8419214591011055,0.09620396618657351,0.7859179702063807,0.0800872747236017,0.8032616106952338,0.1285316597394439,0.6458170654162816,0.07748139452687436,0.8118874847846846,0.05885424647177898,0.8469018145557512,0.10431896941748031,0.7313793973338937,48.0,65.0,Human,Activity,uptake of cytotoxic substrate,553,62.71,198790,0.807,Medium,1-549,S22A1_HUMAN,Homo sapiens,0,0.6534766906650936,0.5793640788992634,0.5711673197464765,0.6272714700323735,0.5973675701897079,0.6059507941489622,0.6013300084317116,0.5683185217544153,0.5062165849296303,0.6124334196628008,0.6598066920919817,0.5134674394573814
SAV1_MOUSE_Tsuboyama_2023_2YSB,965,0.11503553427257214,0.10537990078761417,0.18963730569948187,0.4683863975940265,AR_PLM vs Inverse_Folding,xTrimoPGLM vs Inverse_Folding,0.5029821387555485,ESM_Masked vs Struct_PLM,0.9403140302857647,0.1186621564784737,0.6788427628057184,0.07962064305976894,0.8187363829909291,0.07442619488666362,0.8153488712154959,0.0632832380287614,0.8473014460094814,0.09787706157659713,0.7723108073580537,0.10096041951909224,0.7473556932373412,0.14592699580301932,0.5940030533373556,0.06424483878761846,0.8418071201823067,0.05530850940069979,0.8538559701276469,0.07333891737585797,0.8196789010466685,56.0,23.0,Eukaryote,Stability,Stability,43,105.1,177542,0.791,High,1-43,SAV1_MOUSE,Mus musculus,286,0.5564286371785745,0.5343625698445622,0.3413644829820151,0.5222121134732159,0.490525114973138,0.5258537832010194,0.5121355762372657,0.442975794293704,0.4809920199092717,0.5307856720136003,0.561145135370544,0.5425771916191082
SBI_STAAM_Tsuboyama_2023_2JVG,1025,0.12982381503297208,0.137808371999932,0.2926829268292683,0.5225201414890474,MSA_Potts vs Inverse_Folding,xTrimoPGLM vs Inverse_Folding,0.5295070768739993,Struct_PLM vs Struct_MSA_Hybrid,0.9120208744180619,0.11801435653380925,0.6482379275397364,0.10378257386476304,0.7181827509991696,0.08969952805869522,0.7460790206730691,0.09218198691255206,0.7471910118209079,0.11282772952607574,0.6711513243521932,0.11581747372595678,0.6339470471280254,0.11530063850882412,0.6677292208078128,0.08743227443981756,0.7515529712041525,0.08709774340670236,0.7522600620211649,0.10325269879040254,0.677454404080128,79.0,86.0,Prokaryote,Stability,Stability,56,27.03,14476,0.875,Medium,1-56,SBI_STAAM,Staphylococcus aureus,0,0.5912585986286578,0.7035010496897731,0.3491637963898598,0.6100326368925935,0.4712873356014703,0.5219951220840765,0.3288203366875633,0.28453014461413,0.6893239100089891,0.6851392011935522,0.6911313317147616,0.363256187201837
SC6A4_HUMAN_Young_2021,11576,0.09319367652838326,0.09826798585342912,0.0669488597097443,0.6759566079349162,MSA_Potts vs Inverse_Folding,AR_PLM vs Inverse_Folding,0.6893420672745646,MSA_Conditioned vs ESM_Masked,0.9703655340279678,0.08631364188822063,0.8260799365435774,0.06424584881349413,0.8827272114210738,0.04345093380055201,0.910334450824506,0.05765210700729309,0.8948124705240477,0.08765953281794088,0.8430611309738943,0.07022543802546778,0.8676824921440603,0.11808401379177055,0.7437329039905124,0.0655001970491737,0.8748980195038794,0.057523030545049716,0.8890580105389918,0.051322373433218285,0.8988337186071066,8.0,11.0,Human,Activity,Fluorescence,630,8.81,40971,0.805,Medium,2-630,SC6A4_HUMAN,Homo sapiens,0,0.5818872862460862,0.5339920215989461,0.4876257239194546,0.5375477853476069,0.5730672422611683,0.5625891437510959,0.5199583479660599,0.534606060830537,0.5176056004855553,0.5911426292811338,0.5706546525744388,0.5716110786035503
SCIN_STAAR_Tsuboyama_2023_2QFF,1212,0.143803023724792,0.13229674254965199,0.40594059405940597,0.39934453740094344,Evo_Conservation vs xTrimoPGLM,AR_PLM vs Inverse_Folding,0.4268317819213529,ESM_Masked vs AR_PLM,0.9202657015781386,0.12450011709091703,0.6209184428688868,0.12108142538676309,0.6089492198084527,0.09269175679944233,0.6993607267898615,0.12288151669952471,0.660604567385736,0.1304229886685038,0.6183484550690365,0.1209519900009803,0.587491825237526,0.13476338557948203,0.5683184812531308,0.10090920189378673,0.6803594412267926,0.10109085165942337,0.6671771990210673,0.09572863226916752,0.6458459775237921,88.0,79.0,Prokaryote,Stability,Stability,70,163.66,38043,0.9,High,1-70,SCIN_STAAR,Staphylococcus aureus,0,0.4298295800249498,0.5134975581519203,0.2421891272618261,0.3485558706226432,0.2847315366976416,0.3154388413094436,0.1999226442277995,0.1474168514213353,0.5482006770736059,0.5855906701069282,0.5571959510430678,0.276394861787636
SCN5A_HUMAN_Glazer_2019,224,0.14373599151526545,0.13494886290428396,0.42410714285714285,-0.010641052333768664,MSA_Conditioned vs Inverse_Folding,Inverse_Folding vs Struct_MSA_Hybrid,-0.0021901340666498213,MSA_Potts vs Struct_MSA_Hybrid,0.9247992175922972,0.09288969494047619,0.6844101274008095,0.08467992665816326,0.7023574436800006,0.07983763818027212,0.7206062567320569,0.08808793048469388,0.6828067741490167,0.11768906781462585,0.6567742379093499,0.13124534970238094,0.5509081811302055,0.2142505048894558,0.08306995436287326,0.07574271896258503,0.7245658986966723,0.09544337266156463,0.6990037363482929,0.11291454081632654,0.598745108198701,88.0,83.0,Human,OrganismalFitness,"drug resistance (triple-drug assay: veratridine + brevetoxin + ouabain; surrogate for sodium channel dysfunction, select against function)",2016,26.58,49973,0.812,Medium,1621-1632,SCN5A_HUMAN,Homo sapiens,0,0.1713651653592007,0.1794939005117995,0.1666695138896448,0.1790435150040641,0.1544977620897155,0.1505593702253603,0.1140724855636725,0.1818840883387706,0.0738469291665205,0.1886419812420776,0.1675312396733279,0.0963561352484245
SDA_BACSU_Tsuboyama_2023_1PV0,2770,0.10780009030972598,0.09332309890695901,0.1379061371841155,0.4476748712854012,Evo_Conservation vs AR_PLM,AR_PLM vs Struct_MSA_Hybrid,0.46839729096331495,Struct_PLM vs Struct_MSA_Hybrid,0.9760671934277549,0.07395443704466369,0.8557647725247342,0.06702320721847889,0.8679742866401019,0.062447592609487075,0.8702104614843404,0.05506313128022001,0.8817876766642809,0.17613333072675696,0.5241639813299138,0.10050675754929687,0.8070422116054752,0.07881372101812872,0.8313510757672076,0.062360441727812604,0.8747999068372874,0.06170135150985937,0.872632978826137,0.0716448279007937,0.8360601531281119,38.0,6.0,Prokaryote,Stability,Stability,44,20.05,1953,0.886,Medium,1-44,SDA_BACSU,Bacillus subtilis,1936,0.5714099795057955,0.7218052384657704,0.6392367125903438,0.6334307429964903,0.5030286036790607,0.5440297022652456,0.0948644579438694,0.5564183837735946,0.5707947856051905,0.6754635513867144,0.6721151190233207,0.4198476082230422
SERC_HUMAN_Xie_2023,1914,0.09714767512936007,0.10280202754100266,0.08934169278996865,0.6283374831542616,Evo_Conservation vs Inverse_Folding,xTrimoPGLM vs Inverse_Folding,0.6286854501804848,MSA_Conditioned vs ESM_Masked,0.9657578154305206,0.08118275137786543,0.8419643518316524,0.08056677465390037,0.8386329559410135,0.04533917891122517,0.9011247154418225,0.060134485415536114,0.8808601031985723,0.07250660316274844,0.8587053190707036,0.07839706654699628,0.8388116093190602,0.13287754495191528,0.6639983754989448,0.06009659707368063,0.8731589747038659,0.059687723267336276,0.875066935135543,0.0604280017775856,0.8738353220672415,15.0,18.0,Human,OrganismalFitness,Yeast growth,370,117.4,232438,0.949,High,2-370,SERC_HUMAN,Homo sapiens,0,0.5876169203359923,0.4900863208661547,0.5396499819328201,0.5419297889626765,0.577013246417382,0.5736981141621789,0.5447676318040254,0.5533624316117198,0.4151136231813109,0.5803784786043452,0.5632328245731733,0.5470621374803053
SHOC2_HUMAN_Kwon_2022,10972,0.09440405230332105,0.11544656960334379,0.0540466642362377,0.6593441332954849,MSA_Potts vs Inverse_Folding,xTrimoPGLM vs Inverse_Folding,0.6839297939607438,ESM_Masked vs Struct_PLM,0.9459637079654686,0.09073398373446709,0.8197512295671379,0.07281267899548945,0.8611117497669474,0.051291741044837254,0.9002289258430116,0.05810687725009057,0.8830294999329702,0.07036987664487565,0.8515954527191452,0.08010034391057261,0.8381654601670111,0.11392089413337596,0.7412735817163798,0.06661518618499163,0.8611971018667067,0.05275045252673572,0.8884902237960252,0.06214246810460697,0.8728561418939438,10.0,47.0,Human,OrganismalFitness,Drug resistance,582,15.55,22163,0.777,Medium,2-582,SHOC2_HUMAN,Homo sapiens,0,0.4231871112626431,0.3498209396370564,0.3793152848658448,0.4291058776571467,0.4128125347845156,0.3977424894140948,0.3889627989825601,0.4047422641125454,0.3179135779039673,0.3897774898127804,0.4142515676951694,0.4222897812102074
SOX30_HUMAN_Tsuboyama_2023_7JJK,1010,0.11524602099873053,0.11040886231372707,0.2,0.5252801452990113,xTrimoPGLM vs Inverse_Folding,Inverse_Folding vs CNN_RNN,0.5719271277360922,ESM_Masked vs Struct_PLM,0.9509001104392814,0.09074420808417474,0.7784675952740485,0.09049599712446492,0.777486993020648,0.05553462078881156,0.8528197663567807,0.07034339770610724,0.8327733858643974,0.1013687546972519,0.7478055723061878,0.12136983302290624,0.6805171688228772,0.12259873215044276,0.6573196133227932,0.06738019148449498,0.8359690313983896,0.06820484919779106,0.8335823841554135,0.08806551645263537,0.7807692016871701,58.0,33.0,Human,Stability,Stability,57,262.24,158104,0.982,High,1-57,SOX30_HUMAN,Homo sapiens,0,0.3389263890200847,0.378917788788875,0.269896005846321,0.1998237025332233,0.2779561525865526,0.3147888827731331,0.302190063132526,0.1966872145944223,0.5181694027990584,0.3841184623060313,0.3917359072020083,0.2207662573323396
SPA_STAAU_Tsuboyama_2023_1LP1,2105,0.14391416697219472,0.12002472980661248,0.41330166270783847,0.21132704397095647,MSA_Potts vs ESM_Masked,MSA_Conditioned vs ESM_Masked,0.2239614635199864,MSA_Potts vs MSA_Conditioned,0.9406349698392575,0.1200565256722015,0.674909899261001,0.10636328313802489,0.701597192473378,0.10621312976869536,0.7000895643162638,0.1914504807954518,0.4100713133709939,0.121174273070753,0.6230070379658601,0.11387562320982918,0.63397910510446,0.12171827060330284,0.6232136072921555,0.08446009670448712,0.7367282950132085,0.10182428821021472,0.7105546112271173,0.05838871743370139,0.7503816338415279,89.0,59.0,Prokaryote,Stability,Stability,55,37.48,184804,0.927,Medium,1-55,SPA_STAAU,Staphylococcus aureus,1070,0.5400135914686289,0.6643174711832533,0.5267307933329598,0.5612749714206284,0.5288443814908548,0.0039791552057864,0.2226171461035462,0.2079402286327295,0.6390071500550294,0.6133423248612601,0.6862430029917668,0.4504886061403032
SPG1_STRSG_Olson_2014,536962,0.14323586715115186,0.1456321367132825,0.4046133618393853,0.23690416328737468,MSA_Potts vs CNN_RNN,MSA_Potts vs AR_PLM,0.2633834781110007,ESM_Masked vs AR_PLM,0.9276470976139588,0.15742096851378307,0.38343058229584065,0.12175634126478067,0.5983226086491292,0.08690389813584269,0.6959155218313806,0.10660934716630185,0.7079309488934195,0.11990799513846417,0.666101048751051,0.09148540893914173,0.6612134264126063,0.1181597909570694,0.6111490655964106,0.09097444373527419,0.714064032462228,0.12146480808935504,0.6231502858875123,0.11497502333917743,0.5799007209628385,88.0,91.0,Prokaryote,Binding,Binding (IgG),448,0.0,44,0.913,Low,228-282,SPG1_STRSG,Streptococcus sp. group G,535917,0.4241278122177369,0.7220983229929852,0.2621079087782864,0.4482163205357067,0.3216911066358213,0.2678541323851531,0.2337500431574948,0.2664156276547693,0.3384210737488488,0.5554227305369984,0.5811175848292458,0.1925352247830874
SPG1_STRSG_Wu_2016,149360,0.12367181485984095,0.1157601580023515,0.24311730048205676,0.4406176073604555,MSA_Potts vs Inverse_Folding,MSA_Potts vs CNN_RNN,0.5181873062039396,MSA_Conditioned vs ESM_Masked,0.9222927640891172,0.13924879774038224,0.647745997489265,0.0962875758999273,0.7426266486295021,0.06508829460288673,0.8214305950303121,0.0757316569338348,0.8239117180994678,0.09824096970887009,0.7671726094202361,0.0929699720877159,0.743829910858126,0.1220962577418936,0.6412352331790881,0.08755928240472448,0.7861461139487749,0.07795862900807893,0.7801013789182463,0.10628485437916053,0.6957023711075734,71.0,47.0,Prokaryote,Binding,Binding (IgG),448,1.34,3109,1.0,Medium,265-280,SPG1_STRSG,Streptococcus sp. group G,149284,0.1039729652521667,0.2391073257005261,0.0385354030969205,0.1313112377548834,0.1099828312417743,0.094943737543144,-0.0141765748123165,0.0939289187846901,0.1088970394152831,0.1988524078094179,0.1804881726855323,0.0274046548986042
SPG2_STRSG_Tsuboyama_2023_5UBS,1451,0.11843750760528414,0.10824769639805105,0.22398345968297725,0.4692553305644794,MSA_Potts vs xTrimoPGLM,Evo_Conservation vs xTrimoPGLM,0.47962212150611805,ESM_Masked vs AR_PLM,0.932154255752861,0.10600454101934342,0.7436867695830566,0.09236238923923124,0.7676457259292058,0.06561677957469068,0.8316652013760709,0.08646455789973818,0.799347040653011,0.09093474354766622,0.7855944904251665,0.14554650950895656,0.6153283746534687,0.09869394634719625,0.7429685552618398,0.07318784719237176,0.8170397606035509,0.07460553436930384,0.8081098199222807,0.0852061752923394,0.7705066665788934,65.0,28.0,Prokaryote,Stability,Stability,56,56.55,39899,0.75,Medium,1-56,SPG2_STRSG,Streptococcus sp. group G,422,0.6245630303224093,0.6901819776614588,0.5480546400480478,0.644168218067979,0.556985146686837,0.475198877857152,0.491690743776276,0.3540820469323004,0.6128163327312849,0.6672431745453324,0.7280703589553031,0.4400732919079078
SPIKE_SARS2_Starr_2020_binding,3802,0.17131295652173922,0.15321996374649846,0.64281956864808,0.1114964719975024,ESM_Masked vs AR_PLM,ESM_Masked vs Struct_MSA_Hybrid,0.11552530009372179,Struct_PLM vs Struct_MSA_Hybrid,0.7560955109156952,0.1532772626384242,0.4390477215914459,0.11421167767677302,0.5302404850642443,0.10377719332082756,0.6167287647016323,0.2083923708951692,0.24407320835532487,0.1470519336842289,0.5050254823612309,0.14534902447589118,0.3692612508757197,0.1404541575476901,0.40005375197163606,0.11513755415235463,0.5410913350678865,0.12338540500708257,0.5258867325500021,0.08602541110223465,0.5738513260911722,99.0,95.0,Virus,Binding,ACE2 binding,1273,1.06,36931,0.998,Medium,331-531,SPIKE_SARS2,Severe acute respiratory syndrome coronavirus 2 (2019-nCoV) (SARS-CoV-2),0,0.4532862107565515,0.5473574145271195,0.2223216004052811,0.4081655066515626,0.3733041562038355,-0.0311199017896902,0.3887899781269699,0.1475432091634683,0.4664241886475124,0.4671826095068318,0.5658782017873055,0.3150194871543626
SPIKE_SARS2_Starr_2020_expression,3798,0.17132548024881178,0.15385160603499265,0.6524486571879937,0.11040224930898355,ESM_Masked vs AR_PLM,ESM_Masked vs Struct_MSA_Hybrid,0.1157831463244165,Struct_PLM vs Struct_MSA_Hybrid,0.7571582364782447,0.15251694234458923,0.4395606526478743,0.1161155650133386,0.5266155851591323,0.10208593937683083,0.6168630571732334,0.20839254153239564,0.24408650485623587,0.14738004759024806,0.5039484557886598,0.14559130462593,0.36876468654313155,0.1393393236631384,0.39939302880460725,0.1148979632582876,0.5417365253090879,0.12327656352673261,0.5266394170961828,0.08692527584199179,0.5722252220706305,99.0,96.0,Virus,Expression,ACE2 binding,1273,1.06,36931,0.998,Medium,331-531,SPIKE_SARS2,Severe acute respiratory syndrome coronavirus 2 (2019-nCoV) (SARS-CoV-2),0,0.5732467903971643,0.6103019513448633,0.3844054074971785,0.4786752820630084,0.5263329374763285,0.0093179250230925,0.4071497537895608,0.2282596927375527,0.5239006091127139,0.5970161520256896,0.6931230647604211,0.3324232956487091
SPTN1_CHICK_Tsuboyama_2023_1TUD,3201,0.09637964284830709,0.10403434845556918,0.09465791940018745,0.7147460426808271,Evo_Conservation vs Inverse_Folding,MSA_Potts vs Inverse_Folding,0.7159045804106966,MSA_Conditioned vs ESM_Masked,0.9626890114579163,0.06244680123944658,0.8623731010788667,0.08666028849219026,0.8437689531210941,0.0514776001186498,0.8924403631943707,0.058963327708919454,0.8840805508707812,0.06613750850989858,0.8630465925132823,0.09903794187507074,0.7712681259334784,0.10570535612130218,0.7544976695168106,0.08930710077291203,0.8334717876896794,0.048201422138368394,0.8948070991398434,0.06551486386943735,0.8611237075905493,13.0,20.0,Eukaryote,Stability,Stability,60,285.61,420793,0.933,High,1-60,SPTN1_CHICK,Gallus gallus,2150,0.7072233335848894,0.76999452668717,0.675064662805469,0.6696138699854496,0.6496657071720235,0.6695563319837904,0.5966718460277407,0.6192772036649573,0.6092986532221276,0.7406939074029427,0.7438942636788659,0.5972924950591371
SQSTM_MOUSE_Tsuboyama_2023_2RRU,707,0.1132392624690882,0.11524446518661405,0.15134370579915135,0.6102029664176967,MSA_Potts vs AR_PLM,AR_PLM vs Inverse_Folding,0.6271210164269033,ESM_Masked vs Struct_PLM,0.9224835793829255,0.09942382599545062,0.7488217210190755,0.08899200892002718,0.7995401316377189,0.059946703904579186,0.8560365450111457,0.07564671197368272,0.823291775719921,0.11528681661861881,0.7428298526234468,0.10412264503880173,0.7490048729530511,0.11508688957398468,0.708910192807991,0.06672788515465003,0.8347103307761256,0.06855483689407535,0.8354972931601117,0.0734091695692099,0.8173392036398514,50.0,46.0,Eukaryote,Stability,Stability,40,84.27,34660,0.925,Medium,1-40,SQSTM_MOUSE,Mus musculus,0,0.7077152100971931,0.6816582340041274,0.5981446167094815,0.6646663232184682,0.6375930265439461,0.6062997571739402,0.5285900520659098,0.5688532120325523,0.677199930304264,0.7140940619663978,0.7422111448647382,0.6255524569779051
SR43C_ARATH_Tsuboyama_2023_2N88,1583,0.08551734978309064,0.08151458340184553,0.058749210360075806,0.6747761405561781,AR_PLM vs Inverse_Folding,xTrimoPGLM vs Inverse_Folding,0.7173501455801404,Struct_PLM vs Struct_MSA_Hybrid,0.9790836205060962,0.05427979185563819,0.9032164732108876,0.05490197956360663,0.9068310876136508,0.03951619564952797,0.9244822773905361,0.04000009577439384,0.925958616930926,0.0922863569242958,0.8413980078459619,0.06843137638312524,0.8802411210009622,0.12089156117183697,0.7439593998411838,0.04947762384260969,0.9151741424888313,0.03875999030018223,0.9268662467209547,0.07087075019417594,0.8825857274419402,2.0,2.0,Eukaryote,Stability,Stability,48,253.55,101118,0.917,High,1-48,SR43C_ARATH,Arabidopsis thaliana,694,0.717724540939037,0.6930342571893563,0.6882059479122764,0.6869737855707594,0.667033627609441,0.6902749390432467,0.5504969627505568,0.6131304698568008,0.7551654446539627,0.7449549105823684,0.7344663625250795,0.6608884745879406
SRBS1_HUMAN_Tsuboyama_2023_2O2W,1556,0.10073350967015877,0.10035309161665922,0.09254498714652956,0.5193340889900657,xTrimoPGLM vs Inverse_Folding,AR_PLM vs Inverse_Folding,0.6009816498937619,MSA_Conditioned vs Struct_MSA_Hybrid,0.9588233039334211,0.07985422270096902,0.8245010431032187,0.06671740042690703,0.8640946371653926,0.05183485493311129,0.8880049565757079,0.057232073428891785,0.8822804252519101,0.08044949423190877,0.8315745863055422,0.09711756519804478,0.7917849924013463,0.13544756125499213,0.6736959222825533,0.05525554946107942,0.8768206618404213,0.06452527518762542,0.8662401299615996,0.07848843132590101,0.8343625687206413,22.0,12.0,Human,Stability,Stability,67,363.68,708655,0.836,High,1-67,SRBS1_HUMAN,Homo sapiens,345,0.7786801415213698,0.796273733457873,0.6965641623364002,0.7319762435555515,0.7510823179084284,0.7462142078331133,0.6710636358237769,0.6445655242178814,0.7095819455740933,0.8016980902032574,0.7913649608761355,0.6221919445764792
SRC_HUMAN_Ahler_2019,3372,0.11123031517321803,0.10856335630359007,0.181791221826809,0.515695265415876,xTrimoPGLM vs Inverse_Folding,xTrimoPGLM vs Struct_MSA_Hybrid,0.5826545002244676,MSA_Conditioned vs ESM_Masked,0.958508952044593,0.09104372962836318,0.8034661456290213,0.07339856185449263,0.8330172742368662,0.0472169746715092,0.8764242634991878,0.06099684349564038,0.8561830550164715,0.10714240316480662,0.7548520999431593,0.12826486188446523,0.6756966359199362,0.12878871109366227,0.6633179779004208,0.06433772450722273,0.8434349844407661,0.07655513070915929,0.8290571035057873,0.0649932256758728,0.8426949694547986,44.0,29.0,Human,Activity,growth (surrogate for phosphorylation activity),536,2.75,26974,0.808,Medium,270-519,SRC_HUMAN,Homo sapiens,0,0.5647817644954698,0.6284802643118759,0.5051602035192253,0.5734365454456958,0.5620536895546882,0.5865369969967019,0.4361091698629905,0.3602789198597273,0.3430266375785545,0.6008854077236052,0.5888194334181355,0.5144918864048799
SRC_HUMAN_Chakraborty_2023_binding-DAS_25uM,3637,0.11124220546695353,0.10807677108033711,0.17981853175694254,0.5120709559886357,xTrimoPGLM vs Inverse_Folding,xTrimoPGLM vs Struct_MSA_Hybrid,0.5831602231801873,MSA_Conditioned vs ESM_Masked,0.9562645993458442,0.08939045327043937,0.8078449668321341,0.07327717672320001,0.8330571595902676,0.04746134438846037,0.8763766122488748,0.061337418275145265,0.8557831528965091,0.10682260931529725,0.7555704360286486,0.12781663836635387,0.6776771519240521,0.1294606016580221,0.65725097512184,0.06386368706620141,0.8441461710071523,0.07715952201261857,0.8292104668763369,0.06597808998126088,0.8412242392879853,45.0,27.0,Human,Activity,Fluorescence measurement,536,3.38,37675,0.869,Medium,270-519,SRC_HUMAN,Homo sapiens,0,0.4782823646268126,0.5417709523117125,0.4422377277912303,0.4890062021515775,0.4744205214752098,0.501828719397687,0.3551374647714578,0.3042160835822013,0.2641344565823441,0.513108276192667,0.5009716755715349,0.4456827480336038
SRC_HUMAN_Nguyen_2022,3366,0.11128217209344747,0.10893650756924644,0.17973856209150327,0.5006704434923156,xTrimoPGLM vs Inverse_Folding,xTrimoPGLM vs Struct_MSA_Hybrid,0.5831022248180456,MSA_Conditioned vs ESM_Masked,0.9536701479316434,0.09014475725530915,0.8062443600649828,0.07361213935870536,0.8316108683434226,0.046343748672398495,0.8764465871018894,0.061236321953353864,0.8553701578332363,0.10620844423402881,0.7566597784453719,0.1276023107827309,0.6774104763471871,0.13030416005146003,0.6515000140215284,0.06438783169149112,0.8429038627051065,0.07764993968202524,0.8278457729972939,0.06567257336804015,0.8408384484400347,45.0,31.0,Human,OrganismalFitness,growth enrichment,536,3.38,37675,0.869,Medium,270-519,SRC_HUMAN,Homo sapiens,0,0.4738702675815003,0.5308641772062802,0.4363224699631833,0.4848634328929042,0.4581317780418555,0.5021498818496481,0.3614109796111777,0.3028222244629677,0.2542596508866504,0.5076710911364983,0.4905423814790989,0.4477625890103405
SUMO1_HUMAN_Weile_2017,1700,0.11558221663558689,0.1267116288497599,0.22764705882352942,0.569879978241688,MSA_Potts vs Inverse_Folding,xTrimoPGLM vs Inverse_Folding,0.5970481243852114,Struct_PLM vs Struct_MSA_Hybrid,0.9266014913899976,0.11560396770472894,0.7061764657410994,0.08422613610149941,0.7849256190279987,0.07675111880046136,0.8170424863415435,0.0737205997693195,0.8198794002899086,0.10607200692041523,0.7563533395172856,0.10125265282583622,0.7379004100536964,0.11824138408304499,0.6740070432596492,0.0731696770472895,0.8097126158107123,0.0766753633217993,0.8072132832311264,0.06510673587081892,0.8235313927035871,59.0,70.0,Human,OrganismalFitness,Yeast growth,101,140.9,85570,0.703,High,2-97,SUMO1_HUMAN,Homo sapiens,0,0.5680093205911215,0.5266818553550079,0.4568909926505372,0.5340414962422338,0.4793578423402323,0.5012553387008029,0.4490614824544105,0.4448949617991565,0.5179140004568337,0.5613549040140792,0.6038509606966586,0.5150838984241419
SYUA_HUMAN_Newberry_2020,2497,0.11656639917663422,0.13470025574261807,0.1870244293151782,0.5206736667062531,MSA_Potts vs Inverse_Folding,xTrimoPGLM vs Inverse_Folding,0.5415355998570953,ESM_Masked vs AR_PLM,0.92966486831059,0.11732517146326492,0.7027560347334446,0.08905053705616144,0.7849047612146353,0.0770330350231518,0.8202624471608824,0.06500948648724217,0.8382596270113011,0.07624422568328824,0.8157832585874583,0.08785942944642634,0.7597516511182384,0.13930647627506768,0.5876421708626806,0.08986423275411472,0.7636453237058658,0.0803473472665931,0.7795075055784175,0.07216584076569364,0.815884779125195,61.0,83.0,Human,OrganismalFitness,Growth,140,47.17,15711,0.707,Medium,1-140,SYUA_HUMAN,Homo sapiens,0,0.1986792176242445,0.5007697202400102,0.1320297844434132,0.2326370181518909,0.1732477590257391,0.1932564734283564,0.1555388111242472,0.1560370958533428,-0.0280171608494565,0.2439345036407559,0.2764502945884566,0.2173898426045666
TADBP_HUMAN_Bolognesi_2019,1196,0.12891140480284063,0.1331471847958811,0.2717391304347826,0.4674417438513302,Evo_Conservation vs Struct_PLM,Evo_Conservation vs Inverse_Folding,0.4798837837797483,AR_PLM vs xTrimoPGLM,0.916308771911071,0.11002691990768186,0.7155541874629484,0.11998071423511296,0.6707598012732361,0.07143152761154796,0.7799084895396755,0.10654609102060753,0.7324468415777147,0.10146682270518972,0.7210333257437667,0.0951768809446576,0.7331504304779602,0.12882716170214353,0.5798146946214646,0.10819335074551738,0.6766706108507258,0.08317808712057659,0.7422627375899359,0.09543223789443071,0.7104055574608639,78.0,80.0,Human,OrganismalFitness,growth (surrogate for toxicity),414,0.33,1211,0.911,Low,290-373,TADBP_HUMAN,Homo sapiens,0,0.0912720513288797,0.603555852309718,0.0819041046190328,0.0432978308402206,0.0987968481253828,0.0043490859881216,-0.0003450995783591,-0.0027848417609083,0.1437376569480861,0.2587558264660999,0.2862548529779287,-0.0410780843333905
TAT_HV1BR_Fernandes_2016,1577,0.13897674364231621,0.13508213445849268,0.36651870640456563,0.3949618314379077,MSA_Potts vs Struct_PLM,MSA_Potts vs Inverse_Folding,0.4365974940155695,Evo_Conservation vs CNN_RNN,0.8796760796939922,0.12401932932812584,0.6459686473194057,0.09430164672976188,0.7273041969668876,0.1020716581240022,0.7126224040232084,0.13602609215354894,0.5669527780924971,0.09929189775823917,0.7023109168035419,0.09747647265630287,0.6668951098662707,0.13565452277353582,0.5784480459431663,0.13074899471061163,0.573958133379291,0.08675706731742912,0.7204358950472656,0.0895845304255436,0.7191402533646903,85.0,84.0,Virus,OrganismalFitness,Viral replication,86,115.56,12155,0.988,High,1-86,TAT_HV1BR,Human immunodeficiency virus type 1 group M subtype B (isolate BRU/LAI) (HIV-1),0,0.3789959685201799,0.4235439159648929,0.2705748335121957,0.4139704969101022,0.3064560907780467,0.1311306417911435,0.3715973721156085,0.2667352135067387,0.3234580702203417,0.2823425644367544,0.4316506050153157,0.343599348190845
TCRG1_MOUSE_Tsuboyama_2023_1E0L,1058,0.0901905913171462,0.08546101904769463,0.09357277882797732,0.7184073048455916,MSA_Potts vs AR_PLM,MSA_Potts vs xTrimoPGLM,0.7578155183951711,ESM_Masked vs Struct_PLM,0.972813540260222,0.08938760462786606,0.8178289782891871,0.06690397404240266,0.8849999697174241,0.05087424644708959,0.89925229651149,0.05210333725222537,0.905676302679906,0.08391303752249789,0.8542523757644904,0.07348178668124639,0.8619121902313291,0.0908459327499068,0.8329101473732892,0.04492917406670216,0.9085255451146644,0.0470723553732298,0.9056112563549953,0.09498072119525017,0.8270506347869628,5.0,3.0,Eukaryote,Stability,Stability,37,79.56,43363,0.865,Medium,1-37,TCRG1_MOUSE,Mus musculus,437,0.7510307539471694,0.719634658469093,0.6572348812980137,0.681239147271219,0.7378545842731218,0.7647239444669188,0.6375444915992933,0.7017173358686165,0.7798700661247007,0.7623565616941839,0.7766639907751964,0.5942244635252701
THO1_YEAST_Tsuboyama_2023_2WQG,1279,0.1046520348651866,0.09183170014185056,0.1305707584050039,0.4316569775707907,MSA_Potts vs AR_PLM,AR_PLM vs Struct_MSA_Hybrid,0.5589018773465175,ESM_Masked vs Struct_PLM,0.9772999240232036,0.10110240950475424,0.8128564722523545,0.06956878245909393,0.8642601069408877,0.041195303618546474,0.9008975594065561,0.0414749966530977,0.8996156058089595,0.16007126201955652,0.6234677752642774,0.06821956820171805,0.8541873787294085,0.09486983555655266,0.7996213745628703,0.04996506384177924,0.8938330497333862,0.0640482785307374,0.8789604314070325,0.09066355878515496,0.808801371674641,28.0,6.0,Eukaryote,Stability,Stability,41,206.87,54877,0.805,High,1-41,THO1_YEAST,Saccharomyces cerevisiae,623,0.5578515212116467,0.549637196386555,0.4638141430314642,0.552223980283026,0.5384353402084019,0.5416784080350338,0.4667116178448009,0.5088851997305528,0.597719033451973,0.5533256071600211,0.5578298439020851,0.437741844443734
TNKS2_HUMAN_Tsuboyama_2023_5JRT,1479,0.09975751792000431,0.09644680965108629,0.07572684246112238,0.6066687704541032,xTrimoPGLM vs Inverse_Folding,AR_PLM vs Inverse_Folding,0.6630498770379916,Struct_PLM vs Struct_MSA_Hybrid,0.9728314153844939,0.07593058128958298,0.8552138995256389,0.0761696429755134,0.8533179916660605,0.045105384175695096,0.9001819819725829,0.05285125404525196,0.8931205107780408,0.09150572137336123,0.8190355514800074,0.10595606159587087,0.7639035362673315,0.1261991218658393,0.7194504131492173,0.05516630315210026,0.8897781435098183,0.05406256290645858,0.8915836470425254,0.06749466614185251,0.8682216748271943,19.0,10.0,Human,Stability,Stability,59,195.89,270654,0.949,High,1-59,TNKS2_HUMAN,Homo sapiens,361,0.5879035009708993,0.589989576486048,0.5257442668472777,0.5525206567118905,0.5554053328359628,0.5521695706634705,0.4308686788715699,0.4046864845459451,0.7007156744178282,0.5945833568556731,0.6010286023601029,0.543525483530927
TPK1_HUMAN_Weile_2017,3181,0.11102199660605276,0.11174213990826257,0.17415906947500787,0.5620999334481265,AR_PLM vs Inverse_Folding,xTrimoPGLM vs Inverse_Folding,0.5984557582621984,MSA_Potts vs MSA_Conditioned,0.9286467584265516,0.09344018172448845,0.795983384974551,0.08312717996468805,0.8208129718926124,0.06285422362151519,0.857549827292064,0.07754554469003995,0.8337977986547052,0.11952101645646142,0.7134724816552381,0.08781443367094711,0.7879723038625845,0.1281041555713524,0.6597255111595358,0.07261221013126014,0.8205802037276764,0.06715177217184332,0.8399782531947674,0.06271946403978379,0.8478474435962416,44.0,38.0,Human,OrganismalFitness,Yeast growth,243,29.93,21515,0.823,Medium,2-243,TPK1_HUMAN,Homo sapiens,0,0.3103426482763023,0.2632115125736089,0.2356845874706983,0.2694196677636922,0.2861259797908946,0.3337349294990606,0.2489834547361576,0.3028178150501188,0.2514881214392591,0.3143836794220267,0.2797212030878435,0.2979668839160281
TPMT_HUMAN_Matreyek_2018,3648,0.10214846780048288,0.1097527537454441,0.09703947368421052,0.6421687702856328,AR_PLM vs Inverse_Folding,MSA_Potts vs Inverse_Folding,0.6566243281635584,MSA_Conditioned vs ESM_Masked,0.9430450305757212,0.09274028176538293,0.8066223907740968,0.0764595636798502,0.8452699328958787,0.059657734230724846,0.8762665543358727,0.061885465459724794,0.8757970023185991,0.09065337661988947,0.8064278110679053,0.08411790717255951,0.8156195147281232,0.12063154347972453,0.7103096562524025,0.06706355611422105,0.8546020728112833,0.060371938861797224,0.8706485772767047,0.06331877406589849,0.8645161975478411,24.0,32.0,Human,Expression,Protein abundance (FACS sorting for abundance of GFP-fused target),245,26.71,19526,0.731,Medium,1-245,TPMT_HUMAN,Homo sapiens,0,0.5970660438516319,0.5817521825288011,0.5142678250304072,0.5798226697728454,0.5476136203547203,0.5632178368839997,0.5102050634949592,0.50689942815462,0.5313007874711926,0.6087084016537992,0.6058527749843152,0.5479013258954782
TPOR_HUMAN_Bridgford_2020,562,0.12409505208306644,0.13054876432325552,0.25622775800711745,0.5378435511396554,MSA_Potts vs Inverse_Folding,Evo_Conservation vs Inverse_Folding,0.5612556328172276,MSA_Conditioned vs CNN_RNN,0.8994929197242695,0.12722092763094014,0.6565041257388308,0.1086027701439107,0.7229797987295526,0.07372985820003969,0.8077657437341572,0.10805323725214556,0.737155330012132,0.09614746520434138,0.7324695241923432,0.09212290455625774,0.7254240881031904,0.12152465563168315,0.6341785503666945,0.0715660262661314,0.7991893989674088,0.07987888535690614,0.7677416566924439,0.0886801712237687,0.7439428791033335,73.0,77.0,Human,OrganismalFitness,growth/survival (surrogate for TpoR/MPL enhanced constitutive activation),635,0.19,937,0.825,Low,487-517,TPOR_HUMAN,Homo sapiens,0,0.4598523216560098,0.5140998191553863,0.3246061903040479,0.4679589467758992,0.4779417463853954,0.3241881922231182,0.3336096322107383,0.3400011191900434,0.3007023935970216,0.4516353358549176,0.4377871458867366,0.481267865701254
TRPC_SACS2_Chan_2017,1519,0.10738409689127802,0.10882135738272629,0.12705727452271232,0.5072806269238002,xTrimoPGLM vs Inverse_Folding,MSA_Potts vs Inverse_Folding,0.5556485389922343,MSA_Conditioned vs ESM_Masked,0.9707303437641511,0.08769832722317833,0.8183993369064909,0.08509403888973882,0.8149898550214418,0.05158629273876086,0.8772012875151973,0.0595286129912051,0.8712641132781916,0.08172181697330123,0.8149158073174835,0.10719927802079231,0.7507181488013134,0.15051655693813554,0.5891009147690309,0.06722395556366487,0.8487530234043613,0.05787272414965264,0.8630944893100673,0.06240521819804819,0.8522409361971391,38.0,30.0,Prokaryote,OrganismalFitness,fitness,248,41.98,52935,0.944,Medium,44-235,TRPC_SACS2,Thermus thermophilus,0,0.6595697406578673,0.6196634972412259,0.5967803169704511,0.5799418314959538,0.6488987992602422,0.6733269871634492,0.5642709026641902,0.6238150569658132,0.4618314178748245,0.6662027368349028,0.6451140553517434,0.6128577876097693
TRPC_THEMA_Chan_2017,1519,0.10064411318173924,0.10260539125167951,0.12047399605003292,0.5163061930071703,MSA_Potts vs Inverse_Folding,Evo_Conservation vs Inverse_Folding,0.5255564894766135,MSA_Conditioned vs ESM_Masked,0.9714699868717402,0.07282307941121191,0.8548981620355893,0.07207071917513848,0.8540424302985203,0.04723731281465421,0.891349656329422,0.06095374759302944,0.8769230783848925,0.07518910131531216,0.8426463798523861,0.0756438488241184,0.8342883738862493,0.1602049412005028,0.5582544497748643,0.06497327466313248,0.8563168069646351,0.056024971096128154,0.8750546523105789,0.0638157184766493,0.8601753823138547,21.0,17.0,Prokaryote,OrganismalFitness,fitness,252,41.51,52988,0.948,Medium,40-233,TRPC_THEMA,Thermus thermophilus,0,0.4853142346626708,0.4626422808111058,0.4302826474041337,0.4187477353606492,0.4765973305296961,0.5099112049075841,0.4181559983214467,0.4334132079590628,0.3503803691225312,0.5197500621235487,0.4538747085676812,0.4860260806240336
UBC9_HUMAN_Weile_2017,2563,0.11489226914384656,0.117119471361015,0.1927428794381584,0.5868856823933188,xTrimoPGLM vs Inverse_Folding,xTrimoPGLM vs Struct_MSA_Hybrid,0.5948990907466601,MSA_Conditioned vs ESM_Masked,0.9363627175077325,0.09843369129412342,0.7718510756237372,0.0903022275388015,0.7879971220814384,0.05957756841294273,0.8568957295579366,0.06167664971474215,0.8404414553252907,0.11344617904778258,0.7322725893921253,0.11067036547135477,0.7193152830415542,0.1116724456049851,0.7101520989904493,0.07488067001077338,0.8038643264223124,0.09334460247871469,0.7870533405480178,0.07757577584346442,0.8037919462663327,56.0,53.0,Human,OrganismalFitness,Yeast growth,159,55.33,69788,0.849,Medium,1-158,UBC9_HUMAN,Homo sapiens,0,0.55225381236958,0.4109728850356253,0.5374252010797492,0.5026511378633763,0.5535896537337051,0.5392154831852363,0.4781516194730406,0.4061557940744218,0.4115124372463511,0.4739563127562418,0.4925343610132034,0.5327391434081618
UBE4B_HUMAN_Tsuboyama_2023_3L1X,3622,0.08885597910281146,0.08997700248979366,0.04030922142462728,0.7030067528661769,xTrimoPGLM vs Inverse_Folding,AR_PLM vs Inverse_Folding,0.7493965051261415,ESM_Masked vs Struct_PLM,0.9776506686457885,0.06851248678368273,0.8855613514725182,0.05956332870997258,0.89541149474344,0.03789930860988887,0.9274191814024932,0.04591294249317752,0.9169318669964495,0.09168996387192692,0.8377893112715294,0.10405210026503271,0.799047848812655,0.09517361131226304,0.8125647456324486,0.04859295704319565,0.9144598397289749,0.05211560424397889,0.9089976456130131,0.061751401008398786,0.8836245995843082,4.0,5.0,Human,Stability,Stability,69,506.27,310943,0.928,High,1-69,UBE4B_HUMAN,Homo sapiens,2504,0.4764945990095877,0.5145269117924764,0.4647465988337492,0.512457773187477,0.4311291491023321,0.4872800193409218,0.3715721978471781,0.3248999166254168,0.5015626053286353,0.4972112916665801,0.5063237370186162,0.4089973792526789
UBE4B_MOUSE_Starita_2013,899,0.12453810209604807,0.12473375409292235,0.2447163515016685,0.4376890101746001,AR_PLM vs Inverse_Folding,MSA_Potts vs Inverse_Folding,0.45984374934196703,MSA_Conditioned vs ESM_Masked,0.9322187066049566,0.1031943786261091,0.7486364185753482,0.08152456299031223,0.7893681471791514,0.0630013243405209,0.8313148555302209,0.07592042903518637,0.8016213169755589,0.12757321507892222,0.677055308538026,0.11023392283190278,0.6753766801054368,0.1500307060578577,0.500180974210775,0.08006716975933792,0.7840464213062612,0.08249094800262147,0.7822655828320052,0.08841818640000033,0.7635304309149494,74.0,68.0,Eukaryote,Activity,Ligase activity (phage display),1173,0.64,4743,0.765,Low,1072-1173,UBE4B_MOUSE,Mus musculus,0,0.4818921655853992,0.4541259646638137,0.4635094763835959,0.4545416314823991,0.4710936593107477,0.4914674870393151,0.3684733003496144,0.3682151660696697,0.2493569726167617,0.4789500110361611,0.4748448176472528,0.3534841813280114
UBR5_HUMAN_Tsuboyama_2023_1I2T,1453,0.11806577601142734,0.11846362872402146,0.17962835512732278,0.5616577911443102,xTrimoPGLM vs Inverse_Folding,MSA_Potts vs Inverse_Folding,0.6034647688255336,MSA_Potts vs MSA_Conditioned,0.9368849411290427,0.10182314177958379,0.7758348818934341,0.10293632700504783,0.7641273230294586,0.07070981603431968,0.8413306145432418,0.10320759337422301,0.753857116122557,0.09762246813713531,0.7632025610221074,0.10075883849806755,0.757017095562083,0.12046789304138054,0.6872036338649294,0.07699536142560968,0.816204485052759,0.066176252564289,0.8304126491429569,0.0851605565026169,0.7772751363478032,64.0,56.0,Human,Stability,Stability,58,17.55,17888,0.966,Medium,1-58,UBR5_HUMAN,Homo sapiens,359,0.6474340559661383,0.7056108183016964,0.5674866371392809,0.5715583572950667,0.5835531588929468,0.5012919129074928,0.4897732558122733,0.5357077624922469,0.6451128496670648,0.7012391483754475,0.6754069468015406,0.4879742099465172
VG08_BPP22_Tsuboyama_2023_2GP8,723,0.13311934259172525,0.12272934417409985,0.318118948824343,0.3141469343463434,MSA_Potts vs xTrimoPGLM,MSA_Potts vs AR_PLM,0.3468843879794063,ESM_Masked vs Struct_PLM,0.932258663446556,0.1655669891409634,0.5251300755206748,0.117444475690718,0.6625871463819473,0.09023088445446875,0.7347068948066289,0.10260772471650384,0.7343589950890127,0.09889120366384875,0.7100114509202684,0.103763773070431,0.6755383163846234,0.10716445168847846,0.7018907578435982,0.09354898363524249,0.7425166171139759,0.07461367808813618,0.7643035517264188,0.10441758540276126,0.6629628648986593,83.0,64.0,Virus,Stability,Stability,40,1177.87,102464,0.875,High,1-40,VG08_BPP22,Salmonella phage P22 (Bacteriophage P22),0,0.5841793234033231,0.6139248986850409,0.2856976954320442,0.5250426364409048,0.4019760407116571,0.6126643424668454,0.5224641151937295,0.5155197526414355,0.5696033453634459,0.6595567950310126,0.5928525863143119,0.3213692529235962
VILI_CHICK_Tsuboyama_2023_1YU5,2568,0.09446034958242781,0.10453557709157044,0.0985202492211838,0.601094818476808,MSA_Potts vs Inverse_Folding,Evo_Conservation vs Inverse_Folding,0.6270578020140778,Struct_PLM vs Struct_MSA_Hybrid,0.9809450186029008,0.07678397332938668,0.854977181599741,0.06669590260187692,0.8752691061873958,0.04712249452483316,0.9073304405588751,0.04502233940858493,0.906371407200797,0.10017920152334185,0.7962957280102907,0.060401154030919724,0.8738482953956992,0.12783422779929027,0.6708211744688618,0.06655313479585796,0.8774246169018891,0.05686238770651165,0.8865696750243347,0.06262443469104531,0.8686414702877339,10.0,21.0,Eukaryote,Stability,Stability,65,761.62,254210,0.769,High,1-65,VILI_CHICK,Gallus gallus,1366,0.7006980654388358,0.7990133241672515,0.5925879115153794,0.6609952464160309,0.6389112036337724,0.674519615438381,0.5285533209136963,0.6827716716897824,0.7362924923972451,0.7504355506838328,0.7511826894128237,0.5954986207423819
VKOR1_HUMAN_Chiasson_2020_abundance,2695,0.10864264115761775,0.1210467106871418,0.14285714285714285,0.5848963106357824,MSA_Potts vs Inverse_Folding,AR_PLM vs Inverse_Folding,0.591381959710253,MSA_Conditioned vs ESM_Masked,0.9503952331353358,0.09634231375127214,0.7686275558196123,0.08607174467020744,0.8113683234211583,0.06178833658611024,0.8651650918752307,0.062290207363093666,0.8620913148213303,0.10366477695817744,0.752632144431757,0.0916925385772457,0.7797742998149565,0.12393843244837148,0.6818517092907084,0.07012131079451514,0.8265106690775439,0.06224726841318411,0.8474689180876548,0.06685657376460451,0.8452625381809576,39.0,62.0,Human,Expression,protein abundance (eGFP fusion reporter),163,29.05,14510,0.779,Medium,2-163,VKOR1_HUMAN,Homo sapiens,0,0.5496196498245373,0.5925302710191034,0.4423249531431259,0.4766920874624266,0.5257238157942905,0.4937401516039688,0.4960357857311605,0.4287728442532507,0.4887812630836059,0.6076590480701213,0.5563744399090973,0.4865809037793772
VKOR1_HUMAN_Chiasson_2020_activity,697,0.10421749230114359,0.1165035703419314,0.10903873744619799,0.6188763676336126,AR_PLM vs Inverse_Folding,MSA_Potts vs Inverse_Folding,0.6441557098318766,MSA_Conditioned vs ESM_Masked,0.96174778445166,0.09053372827592736,0.7960059210236583,0.08267233967807651,0.8335018314515638,0.05660928471889159,0.8810766278428421,0.05816284451982843,0.877763751906183,0.09758066784820098,0.783899866288928,0.09498060623276501,0.7867122224673246,0.11994343455967264,0.7072301472553415,0.06537987837469733,0.8490631500428607,0.05784344601822252,0.8664442371367342,0.06538914127431425,0.8574902768830971,27.0,50.0,Human,Activity,carboxylation activity (carboxylation reporter on cell surface),163,29.05,14510,0.779,Medium,3-163,VKOR1_HUMAN,Homo sapiens,0,0.4538007908056336,0.3158730421995481,0.4184429970202795,0.4464215005046378,0.4495060713410007,0.4498878857170761,0.3866563199319493,0.3787931740060417,0.3195308283973259,0.4186929602347795,0.4187394874426246,0.4406148963768818
VRPI_BPT7_Tsuboyama_2023_2WNM,1047,0.1525855738336732,0.13430330341935992,0.4699140401146132,0.21725835569525828,MSA_Potts vs xTrimoPGLM,MSA_Potts vs AR_PLM,0.22493650488821051,ESM_Masked vs xTrimoPGLM,0.8962948546087941,0.17432226275585527,0.4152331658201188,0.12080488301044782,0.5910388193648818,0.11082062514234664,0.6189895046990836,0.1023535049733521,0.6745834114925896,0.15585467734711173,0.5242265131524754,0.11599542909548574,0.5985549059263992,0.12680915166116438,0.6103381925740199,0.10954757106841245,0.666268491695216,0.08450408027422993,0.7003358857776578,0.10364197581543909,0.6111545122254186,93.0,82.0,Virus,Stability,Stability,56,81.19,6266,0.875,Medium,1-56,VRPI_BPT7,Escherichia phage T7 (Bacteriophage T7),0,0.5448865446250807,0.5978014044309329,0.1255172250580377,0.3668351746147629,0.3331376164588391,0.568731049477577,0.250657929944822,0.4623025666992844,0.6151613871972149,0.6828660586324317,0.573159254137408,0.3525272236033049
YAIA_ECOLI_Tsuboyama_2023_2KVT,1890,0.15013795067527722,0.13754916141514964,0.4894179894179894,0.11781658171023024,MSA_Conditioned vs xTrimoPGLM,MSA_Potts vs xTrimoPGLM,0.15624729429894724,Struct_PLM vs Struct_MSA_Hybrid,0.930365295044978,0.1127509028302679,0.6822777210717261,0.09965318253501675,0.7026554647739601,0.10305500032660526,0.6980997901781141,0.07988036915726511,0.7075019954772526,0.17282333454643864,0.34003664485836116,0.20585719884661685,0.2734677542784059,0.13618449464833943,0.539151510907011,0.08505726790030141,0.7001388325642652,0.08444577886024095,0.7276855291562623,0.06636546195981821,0.708342777942707,91.0,86.0,Prokaryote,Stability,Stability,52,16.25,5877,0.788,Medium,1-52,YAIA_ECOLI,Escherichia coli,962,0.7013775236396069,0.7529321502434231,0.6062713991850974,0.6789934479738254,0.611694019880369,0.60940379163166,0.108331889722646,0.1773059087432916,0.6060696442842559,0.7731541481171665,0.7618831664650701,0.6081908219152675
YAP1_HUMAN_Araya_2012,10075,0.11227937114445657,0.11747703601139242,0.18183622828784118,0.5930100954674955,xTrimoPGLM vs Inverse_Folding,MSA_Potts vs Inverse_Folding,0.6218338361498817,MSA_Conditioned vs ESM_Masked,0.9430898952619737,0.09915404753841638,0.7791875918002626,0.07347466573075795,0.8275399781605517,0.05202117255406617,0.8602613410384685,0.05978648572431331,0.8459276033385001,0.11535105074226183,0.7342616582549089,0.09832237835752124,0.7538549537485925,0.11859711945356066,0.6832363907304059,0.08366637087025144,0.8059627527929386,0.09063758157901758,0.793423803346658,0.07422348564426848,0.811011664653878,47.0,54.0,Human,Binding,peptide binding,504,0.26,1604,0.859,Low,170-203,YAP1_HUMAN,Homo sapiens,9713,0.4170224151505342,0.5456008637181129,0.4246637476972474,0.4087414803622287,0.3269018873411071,0.3847595331334756,0.2119007294594667,0.2388120530942274,0.3892887489240018,0.4916457261986185,0.5485182470471399,0.3141778353733352
YNZC_BACSU_Tsuboyama_2023_2JVD,2300,0.09812567547148736,0.09402334083674382,0.06565217391304348,0.6767141138567979,xTrimoPGLM vs Inverse_Folding,MSA_Potts vs Inverse_Folding,0.7032485499713717,ESM_Masked vs Struct_PLM,0.9726403982895011,0.0802550472589792,0.8545961088721474,0.07804688720856963,0.8518029354670454,0.042651417769376185,0.9061166637044126,0.048089760554505354,0.897195012208505,0.09935349086326403,0.802469860747101,0.09916197857592941,0.7997029648889898,0.11062854442344044,0.7604403284227018,0.05211276622558286,0.8966183350534926,0.06179664146187776,0.8823751234954111,0.07204071203528671,0.8517166637673115,17.0,7.0,Prokaryote,Stability,Stability,39,40.99,7116,0.974,Medium,1-39,YNZC_BACSU,Bacillus subtilis,1586,0.6612569501721807,0.6927766441510874,0.6155861841957428,0.6073809558224644,0.6158587969821729,0.6490103513463829,0.6129682300684658,0.503390367993465,0.6853342377261158,0.6962932403609428,0.6761257681403285,0.5326273629602771
