DMS_id,K,n,base_max,base_mean,base_hit,pen0.25_max,pen0.25_mean,pen0.25_hit,pen0.5_max,pen0.5_mean,pen0.5_hit,pen1.0_max,pen1.0_mean,pen1.0_hit,pen2.0_max,pen2.0_mean,pen2.0_hit,rand_max,rand_mean,rand_hit,oracle_hiconf_max,oracle_hiconf_mean,oracle_hiconf_hit,oracle_loconf_max,oracle_loconf_mean,oracle_loconf_hit,oracle_randhalf_max,oracle_randhalf_mean,oracle_randhalf_hit,oracle_full_max,oracle_full_mean,oracle_full_hit,conflict_of_picked_bad,conflict_of_picked_good
A0A140D2T1_ZIKV_Sourisseau_2019,10,9576,0.12874209429161604,0.047226509034986895,0,0.15225375059689314,0.049577674665514604,0,0.15225375059689314,0.049577674665514604,0,0.15225375059689314,0.04862979296520783,0,0.15225375059689314,0.04936272162626807,0,0.19043789449098592,0.04988829558074106,0,0.12874209429161604,0.047226509034986895,0,0.2801443634666098,0.1658132101832424,1,0.27488783323301597,0.13056799483922646,1,0.2801443634666098,0.2115469269683125,1,-1.3797197904067595,-0.964013848184786
A0A140D2T1_ZIKV_Sourisseau_2019,20,9576,0.2801443634666098,0.060073533107441145,1,0.2801443634666098,0.06143665450687618,1,0.2801443634666098,0.05911391466816327,1,0.2801443634666098,0.06492123961626925,1,0.15225375059689314,0.04988964462439042,0,0.2801443634666098,0.07686386868178448,1,0.2801443634666098,0.10721406387260923,1,0.2801443634666098,0.12131358135029627,1,0.27488783323301597,0.12813319867499698,1,0.2801443634666098,0.16558317586586127,1,-0.8543041896567566,-0.8027660758598019
A0A140D2T1_ZIKV_Sourisseau_2019,30,9576,0.2801443634666098,0.05193141793261726,1,0.2801443634666098,0.05519448670158025,1,0.2801443634666098,0.0584613890911119,1,0.2801443634666098,0.051931897277331635,1,0.2801443634666098,0.05972779457863742,1,0.19925810387553158,0.05003427532197067,0,0.2801443634666098,0.09683933774441464,1,0.2801443634666098,0.09279283845556681,1,0.2801443634666098,0.09637765887892799,1,0.2801443634666098,0.14082409808022037,1,-0.340755234425711,-0.6634145864573092
A0A140D2T1_ZIKV_Sourisseau_2019,40,9576,0.2801443634666098,0.04529125154138536,1,0.2801443634666098,0.05283558037542664,1,0.2801443634666098,0.05724786161805547,1,0.2801443634666098,0.06178575004425936,1,0.2801443634666098,0.06006962633841727,1,0.2801443634666098,0.07382895731717104,1,0.2801443634666098,0.08999083654523546,1,0.2801443634666098,0.07778046046845355,1,0.2801443634666098,0.08622698376981382,1,0.2801443634666098,0.12178375318191328,1,-0.13679490209501835,-0.6526245754948445
A0A192B1T2_9HIV1_Haddox_2018,10,12577,0.8148884995984078,0.7436502548806512,0,0.8148884995984078,0.7436502548806512,0,0.8148884995984078,0.7436502548806512,0,0.8148884995984078,0.7436502548806512,0,0.8148884995984078,0.7554093335350444,0,0.8132336821655415,0.732858286848772,0,0.8148884995984078,0.7436502548806512,0,0.8810512987233139,0.842452455288153,1,0.8713695249263209,0.8191711769373973,1,0.8810512987233139,0.8507619646546339,1,-1.08820094468993,-1.301125511534432
A0A192B1T2_9HIV1_Haddox_2018,20,12577,0.8148884995984078,0.7334265220664538,0,0.8148884995984078,0.7334265220664538,0,0.8148884995984078,0.7334265220664538,0,0.8148884995984078,0.7348034132986725,0,0.8802420731567023,0.751851240628446,1,0.8537724226235057,0.7429778143081149,0,0.8148884995984078,0.7334265220664538,0,0.8810512987233139,0.8126805853797834,1,0.8802420731567023,0.8051850974559548,1,0.8810512987233139,0.8291160411810535,1,-0.9244733413923717,-1.0678499371484078
A0A192B1T2_9HIV1_Haddox_2018,30,12577,0.8810512987233139,0.7350776130780116,1,0.8810512987233139,0.7384644337769325,1,0.8810512987233139,0.7419199194110978,1,0.8810512987233139,0.7458261082028389,1,0.8810512987233139,0.7505433063461093,1,0.8713695249263209,0.7408003859369694,1,0.8545673570477941,0.7439244617900057,0,0.8810512987233139,0.7936818017266445,1,0.8802420731567023,0.7779226247984825,1,0.8810512987233139,0.8143500287350627,1,-0.7301695250749799,-0.7985348983508364
A0A192B1T2_9HIV1_Haddox_2018,40,12577,0.8810512987233139,0.7468190385242741,1,0.8810512987233139,0.7476026942633796,1,0.8810512987233139,0.7474176441396734,1,0.8810512987233139,0.747245579986639,1,0.8810512987233139,0.747250326637024,1,0.8802420731567023,0.7392047193036574,1,0.8810512987233139,0.7573871057836082,1,0.8810512987233139,0.780558182032084,1,0.8810512987233139,0.7701638755912836,1,0.8810512987233139,0.803696265413389,1,-0.5177827772663811,-0.5889705849007133
A0A1I9GEU1_NEIME_Kennouche_2019,10,922,0.750620347394541,0.5680314309346568,0,0.750620347394541,0.5839674662255308,0,0.750620347394541,0.5960504549214227,0,0.782258064516129,0.6371381306865178,0,0.782258064516129,0.623993658671078,0,0.8183760683760684,0.6264061207609595,1,0.7919768403639371,0.6469534050179212,0,0.8183760683760684,0.7379928315412186,1,0.8183760683760684,0.6735111662531017,1,0.8183760683760684,0.7604769782189137,1,-0.3589157011216438,-0.697729360672005
A0A1I9GEU1_NEIME_Kennouche_2019,20,922,0.7919768403639371,0.5915839536807279,0,0.7919768403639371,0.599672594430659,0,0.7919768403639371,0.6026330300523849,0,0.782258064516129,0.6065722360077198,0,0.782258064516129,0.6044768403639371,0,0.7951475048249242,0.563623518059002,0,0.7919768403639371,0.6392748828232699,0,0.8183760683760684,0.6726220016542597,1,0.7958367797077475,0.667710918114144,0,0.8183760683760684,0.7156120760959471,1,-0.2537315509173847,-0.6462089553203471
A0A1I9GEU1_NEIME_Kennouche_2019,30,922,0.7919768403639371,0.5961607389026744,0,0.7919768403639371,0.5904627332046687,0,0.7919768403639371,0.5949131513647642,0,0.7919768403639371,0.6061827956989247,0,0.782258064516129,0.5965076739270287,0,0.7958367797077475,0.5927993750574395,0,0.7919768403639371,0.6370347394540943,0,0.8183760683760684,0.6548341145115338,1,0.8183760683760684,0.6665334068559875,1,0.8183760683760684,0.6919056152927121,1,-0.13283962075664996,-0.4470646070733103
A0A1I9GEU1_NEIME_Kennouche_2019,40,922,0.7919768403639371,0.5983440170940171,0,0.7919768403639371,0.5961073200992555,0,0.7919768403639371,0.5990229528535981,0,0.7919768403639371,0.5912220843672457,0,0.8183760683760684,0.6009546457127102,1,0.7958367797077475,0.6070323269920044,0,0.7919768403639371,0.631661841742487,0,0.8183760683760684,0.6420974634684312,1,0.7958367797077475,0.6329180452164324,0,0.8183760683760684,0.6750155086848635,1,-0.1227598328512827,-0.28471838815235734
A0A247D711_LISMN_Stadelmann_2021,10,1653,0.9550005519306343,0.8251670287136073,0,0.9550005519306343,0.826535195088997,0,0.9550005519306343,0.826535195088997,0,0.9550005519306343,0.7941917233968664,0,0.9592820764680993,0.8300697985872085,0,0.9448075730603556,0.8576793801596373,0,0.9550005519306343,0.8251670287136073,0,0.977290163324294,0.9531391026935198,0,0.9877107469482769,0.9527947447098991,0,0.9877107469482769,0.9707935804243795,0,-1.5831631965393782,-0.8302493978414569
A0A247D711_LISMN_Stadelmann_2021,20,1653,0.9592820764680993,0.8506300024198634,0,0.9592820764680993,0.8506300024198634,0,0.9592820764680993,0.8443900737726191,0,0.9592820764680993,0.8474688735065237,0,0.9592820764680993,0.8400995465976642,0,0.977290163324294,0.8669250882737403,0,0.9877107469482769,0.8815953637788683,0,0.977290163324294,0.9344589137118906,0,0.9705884574638856,0.9277679487896682,0,0.9877107469482769,0.9561759425851634,0,-1.1305672539703384,-0.7314589231072077
A0A247D711_LISMN_Stadelmann_2021,30,1653,0.9592820764680993,0.861490569792446,0,0.9592820764680993,0.8608239912143529,0,0.9592820764680993,0.8608239912143529,0,0.9592820764680993,0.8562006950442064,0,0.9592820764680993,0.8550922014676691,0,0.9705884574638856,0.8493043503660092,0,0.9877107469482769,0.8816128246034454,0,0.977290163324294,0.9179054648652574,0,0.9877107469482769,0.9017864665599575,0,0.9877107469482769,0.9434747279472835,0,-0.8704367527353224,-0.6919037938773133
A0A247D711_LISMN_Stadelmann_2021,40,1653,0.9592820764680993,0.8470895717235669,0,0.9592820764680993,0.8410155286872938,0,0.9592820764680993,0.8396633008006593,0,0.9592820764680993,0.8362288184729233,0,0.9592820764680993,0.8553496966514371,0,0.9592820764680993,0.8487522113319885,0,0.9877107469482769,0.8858756521891533,0,0.977290163324294,0.90886452010387,0,0.9877107469482769,0.9013241701566277,0,0.9877107469482769,0.9331865831379874,0,-0.806041169810711,-0.42157997483072224
A0A2Z5U3Z0_9INFA_Doud_2016,10,10715,0.7456445258683555,0.45302178269944404,0,0.7456445258683555,0.45302178269944404,0,0.7456445258683555,0.45302178269944404,0,0.7456445258683555,0.4392274100897574,0,0.7456445258683555,0.47609079271552424,0,0.9679197390867781,0.6503221209834712,1,0.7456445258683555,0.45302178269944404,0,0.8557244828084563,0.7502825963243283,1,0.8302985689536487,0.5880633391272073,1,1.0,0.8408382907832697,1,-1.3146979553595721,-1.2295015536976361
A0A2Z5U3Z0_9INFA_Doud_2016,20,10715,0.7474574655904949,0.48170837907547676,0,0.8557244828084563,0.4932192619165495,1,0.8557244828084563,0.5200388882927094,1,0.7456445258683555,0.4857019480936345,0,0.7456445258683555,0.5003896899017142,0,0.7441830852838617,0.5713476906381352,0,1.0,0.6300080517030668,1,0.8557244828084563,0.7133708279947641,1,0.9679197390867781,0.6971944632064914,1,1.0,0.7948573813896247,1,-0.7947020708608514,-0.5180853964955329
A0A2Z5U3Z0_9INFA_Doud_2016,30,10715,0.8557244828084563,0.5271507426360723,1,0.8557244828084563,0.5204991399969656,1,0.8557244828084563,0.5283307360721102,1,0.8557244828084563,0.528593320235084,1,0.8557244828084563,0.5424791742005454,1,1.0,0.6122438670142786,1,1.0,0.6419010185577155,1,0.8557244828084563,0.6629195386011144,1,1.0,0.6972554095915074,1,1.0,0.7652765916866016,1,-0.5087599097521733,-0.140417547984389
A0A2Z5U3Z0_9INFA_Doud_2016,40,10715,1.0,0.5665886272792519,1,0.8557244828084563,0.5500104557095471,1,0.8557244828084563,0.5465227002261083,1,0.8557244828084563,0.5541324747222458,1,0.8557244828084563,0.5766123076204813,1,1.0,0.6131492985995833,1,1.0,0.6399655301534939,1,0.8557244828084563,0.6566508764791374,1,0.8302985689536487,0.6332335638678612,1,1.0,0.7455906382266985,1,-0.49622112713066735,-0.009996590994584165
A0A2Z5U3Z0_9INFA_Wu_2014,10,2350,0.11328651107424234,0.031046754265371335,0,0.11328651107424234,0.031046754265371335,0,0.11328651107424234,0.03093613050991264,0,0.11328651107424234,0.03320643521503582,0,0.05753473783753993,0.026695399179904433,0,0.10122202507005958,0.026866476432318532,0,0.15680662368478232,0.0845541928429379,0,0.26612119450757293,0.11754658073026888,1,0.1441835438070129,0.07822047284056434,0,0.26612119450757293,0.1540294517293924,1,-0.6057029981526858,-0.9105484916503217
A0A2Z5U3Z0_9INFA_Wu_2014,20,2350,0.26612119450757293,0.05207999421134147,1,0.26612119450757293,0.05576638625312713,1,0.26612119450757293,0.05033486260503445,1,0.26612119450757293,0.052117241954014945,1,0.26612119450757293,0.05142072792410605,1,0.23105012895970134,0.04871664491550262,0,0.15680662368478232,0.07263146202092129,0,0.26612119450757293,0.08735045441889464,1,0.26612119450757293,0.0855565730320416,1,0.26612119450757293,0.11613065248723656,1,-0.3674215751344732,-0.6252045580029933
A0A2Z5U3Z0_9INFA_Wu_2014,30,2350,0.26612119450757293,0.05202919608144858,1,0.26612119450757293,0.05254648798727714,1,0.26612119450757293,0.055415798720742614,1,0.26612119450757293,0.0591350004100036,1,0.26612119450757293,0.055618722846742595,1,0.26612119450757293,0.043426643690174564,1,0.26612119450757293,0.07144052221300427,1,0.26612119450757293,0.07396882563553146,1,0.26612119450757293,0.07616636038247067,1,0.26612119450757293,0.09645308052458115,1,-0.02690777343485884,-0.5186500611973988
A0A2Z5U3Z0_9INFA_Wu_2014,40,2350,0.26612119450757293,0.047378373754484226,1,0.26612119450757293,0.04996699161100587,1,0.26612119450757293,0.049406998682999075,1,0.26612119450757293,0.04989438666006058,1,0.26612119450757293,0.049761439310586915,1,0.26612119450757293,0.03793583461802006,1,0.26612119450757293,0.0678701732142688,1,0.26612119450757293,0.061222649691561416,1,0.26612119450757293,0.06070546104139424,1,0.26612119450757293,0.08301701378073105,1,0.05989523587109533,-0.44833194594111603
A4D664_9INFA_Soh_2019,10,14421,0.22208795536171652,0.0804077668914393,1,0.22208795536171652,0.07949667459999815,1,0.22208795536171652,0.0781852399624501,1,0.22208795536171652,0.09361977089003706,1,0.22208795536171652,0.08927316309311739,1,0.12002324738840395,0.05334814535083753,0,0.22208795536171652,0.09343682253706646,1,0.29899582808557496,0.15186316851142143,1,0.29899582808557496,0.13069564321034396,1,0.29899582808557496,0.16466790553827504,1,-0.8812970728221292,-1.1902801701812054
A4D664_9INFA_Soh_2019,20,14421,0.22208795536171652,0.07837070204836649,1,0.22208795536171652,0.07837070204836652,1,0.22208795536171652,0.07382080854022978,1,0.22208795536171652,0.06971725422867486,1,0.22208795536171652,0.07251891069198618,1,0.12033312619854515,0.04973176664051462,0,0.22208795536171652,0.0884415437256009,1,0.29899582808557496,0.11272075147632915,1,0.22208795536171652,0.09438911370638833,1,0.29899582808557496,0.13421433028682256,1,-0.5803306374593569,-1.0212404982455887
A4D664_9INFA_Soh_2019,30,14421,0.22208795536171652,0.06812231179892492,1,0.22208795536171652,0.06633590088512141,1,0.22208795536171652,0.06600825755473318,1,0.22208795536171652,0.06432123259966432,1,0.22208795536171652,0.065174963635802,1,0.18249664419427608,0.060267697702162885,1,0.22208795536171652,0.08961918355248803,1,0.29899582808557496,0.09560647735613528,1,0.29899582808557496,0.10043244651757949,1,0.29899582808557496,0.1154564412625545,1,-0.4928099657566921,-0.7088432476805098
A4D664_9INFA_Soh_2019,40,14421,0.22208795536171652,0.0660525455545245,1,0.22208795536171652,0.06469440871263712,1,0.22208795536171652,0.0662589763769418,1,0.22208795536171652,0.06584468791917991,1,0.22208795536171652,0.06284626787059118,1,0.1675528142890896,0.05816251955629948,1,0.22208795536171652,0.08227558665120283,1,0.29899582808557496,0.08527213132680929,1,0.22208795536171652,0.08242327334302701,1,0.29899582808557496,0.10374334285814743,1,-0.3581813094984442,-0.6371512277875917
A4GRB6_PSEAI_Chen_2020,10,5004,0.7701086397988951,0.6986202350872255,0,0.7701086397988951,0.697035681529207,0,0.7701086397988951,0.6979577257952161,0,0.7701086397988951,0.6979577257952161,0,0.7701086397988951,0.6875715356128123,0,0.7653625377983716,0.7078591552607804,0,0.875321045562487,0.7171589429632854,1,0.8459116819760916,0.7736102704002882,1,0.8022011431245082,0.7713812809261837,0,0.875321045562487,0.8041606243332992,1,-0.654239883538232,-1.0377166072051838
A4GRB6_PSEAI_Chen_2020,20,5004,0.8017316517298069,0.7090144264051746,0,0.8017316517298069,0.713010956492218,0,0.8017316517298069,0.7127255506655724,0,0.8017316517298069,0.7076102348094062,0,0.8017316517298069,0.7082182447757447,0,0.8022011431245082,0.6996727309875991,0,0.875321045562487,0.7410948623292474,1,0.8459116819760916,0.7508571324087332,1,0.8459116819760916,0.7585416314126989,1,0.875321045562487,0.7812638619345951,1,-0.6280841812129361,-0.7446060533788365
A4GRB6_PSEAI_Chen_2020,30,5004,0.8017316517298069,0.7080934109359863,0,0.8017316517298069,0.7094148088754014,0,0.8017316517298069,0.711273216506852,0,0.8017316517298069,0.711599777318012,0,0.8017316517298069,0.7116071322408515,0,0.8459116819760916,0.7363494595158812,1,0.875321045562487,0.7393966391254596,1,0.8459116819760916,0.7369528259774987,1,0.875321045562487,0.7433709176562485,1,0.875321045562487,0.7676300026912616,1,-0.5005487950057329,-0.4754677092581207
A4GRB6_PSEAI_Chen_2020,40,5004,0.8017316517298069,0.7144386257244362,0,0.8017316517298069,0.713821811183292,0,0.8017316517298069,0.7155025871912877,0,0.8017316517298069,0.7144581203366689,0,0.8017316517298069,0.7120049915161035,0,0.8459116819760916,0.7126716444593809,1,0.875321045562487,0.7363577331959164,1,0.8459116819760916,0.7324252718040435,1,0.875321045562487,0.7373749692232058,1,0.875321045562487,0.7588781691133777,1,-0.4582957079151377,-0.4742721979261291
A4_HUMAN_Seuma_2022,10,14811,0.7366038262000604,0.633145157436325,0,0.7366038262000604,0.637941630582053,0,0.7366038262000604,0.6305686116904715,0,0.7366038262000604,0.6281583414031656,0,0.7366038262000604,0.625297641649083,0,0.6521121117998444,0.5798195977261819,0,0.8014466905559832,0.6859528635712279,0,0.798092659435559,0.6885803994944619,0,0.8014466905559832,0.7062701248508901,0,0.8014466905559832,0.7217355671608049,0,0.12665956473258727,-0.6735125066968112
A4_HUMAN_Seuma_2022,20,14811,0.7366038262000604,0.598771861515104,0,0.7366038262000604,0.6223639778253015,0,0.7366038262000604,0.6271501948078666,0,0.7366038262000604,0.6085854374259481,0,0.7366038262000604,0.602294505652141,0,0.798092659435559,0.5786775952957766,0,0.8014466905559832,0.6686194815382775,0,0.798092659435559,0.6639065472102453,0,0.7404491748519588,0.6543303743883347,0,0.8014466905559832,0.6935412421567863,0,-0.2156597370811002,-0.6614004962668528
A4_HUMAN_Seuma_2022,30,14811,0.7366038262000604,0.6052046167163325,0,0.7366038262000604,0.5801714619595757,0,0.7366038262000604,0.5898338113168221,0,0.7366038262000604,0.5992922902245166,0,0.7366038262000604,0.5614635537740164,0,0.798092659435559,0.6171994758211305,0,0.8014466905559832,0.6516543270545373,0,0.798092659435559,0.6366161522257172,0,0.7366038262000604,0.6488618232156489,0,0.8014466905559832,0.6789045234739751,0,-0.36452064548656005,-0.5701298327354062
A4_HUMAN_Seuma_2022,40,14811,0.798092659435559,0.5867554528165516,0,0.798092659435559,0.5868844247294669,0,0.798092659435559,0.5706865525152175,0,0.798092659435559,0.5612161035249403,0,0.798092659435559,0.567397927634659,0,0.7404491748519588,0.5771285416818561,0,0.8014466905559832,0.6474075650260196,0,0.798092659435559,0.6320014516786251,0,0.798092659435559,0.6287797055432153,0,0.8014466905559832,0.6687415775692467,0,-0.4635959491046557,-0.4535335041707875
AACC1_PSEAI_Dandage_2018,10,1801,0.8698720515208028,0.6821284657178941,0,0.8698720515208028,0.7021136445443407,0,0.8820750844355337,0.7033339478358138,0,0.8820750844355337,0.6934881015753475,0,0.8820750844355337,0.6952343898699888,0,0.8842426649692838,0.6974765767722877,0,0.9383262779818472,0.7793281683956383,1,0.9145452158701679,0.8742449265827108,0,0.9383262779818472,0.818747874810948,1,0.9383262779818472,0.9054939222286761,1,-0.7205858223726599,-0.5814248817436944
AACC1_PSEAI_Dandage_2018,20,1801,0.8820750844355337,0.7381092166020955,0,0.8820750844355337,0.7241334282658584,0,0.8820750844355337,0.7150345170492233,0,0.8820750844355337,0.7150345170492233,0,0.8820750844355337,0.6701682957832289,0,0.8770116743667101,0.6520984121309701,0,0.9383262779818472,0.7888091557933418,1,0.9145452158701679,0.8162064820729457,0,0.9383262779818472,0.8279879676609353,1,0.9383262779818472,0.885657345347885,1,-0.6038710443434008,-0.5680510814019478
AACC1_PSEAI_Dandage_2018,30,1801,0.9145452158701679,0.7175036459119732,0,0.9145452158701679,0.6976488815320042,0,0.9145452158701679,0.7031706385256813,0,0.9145452158701679,0.7019600168789956,0,0.8820750844355337,0.6836813466656144,0,0.8946947925241375,0.7335248579968497,0,0.9383262779818472,0.8080788631536928,1,0.9296916213534969,0.7930922631371291,1,0.9296916213534969,0.8043101867276677,1,0.9383262779818472,0.8666953803180254,1,-0.5211014860815399,-0.44320622429915163
AACC1_PSEAI_Dandage_2018,40,1801,0.9296916213534969,0.696882997604364,1,0.9296916213534969,0.6895454142241042,1,0.9145452158701679,0.6833877903944209,0,0.9145452158701679,0.6730369287016208,0,0.9145452158701679,0.6757990722693263,0,0.9296916213534969,0.7135906165326142,1,0.9383262779818472,0.8003734117449554,1,0.9296916213534969,0.7743848314057649,1,0.9151077861884529,0.795603535293996,1,0.9383262779818472,0.8490176771189389,1,-0.5112329643294136,-0.33472731529044986
ACE2_HUMAN_Chan_2020,10,2223,0.7871758445919295,0.512084890319977,0,0.7871758445919295,0.512084890319977,0,0.7871758445919295,0.512084890319977,0,0.7871758445919295,0.5022157542339111,0,0.7110303123101491,0.48821319295763205,0,0.974069589695955,0.6308617151296683,1,0.7871758445919295,0.512084890319977,0,0.8766478232926278,0.7868520598917301,0,0.9366127383086021,0.6755821281344304,1,0.974069589695955,0.85300597221529,1,-1.2784251637524804,-0.8514112783200944
ACE2_HUMAN_Chan_2020,20,2223,0.974069589695955,0.5392332380171746,1,0.974069589695955,0.5503119039376514,1,0.974069589695955,0.5586095305077372,1,0.8627434883214063,0.5795434630126248,0,0.8627434883214063,0.5828071447194323,0,0.8406116160547681,0.6124526182496269,0,0.974069589695955,0.6075712870115235,1,0.8766478232926278,0.6984265454499584,0,0.974069589695955,0.6831736571939145,1,0.974069589695955,0.776140890606915,1,-0.6598733564808862,-0.6902016281008898
ACE2_HUMAN_Chan_2020,30,2223,0.974069589695955,0.5527947088207755,1,0.974069589695955,0.5642455814277202,1,0.974069589695955,0.5720886073441293,1,0.974069589695955,0.5857711314428067,1,0.974069589695955,0.5910842292451962,1,0.9018432251051897,0.5557140161576722,0,0.974069589695955,0.6219688628143085,1,0.974069589695955,0.6708935059610514,1,0.974069589695955,0.6673922332024351,1,0.974069589695955,0.7347026458819775,1,-0.5092672913526565,-0.6325254771406367
ACE2_HUMAN_Chan_2020,40,2223,0.974069589695955,0.574253841297841,1,0.974069589695955,0.5667954173953645,1,0.974069589695955,0.5614021217903571,1,0.974069589695955,0.5903476956008327,1,0.974069589695955,0.5882089447924467,1,0.9018432251051897,0.5933335022685771,0,0.974069589695955,0.6273746652981047,1,0.974069589695955,0.6448790466327379,1,0.974069589695955,0.6417954182972648,1,0.974069589695955,0.7069277996150025,1,-0.5081897965460472,-0.53825230452278
ADRB2_HUMAN_Jones_2020,10,7800,0.5930010299535439,0.32328229123330604,0,0.5930010299535439,0.3232822912333061,0,0.5930010299535439,0.3349665620691885,0,0.5930010299535439,0.3426564586608053,0,0.4079282417740942,0.315678074695484,0,0.6011057969083518,0.3679761153677943,1,0.6011057969083518,0.46667139462937773,1,0.5930010299535439,0.4276175379861393,0,0.5930010299535439,0.4865979654030359,0,0.6011057969083518,0.507783550714124,1,-0.8526954466418232,0.36299046700620446
ADRB2_HUMAN_Jones_2020,20,7800,0.5930010299535439,0.31747406628318053,0,0.5930010299535439,0.3285946882075284,0,0.5930010299535439,0.3285946882075284,0,0.5930010299535439,0.3282702938214058,0,0.5930010299535439,0.323848222033715,0,0.4730815450554476,0.3018628841976527,0,0.6011057969083518,0.4282608019732971,1,0.5930010299535439,0.38986930203700415,0,0.5930010299535439,0.38823368608602843,0,0.6011057969083518,0.46090939500054634,1,-0.7431859007751792,-0.14434403314621902
ADRB2_HUMAN_Jones_2020,30,7800,0.5930010299535439,0.3264615677840108,0,0.5930010299535439,0.3270530691265096,0,0.5930010299535439,0.3212533789708677,0,0.5930010299535439,0.3138699269468021,0,0.5930010299535439,0.30696738337436286,0,0.5758635808843078,0.3200164592871676,0,0.6011057969083518,0.39282777396056257,1,0.5930010299535439,0.366801281440585,0,0.6011057969083518,0.4034917551032769,1,0.6011057969083518,0.4293615270560126,1,-0.48930842273798564,-0.23571656375919822
ADRB2_HUMAN_Jones_2020,40,7800,0.5930010299535439,0.3123758664232971,0,0.5930010299535439,0.31358848430520636,0,0.5930010299535439,0.313438463366233,0,0.5930010299535439,0.30864554962699287,0,0.5930010299535439,0.29959997890876205,0,0.5758635808843078,0.3177810895828737,0,0.6011057969083518,0.37763443556257453,1,0.5930010299535439,0.3573239263179733,0,0.5930010299535439,0.3603484786830418,0,0.6011057969083518,0.4093129751025417,1,-0.27049493618329795,-0.2508137204760821
AMFR_HUMAN_Tsuboyama_2023_4G3O,10,2972,0.9662825978690295,0.8287789221663442,1,0.9228615326836326,0.8244368156478046,1,0.9228615326836326,0.822920942608825,1,0.9228615326836326,0.822920942608825,1,0.9228615326836326,0.822920942608825,1,0.8275742086092857,0.7866323530672834,0,0.9662825978690295,0.8287789221663442,1,0.9662825978690295,0.8902545807090744,1,0.9227389620368895,0.8703666102511156,1,0.9662825978690295,0.9119229478322999,1,-1.1346075538695672,-1.2028455698611766
AMFR_HUMAN_Tsuboyama_2023_4G3O,20,2972,0.9662825978690295,0.8214673904319931,1,0.9662825978690295,0.8243261528262131,1,0.9662825978690295,0.8270630460492868,1,0.9662825978690295,0.8291516242289748,1,0.9228615326836326,0.8208045708925601,1,0.9662825978690295,0.8012887213076126,1,0.9662825978690295,0.8455600173207803,1,0.9662825978690295,0.8653337463477221,1,0.9662825978690295,0.8592905844459312,1,0.9662825978690295,0.8863082781170888,1,-0.8435617272152595,-1.133395623838656
AMFR_HUMAN_Tsuboyama_2023_4G3O,30,2972,0.9662825978690295,0.8209957674660903,1,0.9662825978690295,0.8200556292837656,1,0.9662825978690295,0.820169473284065,1,0.9662825978690295,0.823607226325433,1,0.9662825978690295,0.825030453001718,1,0.9511418360137799,0.7952837798377295,1,0.9662825978690295,0.8391750150618823,1,0.9662825978690295,0.8467311018112099,1,0.9662825978690295,0.85637907149195,1,0.9662825978690295,0.8705952918263703,1,-0.8257390861072756,-0.9610769450463204
AMFR_HUMAN_Tsuboyama_2023_4G3O,40,2972,0.9662825978690295,0.8202116146376991,1,0.9662825978690295,0.8190728710850674,1,0.9662825978690295,0.8190728710850674,1,0.9662825978690295,0.818594122256315,1,0.9662825978690295,0.8223842729058791,1,0.9228615326836326,0.7853347266712937,1,0.9662825978690295,0.8343067920119622,1,0.9662825978690295,0.8352649677255717,1,0.9662825978690295,0.8356936079559029,1,0.9662825978690295,0.8593568496148066,1,-0.5967709067869935,-0.7932896251134219
AMIE_PSEAE_Wrenbeck_2017,10,6227,0.789470313200538,0.7552744507781977,0,0.789470313200538,0.7552744507781977,0,0.789470313200538,0.7552744507781977,0,0.789470313200538,0.7552744507781977,0,0.789470313200538,0.7579356946134632,0,0.7790943444565426,0.7483635432011786,0,0.789470313200538,0.7552744507781977,0,0.789470313200538,0.7721962467174791,0,0.8050022417216423,0.783978095177096,0,0.8900915903413822,0.8001697303529111,1,-1.2833875394715626,-1.2009281873807807
AMIE_PSEAE_Wrenbeck_2017,20,6227,0.789470313200538,0.7481153525907898,0,0.789470313200538,0.7494123486837891,0,0.789470313200538,0.749859091782489,0,0.789470313200538,0.748238647281112,0,0.789470313200538,0.7481153525907898,0,0.8050022417216423,0.7477070390059566,0,0.8900915903413822,0.7669025811823481,1,0.789470313200538,0.763889066803305,0,0.8900915903413822,0.7770271568564658,1,0.8900915903413822,0.7832863639274963,1,-0.7432689221592907,-0.8756834111008269
AMIE_PSEAE_Wrenbeck_2017,30,6227,0.8149298661371933,0.7486656418796303,0,0.8149298661371933,0.7497384658084075,0,0.8149298661371933,0.748751040799334,0,0.789470313200538,0.7452667648754243,0,0.789470313200538,0.7436036209141954,0,0.8149298661371933,0.7429545891244476,0,0.8900915903413822,0.7640043553449049,1,0.789470313200538,0.7552370887508273,0,0.8149298661371933,0.7575578043937744,0,0.8900915903413822,0.7754019086658553,1,-0.4872750541124635,-0.739240401998208
AMIE_PSEAE_Wrenbeck_2017,40,6227,0.8149298661371933,0.7454420995324409,0,0.8149298661371933,0.7454356946134632,0,0.8149298661371933,0.7448112150131301,0,0.8149298661371933,0.7439777749311471,0,0.8149298661371933,0.7429722026516365,0,0.8050022417216423,0.7407817203612376,0,0.8900915903413822,0.7612734580157561,1,0.8149298661371933,0.7538741753666817,0,0.8900915903413822,0.7585673797476462,1,0.8900915903413822,0.7691715237302249,1,-0.4926014259482244,-0.5992270862104219
ANCSZ_Hobbs_2022,10,4670,0.5579601023285472,0.4233358070291881,1,0.6793768382606049,0.45153921785122586,1,0.6793768382606049,0.44515575040025446,1,0.6793768382606049,0.45955993200775536,1,0.6793768382606049,0.42557637315379154,1,0.5216031687081715,0.41566612124557,1,0.8745062813684262,0.4893053512355816,1,0.6793768382606049,0.5534452498870567,1,0.6793768382606049,0.512728069906159,1,0.8745062813684262,0.6061605198038919,1,-0.784918723864658,-0.5372526715142236
ANCSZ_Hobbs_2022,20,4670,0.6793768382606049,0.42622463253608645,1,0.6793768382606049,0.43046547824639775,1,0.6793768382606049,0.4302931824540374,1,0.6793768382606049,0.4353449202469853,1,0.6793768382606049,0.4424610246170808,1,0.8745062813684262,0.44445666405083,1,0.8745062813684262,0.4776300723072588,1,0.6793768382606049,0.4965025671733856,1,0.8745062813684262,0.49042169078978337,1,0.8745062813684262,0.5347881990255743,1,-0.5719286894204381,-0.6182995348835248
ANCSZ_Hobbs_2022,30,4670,0.6793768382606049,0.42325146222345916,1,0.6793768382606049,0.4220739028161321,1,0.6793768382606049,0.42205658896495835,1,0.6793768382606049,0.43484248585304475,1,0.6793768382606049,0.42866147699070134,1,0.6793768382606049,0.41916564968737496,1,0.8745062813684262,0.4587404926860353,1,0.6793768382606049,0.46280192058763386,1,0.8745062813684262,0.463186153051248,1,0.8745062813684262,0.500490665217822,1,-0.5049075374142047,-0.2501944149028133
ANCSZ_Hobbs_2022,40,4670,0.6793768382606049,0.42082237853219384,1,0.6793768382606049,0.42823165265746826,1,0.6793768382606049,0.4311218835672251,1,0.6793768382606049,0.4298696645055802,1,0.6793768382606049,0.4290973155641479,1,0.8745062813684262,0.4201895584138143,1,0.8745062813684262,0.45022534038433026,1,0.6793768382606049,0.4470191169632022,1,0.8745062813684262,0.4615212216060301,1,0.8745062813684262,0.4798301070349146,1,-0.28841298258442366,-0.328364030528476
ARGR_ECOLI_Tsuboyama_2023_1AOY,10,1287,0.8002719695570594,0.7711587666958654,0,0.8002719695570594,0.7750338184832334,0,0.8002719695570594,0.7750338184832334,0,0.8002719695570594,0.7750338184832334,0,0.8002719695570594,0.7745959022201955,0,0.7792317334905076,0.7469173259101431,0,0.8002719695570594,0.7711587666958654,0,0.8028375588846713,0.7919842587212899,0,0.908322565828109,0.8064994195465518,1,0.908322565828109,0.8195249278693898,1,-1.143201305039656,-1.7410799678206192
ARGR_ECOLI_Tsuboyama_2023_1AOY,20,1287,0.908322565828109,0.7726809603086173,1,0.908322565828109,0.7726809603086173,1,0.8002719695570594,0.7643773107622364,0,0.8002719695570594,0.7617030086592113,0,0.8002719695570594,0.7613111494795248,0,0.8307630635989623,0.7654899552134932,0,0.908322565828109,0.7817641132063288,1,0.8028375588846713,0.7866770538525841,0,0.8307630635989623,0.7911451764053828,0,0.908322565828109,0.8042774579524417,1,-1.1349367993308905,-1.0974931586913546
ARGR_ECOLI_Tsuboyama_2023_1AOY,30,1287,0.908322565828109,0.7661588333143469,1,0.908322565828109,0.7664517927199744,1,0.908322565828109,0.7616940513021726,1,0.908322565828109,0.7610292237250461,1,0.8028375588846713,0.758362232902203,0,0.908322565828109,0.7666248734652523,1,0.908322565828109,0.783181183813395,1,0.908322565828109,0.7836796632920556,1,0.908322565828109,0.7788088699719546,1,0.908322565828109,0.7971116696312134,1,-0.7504220303644978,-0.7011589341432203
ARGR_ECOLI_Tsuboyama_2023_1AOY,40,1287,0.908322565828109,0.7640616010105642,1,0.908322565828109,0.764588669630329,1,0.908322565828109,0.7626394117955753,1,0.908322565828109,0.7612448388871159,1,0.8028375588846713,0.7577422694262456,0,0.908322565828109,0.7552505972645293,1,0.908322565828109,0.7779418947647729,1,0.908322565828109,0.7784351005512813,1,0.908322565828109,0.7796092683660474,1,0.908322565828109,0.7913024733191982,1,-0.42361364767930426,-0.6186727132918147
BBC1_YEAST_Tsuboyama_2023_1TG0,10,2069,0.8964315721128383,0.6950125430118997,1,0.8964315721128383,0.6848392614720605,1,0.8964315721128383,0.6858143208038072,1,0.8964315721128383,0.6869626713526572,1,0.8964315721128383,0.6707313371268155,1,0.680059640280895,0.6108672797828404,0,0.8964315721128383,0.6950125430118997,1,0.8964315721128383,0.7388537509007053,1,0.7933136052966656,0.7150634119106908,0,0.8964315721128383,0.7959101443361135,1,-0.3368687971478315,-0.9658483887350651
BBC1_YEAST_Tsuboyama_2023_1TG0,20,2069,0.8964315721128383,0.6644259460589848,1,0.8964315721128383,0.652486627535719,1,0.8964315721128383,0.6424877101692129,1,0.8964315721128383,0.6294494849917096,1,0.8964315721128383,0.6243718051042643,1,0.7933136052966656,0.6264374974885873,0,0.8964315721128383,0.7214354271475105,1,0.8964315721128383,0.7025183515733985,1,0.8964315721128383,0.7139919924844931,1,0.8964315721128383,0.75228503053047,1,-0.26321919895497525,-0.7047733469487207
BBC1_YEAST_Tsuboyama_2023_1TG0,30,2069,0.8964315721128383,0.6397745373115904,1,0.8964315721128383,0.6379455547402625,1,0.8964315721128383,0.6363602765978471,1,0.8964315721128383,0.6332658370305851,1,0.8964315721128383,0.6335832696790071,1,0.8226323076568381,0.6359939422097547,0,0.8964315721128383,0.6909164757781968,1,0.8964315721128383,0.6783857636293572,1,0.8964315721128383,0.6896408303172787,1,0.8964315721128383,0.7273372307777645,1,-0.5063136535047262,-0.6563027381733745
BBC1_YEAST_Tsuboyama_2023_1TG0,40,2069,0.8964315721128383,0.6430695895333827,1,0.8964315721128383,0.6422664673045942,1,0.8964315721128383,0.6388330758105675,1,0.8964315721128383,0.6368138213695671,1,0.8964315721128383,0.6149087592221854,1,0.8142971034973524,0.5966044910780005,0,0.8964315721128383,0.6753956776608339,1,0.8964315721128383,0.6675014006340312,1,0.8964315721128383,0.6763818920936221,1,0.8964315721128383,0.707374756130799,1,-0.3606527040512469,-0.49663501364319734
BCHB_CHLTE_Tsuboyama_2023_2KRU,10,1572,0.980903249922182,0.8943003408486286,1,0.980903249922182,0.8877742294265166,1,0.980903249922182,0.8963136265422876,1,0.980903249922182,0.8867733246674621,1,0.980903249922182,0.8851573635318849,1,0.9355484265659326,0.8513717698780028,0,0.9856394511033956,0.9221372674751992,1,0.980903249922182,0.93648373438537,1,0.980903249922182,0.9368571506249259,1,0.9856394511033956,0.9519334054179583,1,-1.5919964711477312,-0.5625231989801796
BCHB_CHLTE_Tsuboyama_2023_2KRU,20,1572,0.980903249922182,0.8863280395792233,1,0.980903249922182,0.8859449582810933,1,0.980903249922182,0.8852426334505824,1,0.980903249922182,0.8819181875136602,1,0.980903249922182,0.870445471306765,1,0.9856394511033956,0.8678986094105832,1,0.9856394511033956,0.9069994801204619,1,0.980903249922182,0.9125008580722299,1,0.9856394511033956,0.9207165154510375,1,0.9856394511033956,0.9344759960351656,1,-1.229997882642278,-0.4731995369574017
BCHB_CHLTE_Tsuboyama_2023_2KRU,30,1572,0.9856394511033956,0.8838596795411355,1,0.980903249922182,0.8748499122592786,1,0.980903249922182,0.8652300170286573,1,0.980903249922182,0.870630329192418,1,0.980903249922182,0.8697008609047645,1,0.9401196449686348,0.8364226611910571,0,0.9856394511033956,0.9021457584254633,1,0.980903249922182,0.8927632630237075,1,0.980903249922182,0.8995448576386769,1,0.9856394511033956,0.9210709519986741,1,-0.9633556236404864,-0.30254769771603446
BCHB_CHLTE_Tsuboyama_2023_2KRU,40,1572,0.9856394511033956,0.8727118624077588,1,0.9856394511033956,0.8700999492018023,1,0.9856394511033956,0.869151856488021,1,0.9856394511033956,0.8620941910081795,1,0.980903249922182,0.8664628173619044,1,0.9521028141750668,0.8560834338574567,0,0.9856394511033956,0.8960468441091567,1,0.9856394511033956,0.8899323822893226,1,0.9856394511033956,0.8937528190155795,1,0.9856394511033956,0.9102636886190579,1,-0.6991964323931058,-0.29378249319644595
BLAT_ECOLX_Deng_2012,10,4996,0.8470521833817026,0.6173044166045805,1,0.8470521833817026,0.5888801481800221,1,0.8470521833817026,0.5888801481800221,1,0.8470521833817026,0.5950628438031119,1,0.8470521833817026,0.5950628438031119,1,0.7477373233832623,0.5067707310634068,0,0.9174629432505842,0.6541048421570848,1,0.8887222949301049,0.7798388442437436,1,0.8887222949301049,0.8033846855590245,1,0.9174629432505842,0.8424439063643564,1,-1.096146676740816,-0.8924649325575924
BLAT_ECOLX_Deng_2012,20,4996,0.8470521833817026,0.6027535366800046,1,0.8470521833817026,0.6040069935013872,1,0.8470521833817026,0.6029599471429873,1,0.8470521833817026,0.5945744659337212,1,0.8470521833817026,0.5874291654022384,1,0.8887222949301049,0.5660195742290589,1,0.9174629432505842,0.6889940467746043,1,0.8887222949301049,0.7393382986801719,1,0.8470521833817026,0.6992451122412933,1,0.9174629432505842,0.7975219146151613,1,-0.9759615286354781,-0.7231973746738302
BLAT_ECOLX_Deng_2012,30,4996,0.8470521833817026,0.6206142291857897,1,0.8470521833817026,0.6185449768065509,1,0.8470521833817026,0.628171522932108,1,0.8470521833817026,0.6118040454185735,1,0.8470521833817026,0.6131926088966264,1,0.830948222488,0.6110641052953156,1,0.9174629432505842,0.6645465035155018,1,0.8887222949301049,0.7022488396229044,1,0.8470521833817026,0.6782097119123697,1,0.9174629432505842,0.764079072171212,1,-0.8646521674218406,-0.4684207256732819
BLAT_ECOLX_Deng_2012,40,4996,0.8470521833817026,0.6224424719332176,1,0.8470521833817026,0.6156885766527681,1,0.8470521833817026,0.6152120567318,1,0.8470521833817026,0.6104024752121187,1,0.8470521833817026,0.6002247835244147,1,0.8566267624093253,0.6207391919282194,1,0.9174629432505842,0.6763559400076196,1,0.8887222949301049,0.6843474552932644,1,0.9174629432505842,0.6767217685971941,1,0.9174629432505842,0.7391505531149091,1,-0.7740215120455292,-0.34735943292202626
BLAT_ECOLX_Firnberg_2014,10,4783,0.4504066721808658,0.3859525778880618,0,0.4504066721808658,0.3859525778880618,0,0.4504066721808658,0.3941825199889717,0,0.44999310725117175,0.383381582575131,0,0.44999310725117175,0.3850944306589469,0,0.44578853046594985,0.3881479183898539,0,0.4504066721808658,0.3859525778880618,0,0.49324510614833195,0.44240419079128757,1,0.5028260270195754,0.43178935759580916,1,0.5028260270195754,0.47949062586159363,1,-1.0635559800390326,-0.9213170288290107
BLAT_ECOLX_Firnberg_2014,20,4783,0.4515439757375241,0.38843396746622555,0,0.4515439757375241,0.38625930521091817,0,0.4504066721808658,0.3851857595809209,0,0.4504066721808658,0.38518575958092094,0,0.4504066721808658,0.3904552660601047,0,0.5028260270195754,0.3964950372208436,1,0.5028260270195754,0.4117866004962779,1,0.49324510614833195,0.4237541356492969,1,0.5028260270195754,0.43771022883926114,1,0.5028260270195754,0.4628687620623105,1,-1.0978619377262864,-0.7317227740784659
BLAT_ECOLX_Firnberg_2014,30,4783,0.4515439757375241,0.391664369083724,0,0.4515439757375241,0.3884856630824373,0,0.4515439757375241,0.3884856630824373,0,0.4515439757375241,0.38700027570995316,0,0.4515439757375241,0.3873403179854793,0,0.5028260270195754,0.38107136292620175,1,0.5028260270195754,0.4148044756915725,1,0.49324510614833195,0.4125149342891279,1,0.5028260270195754,0.4155695708115063,1,0.5028260270195754,0.45066285267898176,1,-0.819956025826324,-0.5428198911992402
BLAT_ECOLX_Firnberg_2014,40,4783,0.5028260270195754,0.3978735869864902,1,0.5028260270195754,0.39179504411359245,1,0.46143507030603803,0.3907645781637717,0,0.46143507030603803,0.3831032878411911,0,0.4515439757375241,0.38189016404742215,0,0.5028260270195754,0.3963675213675214,1,0.5028260270195754,0.41923593879239046,1,0.5028260270195754,0.4125534188034188,1,0.48755858836503996,0.41562586159360354,0,0.5028260270195754,0.43996846567411085,1,-0.6714225795287665,-0.2592661186148846
BLAT_ECOLX_Jacquier_2013,10,989,0.8945469377379811,0.8629110191068295,0,0.8945469377379811,0.8629110191068295,0,0.8945469377379811,0.8629110191068295,0,0.8945469377379811,0.8629110191068295,0,0.8945469377379811,0.8576383660016375,0,0.8813653050145462,0.7905924479525865,0,0.8945469377379811,0.8629110191068295,0,0.9209102033430308,0.9037740807076575,0,1.0,0.9209102033272129,1,1.0,0.9288191829929098,1,,
BLAT_ECOLX_Jacquier_2013,20,989,0.8945469377379811,0.8245108559603969,0,0.9209102033430308,0.8363743254589423,0,0.9209102033430308,0.8547384067961546,0,0.9209102033430308,0.8547384067961546,0,0.9209102033430308,0.8606701415454273,0,1.0,0.8389863556418232,1,1.0,0.8725336110439726,1,0.9209102033430308,0.8486332439407724,0,0.9209102033430308,0.8492803422784948,0,1.0,0.9041575464083109,1,-0.2894955013588497,-0.7671544250463582
BLAT_ECOLX_Jacquier_2013,30,989,0.9209102033430308,0.8334442980685639,0,0.9209102033430308,0.8347624613461802,0,0.9209102033430308,0.8382775634215807,0,0.9209102033430308,0.8403866246657665,0,0.9209102033430308,0.8482354679669452,0,0.9209102033430308,0.8478759688974629,0,1.0,0.8724377446300138,1,0.9209102033430308,0.8463622981892023,0,1.0,0.8502289104737246,1,1.0,0.8840375814730359,1,-0.3444244193808357,-0.5279138324831699
BLAT_ECOLX_Jacquier_2013,40,989,0.9209102033430308,0.8368564885031907,0,0.9209102033430308,0.8358678660449786,0,0.9209102033430308,0.8368564885031907,0,0.9209102033430308,0.8358678660449786,0,0.9209102033430308,0.8365269476851049,0,1.0,0.8499211191902217,1,1.0,0.8621470835914298,1,0.9209102033430308,0.845226825313417,0,1.0,0.8544088659820233,1,1.0,0.8734832877762922,1,-0.39326135401380585,-0.5266016148558771
BLAT_ECOLX_Stiffler_2015,10,4996,0.9429672194745905,0.9167702695218898,1,0.9429672194745905,0.9167702695218898,1,0.9429672194745905,0.9182066837576514,1,0.9429672194745905,0.9179340457952979,1,0.9429672194745905,0.9196184893674214,1,0.922226465624452,0.9124126686606144,0,0.9429672194745905,0.92247623196596,1,0.9429672194745905,0.9258106372367918,1,0.9429672194745905,0.9259999374974801,1,0.9429672194745905,0.9292409648787844,1,-0.6683845182828841,-1.062615508326908
BLAT_ECOLX_Stiffler_2015,20,4996,0.9429672194745905,0.9173179673271517,1,0.9429672194745905,0.9165613777284578,1,0.9429672194745905,0.9165613777284578,1,0.9429672194745905,0.9161353994347896,1,0.9429672194745905,0.9162454213202664,1,0.9233017511207742,0.910514189258281,0,0.9429672194745905,0.9206014549223512,1,0.9429672194745905,0.9212864301464689,1,0.9429672194745905,0.9217541833273016,1,0.9429672194745905,0.9252639643843495,1,-0.8851680157288577,-0.7270775201339352
BLAT_ECOLX_Stiffler_2015,30,4996,0.9429672194745905,0.9158303773570164,1,0.9429672194745905,0.9156411262375953,1,0.9429672194745905,0.9151166244074986,1,0.9429672194745905,0.9145760400873156,1,0.9429672194745905,0.9142469875192154,1,0.929938157359496,0.9101991126641805,0,0.9429672194745905,0.9201960313034284,1,0.9429672194745905,0.9191539349878948,1,0.9429672194745905,0.9189818389523052,1,0.9429672194745905,0.9228621428505638,1,-0.6424829254598481,-0.6214203761736277
BLAT_ECOLX_Stiffler_2015,40,4996,0.9429672194745905,0.9145068301726624,1,0.9429672194745905,0.9146645415904205,1,0.9429672194745905,0.9144397245622102,1,0.9429672194745905,0.9139766535752226,1,0.9429672194745905,0.9135993160364575,1,0.9265251226538523,0.9123244696084696,0,0.9429672194745905,0.9186060453767774,1,0.9429672194745905,0.9172127862813881,1,0.9429672194745905,0.9180552427489186,1,0.9429672194745905,0.9211337062054614,1,-0.4494343036812459,-0.5710228279872404
BRCA1_HUMAN_Findlay_2018,10,1837,0.7934127174428786,0.7211390783461948,0,0.7934127174428786,0.7263806321255398,0,0.8015439815637779,0.7242994770752073,0,0.8038654182042144,0.7297225983250235,0,0.8038654182042144,0.7210114245065229,0,1.0,0.7428379341670641,1,0.936078412446666,0.7611285851020686,1,1.0,0.8404703975107892,1,1.0,0.8287790980350567,1,1.0,0.8673289257920627,1,-0.3198387934081285,-0.6343915738198077
BRCA1_HUMAN_Findlay_2018,20,1837,0.936078412446666,0.7517703650889725,1,0.885921558677965,0.7454706144899791,1,0.8212707200959971,0.7350750196855116,0,0.8038654182042144,0.7287937557445385,0,0.8038654182042144,0.689988391676525,0,0.7934127174428786,0.7185759362074444,0,0.936078412446666,0.7738227054214957,1,1.0,0.8032413668944024,1,1.0,0.798448661427887,1,1.0,0.832226065211572,1,-0.37274508549387675,-0.1943194268569689
BRCA1_HUMAN_Findlay_2018,30,1837,0.936078412446666,0.7480742651719015,1,0.936078412446666,0.748574906984204,1,0.885921558677965,0.7405330630504956,1,0.885921558677965,0.7424844849381973,1,0.879813376727046,0.7160219488408276,1,0.936078412446666,0.7591893875823338,1,0.936078412446666,0.768234636419543,1,1.0,0.7876447566076519,1,1.0,0.7876297265914689,1,1.0,0.8122492334430294,1,-0.44168699803397615,-0.30957192706320946
BRCA1_HUMAN_Findlay_2018,40,1837,0.936078412446666,0.7524776919300873,1,0.936078412446666,0.7512038827653954,1,0.936078412446666,0.7488934054849492,1,0.8908467284827104,0.7309221040895545,1,1.0,0.7310008123207985,1,0.936078412446666,0.7465604769890598,1,0.936078412446666,0.7616930914453,1,1.0,0.7879276067094306,1,1.0,0.7772385477223119,1,1.0,0.7992345401654601,1,-0.5747949393724567,-0.3583190994883083
C6KNH7_9INFA_Lee_2018,10,10754,0.7630025538415613,0.7032751284924362,0,0.7630025538415613,0.7032751284924362,0,0.7630025538415613,0.6974685209257823,0,0.7630025538415613,0.6909850517298176,0,0.7630025538415613,0.6741295261625165,0,0.8543021219180528,0.6987738969178103,1,0.8644487994703469,0.7910508275918188,1,0.849762344632988,0.7798603113544087,1,0.8644487994703469,0.78566986076841,1,0.8644487994703469,0.8176188896376141,1,-1.0275620130387053,-0.607459586846332
C6KNH7_9INFA_Lee_2018,20,10754,0.771055168319227,0.6802571934062631,0,0.771055168319227,0.6802571934062631,0,0.771055168319227,0.6787156920919882,0,0.7630025538415613,0.6565374507535154,0,0.7630025538415613,0.658926712481197,0,0.8644487994703469,0.6608335892053676,1,0.8644487994703469,0.7579836588591834,1,0.849762344632988,0.7456986141520514,1,0.849762344632988,0.7475441194049901,1,0.8644487994703469,0.7828949418457821,1,-0.8807811702199082,-0.5170936503721612
C6KNH7_9INFA_Lee_2018,30,10754,0.7846690300924586,0.6794215016359764,1,0.771055168319227,0.6622588909523011,0,0.771055168319227,0.6614932379288954,0,0.771055168319227,0.6637949534318828,0,0.849762344632988,0.6626565956740662,1,0.8644487994703469,0.6619668453741085,1,0.8644487994703469,0.7273853272289248,1,0.849762344632988,0.7225367141440949,1,0.8543021219180528,0.7234502081387304,1,0.8644487994703469,0.7603751829902453,1,-0.4855094257230981,-0.31099219003889306
C6KNH7_9INFA_Lee_2018,40,10754,0.8086932071409134,0.6740821096665441,1,0.849762344632988,0.6741042817009689,1,0.849762344632988,0.6711388371504591,1,0.849762344632988,0.6627474605439108,1,0.849762344632988,0.6635040327101391,1,0.8644487994703469,0.6497731308796737,1,0.8644487994703469,0.7100420505909185,1,0.849762344632988,0.7054343234072165,1,0.8644487994703469,0.70684536628625,1,0.8644487994703469,0.7432715465441652,1,-0.48615594349230284,-0.2949850074041523
CALM1_HUMAN_Weile_2017,10,1813,0.944020474801803,0.7724105780368986,0,0.944020474801803,0.7724105780368986,0,0.944020474801803,0.7724105780368986,0,0.944020474801803,0.7780542487997665,0,0.944020474801803,0.7780542487997665,0,0.944020474801803,0.8050568293275392,0,0.944020474801803,0.7724105780368986,0,0.944020474801803,0.8647794216705075,0,0.944020474801803,0.8610053079270122,0,0.944020474801803,0.8818877635849846,0,-1.173711700673774,-1.3048837062156815
CALM1_HUMAN_Weile_2017,20,1813,0.944020474801803,0.7752942689849448,0,0.944020474801803,0.7804060227719503,0,0.944020474801803,0.7843796749760886,0,0.944020474801803,0.7843796749760886,0,0.944020474801803,0.7754749776139719,0,0.944020474801803,0.7732327363339205,0,0.944020474801803,0.8038727219759013,0,0.944020474801803,0.838112651808242,0,0.944020474801803,0.8215662885253977,0,0.944020474801803,0.8577384129193727,0,-0.7500106226190727,-0.7478013511263556
CALM1_HUMAN_Weile_2017,30,1813,0.944020474801803,0.7740369434209111,0,0.944020474801803,0.7560536837254926,0,0.944020474801803,0.7690335957567689,0,0.944020474801803,0.7664089337659443,0,0.944020474801803,0.7664688170074642,0,0.9091930383141453,0.7611628007804799,0,0.944020474801803,0.7981184619743127,0,0.944020474801803,0.8165166061006159,0,0.944020474801803,0.8090383225542488,0,0.944020474801803,0.8449421435406387,0,-0.6717868945021418,-0.5865346469724325
CALM1_HUMAN_Weile_2017,40,1813,0.944020474801803,0.7598895564212843,0,0.944020474801803,0.7587309799254954,0,0.944020474801803,0.7606692748484748,0,0.944020474801803,0.7608013930262135,0,0.944020474801803,0.7649774714151624,0,0.944020474801803,0.7745855880031377,0,0.944020474801803,0.7901567181727888,0,0.944020474801803,0.8025363604041724,0,0.944020474801803,0.7987675315482305,0,0.944020474801803,0.8352880041005627,0,-0.4248239318239093,-0.5366073640000556
CAPSD_AAV2S_Sinai_2021,10,42328,0.7318140100939644,0.6452768192208335,0,0.7318140100939644,0.6427429493933593,0,0.8008629939294599,0.6636076698882466,1,0.8008629939294599,0.655437360110687,1,0.8008629939294599,0.6561552241885186,1,0.7110809768652813,0.6052955364011302,0,0.7464635042310501,0.6648914232514709,0,0.8414403878699642,0.7358973213631954,1,0.8008629939294599,0.6959770145742806,1,0.8414403878699642,0.745619196037945,1,-1.192242241147485,-0.9401872138050044
CAPSD_AAV2S_Sinai_2021,20,42328,0.8008629939294599,0.6388003137664909,1,0.8008629939294599,0.6374093361839157,1,0.8008629939294599,0.6374093361839157,1,0.8008629939294599,0.6351004976798518,1,0.8008629939294599,0.6385823982141724,1,0.7272964976847159,0.6321502153277206,0,0.7464635042310501,0.6680498099127634,0,0.8414403878699642,0.7032476632453086,1,0.7464635042310501,0.6793472313311664,0,0.8414403878699642,0.7204599652797188,1,-1.032455359428707,-0.7260454064583147
CAPSD_AAV2S_Sinai_2021,30,42328,0.8008629939294599,0.6485823005461944,1,0.8008629939294599,0.6471473197673403,1,0.8008629939294599,0.6437725698550126,1,0.8008629939294599,0.6445291394860269,1,0.8008629939294599,0.6378885991744792,1,0.7468658083102442,0.6424512413339286,0,0.8008629939294599,0.660335258431694,1,0.8414403878699642,0.6893512038806324,1,0.8414403878699642,0.6755642679342434,1,0.8414403878699642,0.7053099988040661,1,-0.9559216117449467,-0.5976534371105292
CAPSD_AAV2S_Sinai_2021,40,42328,0.8008629939294599,0.6489276470733356,1,0.8008629939294599,0.6438234107250599,1,0.8008629939294599,0.64471748748635,1,0.8008629939294599,0.6404285953428318,1,0.8008629939294599,0.6394982069076921,1,0.7318140100939644,0.6230196921122794,0,0.8008629939294599,0.6591458956367539,1,0.8414403878699642,0.6763541811305612,1,0.8414403878699642,0.6670677474211794,1,0.8414403878699642,0.6930235661197229,1,-0.8357867227772717,-0.49549049476599005
CAR11_HUMAN_Meitlis_2020_gof,10,2374,0.3847690111947957,0.3366182449237692,0,0.3847690111947957,0.3366182449237692,0,0.3847690111947957,0.3366182449237692,0,0.3847690111947957,0.3366182449237692,0,0.5719496078172126,0.3706148837773805,0,0.41343228216546196,0.3379658192177324,0,0.3847690111947957,0.3366182449237692,0,0.5719496078172126,0.4097533882805943,0,0.41343228216546196,0.3781318519773125,0,0.5719496078172126,0.42361073262440635,0,-1.1795196331724727,-0.7798131148558738
CAR11_HUMAN_Meitlis_2020_gof,20,2374,0.39119922215808167,0.3322107013729769,0,0.39119922215808167,0.3354593075102385,0,0.39119922215808167,0.33813024363693633,0,0.5719496078172126,0.3477057509066312,0,0.5719496078172126,0.34510220813240355,0,0.43828367478011454,0.34963120577098994,0,0.4313093650470118,0.3485410407790624,0,0.5719496078172126,0.38301092689578387,0,0.43828367478011454,0.36417468044937096,0,0.5719496078172126,0.3984691410950179,0,-0.7637818557252725,-0.5906739344571796
CAR11_HUMAN_Meitlis_2020_gof,30,2374,0.39119922215808167,0.33193872935679225,0,0.5719496078172126,0.3442476371081823,0,0.5719496078172126,0.34215041498008836,0,0.5719496078172126,0.3426305336450863,0,0.5719496078172126,0.3404264305762115,0,0.5719496078172126,0.3482900705648765,0,0.4313093650470118,0.35142957917250106,0,0.5719496078172126,0.3666505332930687,0,0.5719496078172126,0.3706819602347167,0,0.5719496078172126,0.38423066495219654,0,-0.5652915626219461,-0.6141225048124214
CAR11_HUMAN_Meitlis_2020_gof,40,2374,0.5719496078172126,0.34396904300939934,0,0.5719496078172126,0.34620502752034804,0,0.5719496078172126,0.34542462774214333,0,0.5719496078172126,0.34458278806796516,0,0.5719496078172126,0.3447207704910607,0,0.5719496078172126,0.33892970160952113,0,0.4313093650470118,0.3495033494760897,0,0.5719496078172126,0.3575180534104033,0,0.43828367478011454,0.3523434621291952,0,0.5719496078172126,0.3759048503981705,0,-0.5336601453271945,-0.6678244930876696
CAR11_HUMAN_Meitlis_2020_lof,10,2395,0.7454073062983277,0.6209509880461944,0,0.7454073062983277,0.6283858232776334,0,0.7454073062983277,0.6283858232776334,0,0.7454073062983277,0.6270299896553054,0,0.7454073062983277,0.634501728084704,0,0.7022754337840488,0.6338592709926987,0,0.762524280030178,0.6618379815536791,0,0.7454073062983277,0.6950860515840089,0,0.7121091009676174,0.6838158195560294,0,0.762524280030178,0.7091792805805397,0,-1.292338376541876,-0.6138033981155995
CAR11_HUMAN_Meitlis_2020_lof,20,2395,0.7454073062983277,0.6344563183112076,0,0.7454073062983277,0.6365783803308179,0,0.7454073062983277,0.6383483134776708,0,0.7454073062983277,0.6383483134776708,0,0.7454073062983277,0.624854793890149,0,0.692833023575192,0.6401010305987502,0,0.762524280030178,0.6583034853041796,0,0.7454073062983277,0.6798032997676254,0,0.762524280030178,0.6654411924259542,0,0.762524280030178,0.6947136012040762,0,-0.8038919516546624,-0.8743149494884684
CAR11_HUMAN_Meitlis_2020_lof,30,2395,0.7454073062983277,0.6447775446714613,0,0.7454073062983277,0.6457394394418821,0,0.7454073062983277,0.6463746571834043,0,0.7454073062983277,0.6338331186415923,0,0.7454073062983277,0.6292967935864078,0,0.7454073062983277,0.6459220475634597,0,0.762524280030178,0.6548577609461083,0,0.7454073062983277,0.6726542341762334,0,0.762524280030178,0.6689464076012019,0,0.762524280030178,0.6873316892330111,0,-0.7612301183861704,-0.5409783483490072
CAR11_HUMAN_Meitlis_2020_lof,40,2395,0.7454073062983277,0.6486792449438915,0,0.7454073062983277,0.6499715351643292,0,0.7454073062983277,0.6389058702750222,0,0.7454073062983277,0.6361992147147316,0,0.7454073062983277,0.6353792009792364,0,0.713642627833961,0.6400173536577047,0,0.762524280030178,0.6598811290451975,0,0.7454073062983277,0.6670433985175964,0,0.7454073062983277,0.6656296099607988,0,0.762524280030178,0.6819302933472989,0,-0.6152041353145138,-0.4097169305448894
CAS9_STRP1_Spencer_2017_positive,10,8117,0.7164558087250755,0.6218228747500405,0,0.7099197960619984,0.6075316017908473,0,0.7099197960619984,0.6075316017908473,0,0.7099197960619984,0.6075316017908473,0,0.7099197960619984,0.6205960562206843,0,0.7488347308339007,0.6153036969588905,0,0.8879059149459234,0.7219155341455763,1,0.7306602357297992,0.6532929680076143,0,0.8879059149459234,0.7035641421632732,1,0.8879059149459234,0.7380272561331221,1,-0.32436407128737965,-0.5905108659794579
CAS9_STRP1_Spencer_2017_positive,20,8117,0.7164558087250755,0.6071570966994599,0,0.7164558087250755,0.6066942271845818,0,0.7164558087250755,0.6054159155934864,0,0.7099197960619984,0.5993029089884582,0,0.7099197960619984,0.5993029089884582,0,0.6283201406853035,0.5603518613473071,0,0.8879059149459234,0.6846060553798126,1,0.7306602357297992,0.640965608882143,0,0.8879059149459234,0.65175176953332,1,0.8879059149459234,0.6997280063909147,1,-0.6100593391216643,-0.3858815001712529
CAS9_STRP1_Spencer_2017_positive,30,8117,0.7164558087250755,0.5991135171221418,0,0.7164558087250755,0.5978678120024362,0,0.7164558087250755,0.5954022310905852,0,0.7164558087250755,0.5976585669101929,0,0.7306602357297992,0.6019535290256778,0,0.7488347308339007,0.6069806279111931,0,0.8879059149459234,0.6627653601538164,1,0.7306602357297992,0.6308106737180653,0,0.8879059149459234,0.649576160700746,1,0.8879059149459234,0.679438220622547,1,-0.5404529984267705,-0.5000865454417364
CAS9_STRP1_Spencer_2017_positive,40,8117,0.7185503547114666,0.5998615809148679,0,0.7185503547114666,0.5998615809148679,0,0.7164558087250755,0.5971048981606156,0,0.7306602357297992,0.5978795232242538,0,0.7306602357297992,0.5922525051962848,0,0.7589717986353764,0.6088315171444549,0,0.8879059149459234,0.6474538464975294,1,0.7306602357297992,0.6269430886043146,0,0.8879059149459234,0.6357730866526335,1,0.8879059149459234,0.6650174394095615,1,-0.4664187156545167,-0.45013085491208393
CASP3_HUMAN_Roychowdhury_2020,10,1567,0.8288810570164429,0.6779904192057469,0,0.8288810570164429,0.6758019214566033,0,0.8288810570164429,0.68700360435119,0,0.8288810570164429,0.68700360435119,0,0.8288810570164429,0.695764655284439,0,0.76453934962434,0.6561352137055699,0,0.8612814919548746,0.7261308255847521,1,0.8288810570164429,0.7484823193661165,0,0.8612814919548746,0.7469541118073694,1,0.8612814919548746,0.7755137718718189,1,-0.33260117311638016,-1.146125197275666
CASP3_HUMAN_Roychowdhury_2020,20,1567,0.8288810570164429,0.6690364423281236,0,0.8288810570164429,0.6627059769733156,0,0.8288810570164429,0.6628606690260207,0,0.8288810570164429,0.6747402556368914,0,0.8288810570164429,0.685139976827295,0,0.8288810570164429,0.6865416604850269,0,0.8612814919548746,0.7145894955747194,1,0.8288810570164429,0.714333653693668,0,0.8612814919548746,0.7217192481912983,1,0.8612814919548746,0.75023237630915,1,-0.02800983066260924,-0.641579634932797
CASP3_HUMAN_Roychowdhury_2020,30,1567,0.8288810570164429,0.6601286222757805,0,0.8288810570164429,0.6560012698460067,0,0.8288810570164429,0.6661836764549011,0,0.8288810570164429,0.664555203703613,0,0.8288810570164429,0.6790568396889292,0,0.7660520443923196,0.6870827470861623,0,0.8612814919548746,0.708061872651908,1,0.8288810570164429,0.7033132656699985,0,0.8288810570164429,0.705646457529372,0,0.8612814919548746,0.7360013942621089,1,0.06485586278482676,-0.15054517162862543
CASP3_HUMAN_Roychowdhury_2020,40,1567,0.8288810570164429,0.6604700675658743,0,0.8288810570164429,0.6612272998429184,0,0.8288810570164429,0.6644912057974521,0,0.8288810570164429,0.66847355871194,0,0.8288810570164429,0.6719793179065101,0,0.8612814919548746,0.6796810456770229,1,0.8612814919548746,0.6995751388419582,1,0.8288810570164429,0.6890278852861801,0,0.8288810570164429,0.6913812706161342,0,0.8612814919548746,0.7268057374018019,1,-0.07513664667265799,0.06075954647988693
CASP7_HUMAN_Roychowdhury_2020,10,1680,0.5230074978247276,0.46839500005047213,0,0.5230074978247276,0.4703472144667575,0,0.5230074978247276,0.4703472144667575,0,0.5230074978247276,0.4648825159981152,0,0.5230074978247276,0.45942903272215857,0,0.5223712809083504,0.4739494382824064,0,0.5473156480939229,0.49411898788139386,0,0.5323162224084032,0.5090227157004893,0,0.5473156480939229,0.4975455741685548,0,0.5473156480939229,0.5291385582228297,0,-0.6348959165587129,-1.0339886626137678
CASP7_HUMAN_Roychowdhury_2020,20,1680,0.5230074978247276,0.46968012047240515,0,0.5230074978247276,0.46948369023082975,0,0.5230074978247276,0.46948369023082975,0,0.5230074978247276,0.4695741803451851,0,0.5230074978247276,0.46555725674968423,0,0.5223712809083504,0.46705470899833335,0,0.5473156480939229,0.49923200651199345,0,0.5323162224084032,0.4933169344727597,0,0.5473156480939229,0.4953882879797458,0,0.5473156480939229,0.5199120802591375,0,-0.8221645918462477,-0.6993281998623506
CASP7_HUMAN_Roychowdhury_2020,30,1680,0.5230074978247276,0.4661049359839112,0,0.5230074978247276,0.46420054020016344,0,0.5230074978247276,0.46201959236997686,0,0.5230074978247276,0.462714294204893,0,0.5230074978247276,0.45620377716304916,0,0.5305750772517731,0.46415750666027666,0,0.5473156480939229,0.4920503005979718,0,0.5323162224084032,0.48754965225575797,0,0.5473156480939229,0.48626856190781453,0,0.5473156480939229,0.509054108662429,0,-0.619929849626491,-0.6031221760960119
CASP7_HUMAN_Roychowdhury_2020,40,1680,0.5230074978247276,0.45945132594324545,0,0.5230074978247276,0.45979365115067794,0,0.5323162224084032,0.456676029056088,0,0.5323162224084032,0.45431603608384735,0,0.5323162224084032,0.45607032015527915,0,0.5473156480939229,0.46571373534616556,0,0.5473156480939229,0.4862948717384057,0,0.5323162224084032,0.48018257968139066,0,0.5473156480939229,0.4896410887265354,0,0.5473156480939229,0.5003524753599616,0,-0.31349887671614146,-0.5914233092965887
CATR_CHLRE_Tsuboyama_2023_2AMI,10,1903,0.7004067970801081,0.6501282285110592,0,0.7004067970801081,0.635350688470978,0,0.7004067970801081,0.6345437935671375,0,0.7004067970801081,0.6300926608822448,0,0.7004067970801081,0.6300926608822449,0,0.8043344802967786,0.6397994834739332,0,0.9122568914696264,0.7091443463826148,1,0.7271989635227271,0.6935325592939425,0,0.9122568914696264,0.7092114137631171,1,0.9122568914696264,0.7573089184020768,1,-1.3807418082638028,-0.7869567865269366
CATR_CHLRE_Tsuboyama_2023_2AMI,20,1903,0.7271989635227271,0.640827440046125,0,0.7271989635227271,0.6368149173633388,0,0.7271989635227271,0.6368149173633388,0,0.7271989635227271,0.6384705502788268,0,0.7271989635227271,0.6379564619787415,0,0.7216562392566097,0.6229649689637461,0,0.9122568914696264,0.6946767146921297,1,0.7271989635227271,0.6775579764035687,0,0.9122568914696264,0.6969299488844906,1,0.9122568914696264,0.723136117199871,1,-0.9553338363372278,-0.6969589282664003
CATR_CHLRE_Tsuboyama_2023_2AMI,30,1903,0.7271989635227271,0.6343237056868953,0,0.7271989635227271,0.6378604938627802,0,0.7271989635227271,0.6386205828365941,0,0.7271989635227271,0.6374620921862996,0,0.7271989635227271,0.6382664917070608,0,0.8043344802967786,0.6385533116005638,0,0.9122568914696264,0.680530167129527,1,0.7271989635227271,0.6644127614188398,0,0.7413281585129454,0.6740474636830328,0,0.9122568914696264,0.7042979015351314,1,-0.6760899113718337,-0.44666339576105657
CATR_CHLRE_Tsuboyama_2023_2AMI,40,1903,0.7271989635227271,0.6390475064305031,0,0.7271989635227271,0.64041500473037,0,0.7271989635227271,0.638949335636818,0,0.7271989635227271,0.6362753251847643,0,0.7271989635227271,0.6339226360520694,0,0.8043344802967786,0.6491396974204874,0,0.9122568914696264,0.6716552719461886,1,0.7271989635227271,0.6595607765204577,0,0.8043344802967786,0.6654252267952309,0,0.9122568914696264,0.6920806038590173,1,-0.5046006436282295,-0.20472604601016117
CBPA2_HUMAN_Tsuboyama_2023_1O6X,10,2068,0.9467456487220303,0.9020278079963506,0,0.9467456487220303,0.8965699361970708,0,0.9467456487220303,0.8968197379851833,0,0.9467456487220303,0.8968197379851833,0,0.9467456487220303,0.8932333807023148,0,0.8970154657740457,0.8657756019591375,0,0.9467456487220303,0.9103840026773059,0,0.9467456487220303,0.9145618264848415,0,0.9467456487220303,0.9109745382327676,0,0.9467456487220303,0.9268113126765627,0,-0.3683891123905513,-1.073385207465872
CBPA2_HUMAN_Tsuboyama_2023_1O6X,20,2068,0.9467456487220303,0.8887017011120428,0,0.9467456487220303,0.8855349290676399,0,0.9467456487220303,0.8855349290676399,0,0.9467456487220303,0.8860779565156859,0,0.9467456487220303,0.8839126907363496,0,0.943815054978358,0.863876907937569,0,0.9467456487220303,0.8974894937459065,0,0.9467456487220303,0.9005213455886663,0,0.9467456487220303,0.8983256387391025,0,0.9467456487220303,0.9127908368244627,0,-0.6203724898469093,-0.6937202861878088
CBPA2_HUMAN_Tsuboyama_2023_1O6X,30,2068,0.9467456487220303,0.8834134190960392,0,0.9467456487220303,0.8806848430855605,0,0.9467456487220303,0.8788525535253615,0,0.9467456487220303,0.8809226726454722,0,0.9467456487220303,0.8799569876569139,0,0.943815054978358,0.8716752244528422,0,0.9467456487220303,0.8949205280664274,0,0.9467456487220303,0.8953978077377746,0,0.9467456487220303,0.895417393070545,0,0.9467456487220303,0.9040706957680705,0,-0.6589779867023718,-0.513591919862513
CBPA2_HUMAN_Tsuboyama_2023_1O6X,40,2068,0.9467456487220303,0.8754409338546147,0,0.9467456487220303,0.8746300051262553,0,0.9467456487220303,0.8745819743746284,0,0.9467456487220303,0.875184252835423,0,0.9467456487220303,0.8749473888640015,0,0.9283280536698624,0.866467595252062,0,0.9467456487220303,0.88774710648171,0,0.9467456487220303,0.8883060607164427,0,0.9467456487220303,0.8900465960693587,0,0.9467456487220303,0.8978215596938977,0,-0.4793099717461921,-0.5135087831094901
CBS_HUMAN_Sun_2020,10,7217,0.5550318279649061,0.23029103472693022,0,0.5550318279649061,0.23029103472693022,0,0.4759463600269647,0.21774719554955516,0,0.4759463600269647,0.21774719554955516,0,0.6244774509576684,0.23348970025829996,0,0.5750860194839764,0.25246021855627987,0,0.6106208153539247,0.39307727111037827,0,0.7375188680968303,0.5305661168135072,1,0.6244774509576684,0.46180228059390876,0,0.7375188680968303,0.6178049840802569,1,-1.0643506639232116,-0.912092768922665
CBS_HUMAN_Sun_2020,20,7217,0.7375188680968303,0.2914953927326675,1,0.7375188680968303,0.278729155716284,1,0.7375188680968303,0.278729155716284,1,0.7375188680968303,0.331638106701027,1,0.7375188680968303,0.32134714464929964,1,0.6244774509576684,0.26224984102678583,0,0.6106208153539247,0.41547650393999574,0,0.7375188680968303,0.4599489551164342,1,0.7211897850116743,0.4944391937073322,1,0.7375188680968303,0.5665130919942367,1,-0.5760022385803849,-0.749621137777221
CBS_HUMAN_Sun_2020,30,7217,0.7375188680968303,0.3063372697893513,1,0.7375188680968303,0.29964146605507247,1,0.7375188680968303,0.2904990273692323,1,0.7375188680968303,0.28381854347243496,1,0.7375188680968303,0.27736322825784543,1,0.7211897850116743,0.3011214132753886,1,0.6106208153539247,0.41840782173627367,0,0.7375188680968303,0.4022131644891991,1,0.7375188680968303,0.44266844006534617,1,0.7375188680968303,0.5268954726968059,1,-0.4594052837369709,-0.5962387350156677
CBS_HUMAN_Sun_2020,40,7217,0.7375188680968303,0.2826863161940232,1,0.7375188680968303,0.2740752106476992,1,0.7375188680968303,0.2745183889799379,1,0.7375188680968303,0.2696557318938341,1,0.7375188680968303,0.2732922679199694,1,0.7375188680968303,0.2843342364776576,1,0.7375188680968303,0.40294013843141185,1,0.7375188680968303,0.3879209329039065,1,0.7375188680968303,0.3954993049599037,1,0.7375188680968303,0.4944843028648696,1,-0.31635781461871754,-0.20651031769234715
CBX4_HUMAN_Tsuboyama_2023_2K28,10,2282,0.826094287218728,0.7485929188873666,1,0.826094287218728,0.7485929188873666,1,0.8026499052911411,0.744206941294466,0,0.8026499052911411,0.744206941294466,0,0.8026499052911411,0.7382952171352638,0,0.8038778279512766,0.701549067934934,0,0.826094287218728,0.7485929188873666,1,0.835016310570814,0.7994527107214605,1,0.826094287218728,0.7780616545413378,1,0.835016310570814,0.81187196186788,1,-1.2257018192394533,-1.1383508884959332
CBX4_HUMAN_Tsuboyama_2023_2K28,20,2282,0.835016310570814,0.7405426931887115,1,0.835016310570814,0.7405426931887115,1,0.835016310570814,0.7353444018819373,1,0.835016310570814,0.7353444018819373,1,0.835016310570814,0.7356624965473952,1,0.8038778279512766,0.7030862931121686,0,0.835016310570814,0.7465297108242327,1,0.835016310570814,0.7762268025031309,1,0.826094287218728,0.7602642501456932,1,0.835016310570814,0.7962898655542381,1,-0.9837037491248738,-0.9863193724654964
CBX4_HUMAN_Tsuboyama_2023_2K28,30,2282,0.835016310570814,0.7339662197678549,1,0.835016310570814,0.7339662197678549,1,0.835016310570814,0.7308182190465508,1,0.835016310570814,0.7272869999592505,1,0.835016310570814,0.7268342509994908,1,0.8050341267729246,0.7246494451337946,0,0.835016310570814,0.7453460117581179,1,0.835016310570814,0.7557503640966093,1,0.835016310570814,0.7557073202495471,1,0.835016310570814,0.7813373559636632,1,-0.9189630219551588,-0.8148305955798876
CBX4_HUMAN_Tsuboyama_2023_2K28,40,2282,0.835016310570814,0.7240703729817841,1,0.835016310570814,0.7224876993868762,1,0.835016310570814,0.7246845617379257,1,0.835016310570814,0.725165152678289,1,0.835016310570814,0.7234435870809651,1,0.835016310570814,0.709401952956917,1,0.835016310570814,0.7466085472247068,1,0.835016310570814,0.7395053088934221,1,0.835016310570814,0.7391977304505256,1,0.835016310570814,0.7669822315840932,1,-0.768475961409827,-0.6971113340035475
CCDB_ECOLI_Adkar_2012,10,1176,0.9186046511627907,0.8209302325581395,0,0.9186046511627907,0.805813953488372,0,1.0,0.822093023255814,0,1.0,0.822093023255814,0,1.0,0.772093023255814,0,1.0,0.8267441860465116,0,1.0,0.8534883720930233,0,1.0,1.0,0,1.0,1.0,0,1.0,1.0,0,-0.9765202384142052,-0.6560617971707725
CCDB_ECOLI_Adkar_2012,20,1176,1.0,0.7906976744186046,0,1.0,0.8255813953488372,0,1.0,0.8011627906976745,0,1.0,0.8011627906976745,0,1.0,0.8145348837209302,0,1.0,0.8808139534883721,0,1.0,0.9267441860465117,0,1.0,0.9773255813953488,0,1.0,0.9744186046511628,0,1.0,1.0,0,-0.589185691104354,-0.8334773057606402
CCDB_ECOLI_Adkar_2012,30,1176,1.0,0.8135658914728683,0,1.0,0.8069767441860466,0,1.0,0.8011627906976745,0,1.0,0.8193798449612403,0,1.0,0.8209302325581395,0,1.0,0.8310077519379845,0,1.0,0.8934108527131782,0,1.0,0.9515503875968991,0,1.0,0.9224806201550387,0,1.0,0.9937984496124032,0,-0.5586534042075877,-0.5659951237882084
CCDB_ECOLI_Adkar_2012,40,1176,1.0,0.8354651162790697,0,1.0,0.8395348837209302,0,1.0,0.8375,0,1.0,0.8354651162790697,0,1.0,0.8459302325581395,0,1.0,0.8427325581395348,0,1.0,0.8886627906976744,0,1.0,0.9281976744186047,0,1.0,0.8872093023255814,0,1.0,0.976453488372093,0,-0.4905184376140615,-0.3138131214564494
CCDB_ECOLI_Tripathi_2016,10,1663,1.0,1.0,0,1.0,1.0,0,1.0,1.0,0,1.0,1.0,0,1.0,1.0,0,1.0,1.0,0,1.0,1.0,0,1.0,1.0,0,1.0,1.0,0,1.0,1.0,0,,
CCDB_ECOLI_Tripathi_2016,20,1663,1.0,1.0,0,1.0,1.0,0,1.0,1.0,0,1.0,1.0,0,1.0,1.0,0,1.0,1.0,0,1.0,1.0,0,1.0,1.0,0,1.0,1.0,0,1.0,1.0,0,,
CCDB_ECOLI_Tripathi_2016,30,1663,1.0,1.0,0,1.0,1.0,0,1.0,1.0,0,1.0,1.0,0,1.0,1.0,0,1.0,1.0,0,1.0,1.0,0,1.0,1.0,0,1.0,1.0,0,1.0,1.0,0,,
CCDB_ECOLI_Tripathi_2016,40,1663,1.0,1.0,0,1.0,1.0,0,1.0,1.0,0,1.0,1.0,0,1.0,1.0,0,1.0,1.0,0,1.0,1.0,0,1.0,1.0,0,1.0,1.0,0,1.0,1.0,0,,
CCR5_HUMAN_Gill_2023,10,6137,0.4484732824427481,0.3889312977099237,0,0.4484732824427481,0.3889312977099237,0,0.4484732824427481,0.3908396946564886,0,0.48027989821882955,0.4069974554707379,0,0.48027989821882955,0.4053435114503817,0,0.455470737913486,0.3993002544529263,0,0.7652671755725192,0.4401399491094148,1,0.5057251908396947,0.47067430025445295,1,0.7652671755725192,0.4782442748091603,1,0.7652671755725192,0.5092239185750635,1,-0.7432805545815091,-1.328946032444834
CCR5_HUMAN_Gill_2023,20,6137,0.48664122137404586,0.4091284987277354,0,0.48664122137404586,0.4091284987277354,0,0.48664122137404586,0.41151399491094154,0,0.48027989821882955,0.40645674300254453,0,0.48027989821882955,0.4053435114503817,0,0.48027989821882955,0.4009382951653944,0,0.7652671755725192,0.4383905852417303,1,0.5057251908396947,0.45143129770992374,1,0.5057251908396947,0.4374045801526718,1,0.7652671755725192,0.47942111959287537,1,-0.5904350075009763,-1.0097150542334246
CCR5_HUMAN_Gill_2023,30,6137,0.48664122137404586,0.4061386768447838,0,0.48664122137404586,0.40766539440203564,0,0.48664122137404586,0.4091178965224767,0,0.48664122137404586,0.40903307888040713,0,0.5057251908396947,0.4138252756573368,1,0.5057251908396947,0.40057251908396946,1,0.7652671755725192,0.43778625954198475,1,0.5057251908396947,0.43558100084817647,1,0.7652671755725192,0.4384117896522477,1,0.7652671755725192,0.4636132315521629,1,-0.18538509601579364,-0.7757949424848117
CCR5_HUMAN_Gill_2023,40,6137,0.48664122137404586,0.3990060432569975,0,0.48664122137404586,0.403109096692112,0,0.48664122137404586,0.4022026081424937,0,0.5057251908396947,0.40294211195928753,1,0.5057251908396947,0.4077767175572519,1,0.5057251908396947,0.40756202290076343,1,0.7652671755725192,0.43178276081424943,1,0.5057251908396947,0.4242445928753181,1,0.7652671755725192,0.43351622137404583,1,0.7652671755725192,0.4528466921119593,1,0.06550163965174133,-0.7339720092535877
CD19_HUMAN_Klesmith_2019_FMC_singles,10,3761,0.8187098175188888,0.542263831846266,0,0.8187098175188888,0.579375138971838,0,0.8187098175188888,0.5477312131083231,0,0.7256236082997899,0.4897346216883885,0,0.7256236082997899,0.4865912548364335,0,0.8395919551461164,0.37064614701406934,1,0.836756840903417,0.6412599463687785,1,0.8395919551461164,0.6876595493947184,1,0.836756840903417,0.6844934085672163,1,0.8395919551461164,0.7737305065307922,1,-1.5907611047930648,-0.9093106555428042
CD19_HUMAN_Klesmith_2019_FMC_singles,20,3761,0.8187098175188888,0.478299728545628,0,0.8395919551461164,0.49410092338239886,1,0.8395919551461164,0.49410092338239886,1,0.8395919551461164,0.5126233892112677,1,0.8395919551461164,0.5050193314218102,1,0.7690084023320853,0.4016661184700249,0,0.836756840903417,0.6279241809580091,1,0.8395919551461164,0.6093702625177356,1,0.8395919551461164,0.6729740016867085,1,0.8395919551461164,0.700685111244246,1,-0.936962275964858,-0.49813075261756706
CD19_HUMAN_Klesmith_2019_FMC_singles,30,3761,0.8395919551461164,0.47467373435250326,1,0.8395919551461164,0.482430513382027,1,0.8395919551461164,0.48448045986530563,1,0.8395919551461164,0.49436497237986377,1,0.8395919551461164,0.49072372305308537,1,0.8395919551461164,0.38567899400660527,1,0.836756840903417,0.5738659894288122,1,0.8395919551461164,0.5484910484384501,1,0.8395919551461164,0.5727019017015166,1,0.8395919551461164,0.6340050305439724,1,-0.7498237483310797,-0.26989472619160515
CD19_HUMAN_Klesmith_2019_FMC_singles,40,3761,0.8395919551461164,0.4713295215755075,1,0.8395919551461164,0.47130235545664134,1,0.8395919551461164,0.47362534032186937,1,0.8395919551461164,0.4733889892941375,1,0.8395919551461164,0.47691641884400426,1,0.8395919551461164,0.43594452807318956,1,0.836756840903417,0.5301939213058982,1,0.8395919551461164,0.5087184680639003,1,0.8395919551461164,0.5326570838259984,1,0.8395919551461164,0.5889528317351401,1,-0.6415383076192533,-0.3835675748517877
CP2C9_HUMAN_Amorosi_2021_abundance,10,6370,0.731691645904593,0.6792938646357803,0,0.7844334603708808,0.6886861850319982,0,0.7844334603708808,0.6886861850319982,0,0.7844334603708808,0.6886861850319982,0,0.7844334603708808,0.683141748235379,0,0.82384286485058,0.7010765445930965,1,0.8329403512061702,0.7163247356490865,1,0.82384286485058,0.7719319041441798,1,0.7950178859213879,0.7617912055206177,0,0.8329403512061702,0.7928381931015173,1,-0.8601378372736733,-0.3573001715890216
CP2C9_HUMAN_Amorosi_2021_abundance,20,6370,0.7844334603708808,0.6874538133135931,0,0.7844334603708808,0.6826379208849533,0,0.7844334603708808,0.6781139458798606,0,0.7844334603708808,0.6881876690940603,0,0.7844334603708808,0.6931091330060903,0,0.8329403512061702,0.6976232978649816,1,0.8329403512061702,0.7264999276283483,1,0.82384286485058,0.7467414814488935,1,0.8010615442848125,0.7391094149922772,0,0.8329403512061702,0.7740428869358976,1,-0.6156986510530734,-0.6016333908072979
CP2C9_HUMAN_Amorosi_2021_abundance,30,6370,0.8010615442848125,0.6914763050361856,0,0.8010615442848125,0.6951102733126417,0,0.8010615442848125,0.6910706871656926,0,0.82384286485058,0.6925576541399451,1,0.82384286485058,0.6904919656345841,1,0.82384286485058,0.6999180113518191,1,0.8329403512061702,0.7246885422073652,1,0.82384286485058,0.7389509385727068,1,0.82384286485058,0.7259047060600766,1,0.8329403512061702,0.7612094792742811,1,-0.4963553527079212,-0.4777272109695697
CP2C9_HUMAN_Amorosi_2021_abundance,40,6370,0.8329403512061702,0.6974727899584383,1,0.8010615442848125,0.6955585399851195,0,0.82384286485058,0.700207348236736,1,0.82384286485058,0.6939205336158335,1,0.82384286485058,0.6851918729417801,1,0.8010615442848125,0.700132700975092,0,0.8329403512061702,0.7175893615870873,1,0.82384286485058,0.7235924730664366,1,0.8329403512061702,0.7184644589163806,1,0.8329403512061702,0.7509953831794223,1,-0.2980608494139864,-0.38455376674931735
CP2C9_HUMAN_Amorosi_2021_activity,10,6142,0.9204192202165632,0.783553362279611,1,0.9204192202165632,0.7995152576417179,1,0.9204192202165632,0.7995152576417179,1,0.9204192202165632,0.8040939527045096,1,0.9204192202165632,0.8040939527045096,1,0.9659882670282995,0.7944539658330934,1,0.9204192202165632,0.783553362279611,1,0.9414137848343147,0.8944765060907891,1,0.9572124729884148,0.898141783240316,1,0.9659882670282995,0.9413943917019101,1,-1.0557990266596475,-1.1483023160634387
CP2C9_HUMAN_Amorosi_2021_activity,20,6142,0.9572124729884148,0.833108635312171,1,0.9572124729884148,0.8296984103096515,1,0.9572124729884148,0.8242477998170207,1,0.9204192202165632,0.8051857171937777,1,0.9204192202165632,0.8014372984872764,1,0.9659882670282995,0.8042311625550861,1,0.9659882670282995,0.8497328378244405,1,0.9535745064603866,0.8755539340288417,1,0.9611471206685676,0.8768375064765006,1,0.9659882670282995,0.9156044690283701,1,-1.0308940405152167,-0.5197358820364987
CP2C9_HUMAN_Amorosi_2021_activity,30,6142,0.9572124729884148,0.8267463086686855,1,0.9572124729884148,0.8233125076062007,1,0.9572124729884148,0.8255967442732466,1,0.9572124729884148,0.8245089047449877,1,0.9572124729884148,0.8144272248232576,1,0.9451537845549749,0.7837866997926765,1,0.9659882670282995,0.8555989730440327,1,0.9572124729884148,0.8633956685942614,1,0.9572124729884148,0.8572444913915024,1,0.9659882670282995,0.8963478854496756,1,-0.8847977246863512,-0.2646018636899727
CP2C9_HUMAN_Amorosi_2021_activity,40,6142,0.9572124729884148,0.8212661817782916,1,0.9572124729884148,0.8160123659125664,1,0.9572124729884148,0.8190868711025537,1,0.9572124729884148,0.8197378069213209,1,0.9572124729884148,0.7936697115571498,1,0.9535745064603866,0.8051674016241913,1,0.9659882670282995,0.8499951545486454,1,0.9572124729884148,0.8504128017281941,1,0.9659882670282995,0.8503016791476256,1,0.9659882670282995,0.8797901289675658,1,-0.7777226615052354,-0.04159380169659979
CSN4_MOUSE_Tsuboyama_2023_1UFM,10,3295,0.971024698756039,0.7926401895825429,1,0.971024698756039,0.7979085134460795,1,0.971024698756039,0.8091511743925506,1,0.971024698756039,0.8107787078787332,1,0.971024698756039,0.8107787078787332,1,0.7820195520233719,0.7304054229567339,0,0.9731002161633268,0.8169138490766361,1,0.971024698756039,0.8706577335474314,1,0.971024698756039,0.8440369539471027,1,0.9731002161633268,0.9024698119492806,1,-2.0672398875089475,-0.5772086866467077
CSN4_MOUSE_Tsuboyama_2023_1UFM,20,3295,0.971024698756039,0.7986780464617069,1,0.971024698756039,0.7996000369030649,1,0.971024698756039,0.8007802939284803,1,0.971024698756039,0.7916038293465804,1,0.971024698756039,0.7916038293465804,1,0.971024698756039,0.7529355081133193,1,0.9731002161633268,0.8235047895060184,1,0.971024698756039,0.8357314492997349,1,0.9731002161633268,0.8391148064234042,1,0.9731002161633268,0.8599448046872241,1,-2.0672398875089475,-0.7677411680010228
CSN4_MOUSE_Tsuboyama_2023_1UFM,30,3295,0.971024698756039,0.7918834618169605,1,0.971024698756039,0.7888032509828876,1,0.971024698756039,0.7873501033661722,1,0.971024698756039,0.7901843359675454,1,0.971024698756039,0.790312016403939,1,0.9050236581280683,0.7606634980478076,0,0.9731002161633268,0.8170510950722606,1,0.971024698756039,0.8180127367948868,1,0.971024698756039,0.8109400528321692,1,0.9731002161633268,0.8371892305322727,1,0.21472639150682338,-0.5863672761309141
CSN4_MOUSE_Tsuboyama_2023_1UFM,40,3295,0.971024698756039,0.7780010041832853,1,0.971024698756039,0.7793510247496982,1,0.971024698756039,0.7803780958793934,1,0.971024698756039,0.7817845899299496,1,0.971024698756039,0.7808491304389926,1,0.9731002161633268,0.7802820110413542,1,0.9731002161633268,0.8045211470764819,1,0.971024698756039,0.8024986351495422,1,0.971024698756039,0.7977052999574401,1,0.9731002161633268,0.8223373297428327,1,0.10652742251171753,-0.5007036119467565
CUE1_YEAST_Tsuboyama_2023_2MYX,10,1580,0.9688726951444633,0.7877433230460572,1,0.9688726951444633,0.7770939607747274,1,0.9688726951444633,0.7803211864706265,1,0.9688726951444633,0.7679872624683127,1,0.9688726951444633,0.7616373290716182,1,0.8832127540290597,0.6395208920985801,1,0.9688726951444633,0.8066163991446565,1,0.9688726951444633,0.820397428800109,1,0.9688726951444633,0.8249673079286517,1,0.9688726951444633,0.836010397319719,1,-0.4596052591458676,-0.643786790682956
CUE1_YEAST_Tsuboyama_2023_2MYX,20,1580,0.9688726951444633,0.7556318423498521,1,0.9688726951444633,0.7500177422216271,1,0.9688726951444633,0.7486338101576704,1,0.9688726951444633,0.7435547758557588,1,0.9688726951444633,0.7240926452832602,1,0.8832127540290597,0.6712249122879204,1,0.9688726951444633,0.7778619562487028,1,0.9688726951444633,0.7865740052337215,1,0.9688726951444633,0.7816575158144475,1,0.9688726951444633,0.8045341459798362,1,-0.5930233075622121,-0.5399823997062349
CUE1_YEAST_Tsuboyama_2023_2MYX,30,1580,0.9688726951444633,0.7371077061749067,1,0.9688726951444633,0.7270533298670303,1,0.9688726951444633,0.7207703209198936,1,0.9688726951444633,0.7207567873903685,1,0.9688726951444633,0.716920665808495,1,0.8832127540290597,0.6875573914586678,1,0.9688726951444633,0.761347776359406,1,0.9688726951444633,0.7653194872183482,1,0.9688726951444633,0.7699403986223416,1,0.9688726951444633,0.7844043582077527,1,-0.523767468220886,-0.4483828565336816
CUE1_YEAST_Tsuboyama_2023_2MYX,40,1580,0.9688726951444633,0.713087494956478,1,0.9688726951444633,0.7153804094062066,1,0.9688726951444633,0.7186229053602896,1,0.9688726951444633,0.7158047831459006,1,0.9688726951444633,0.7189113518873492,1,0.8384099871360978,0.6607030232010145,0,0.9688726951444633,0.7392029605245106,1,0.9688726951444633,0.7492274541706966,1,0.9688726951444633,0.7547742570114375,1,0.9688726951444633,0.7681960596085504,1,-0.013998444521021839,-0.4454927345508831
D7PM05_CLYGR_Somermeyer_2022,10,24515,0.9095040331506096,0.757198129625565,1,0.9095040331506096,0.7368344849223633,1,0.9095040331506096,0.7368344849223631,1,0.9095040331506096,0.7386091515076573,1,0.8295631414926667,0.7212752176690224,0,0.9095040331506096,0.676653961926592,1,0.9238541786450337,0.7800987018055868,1,0.9264863011151108,0.8682342107412306,1,0.9238541786450337,0.8378874268583273,1,0.9264863011151108,0.885517715377248,1,-0.36740436525027204,-1.0335798095729833
D7PM05_CLYGR_Somermeyer_2022,20,24515,0.9095040331506096,0.758091126484778,1,0.9095040331506096,0.7538848590765317,1,0.9095040331506096,0.7540825998985685,1,0.9095040331506096,0.7424800713149146,1,0.9095040331506096,0.7515201882640402,1,0.8589204397332841,0.6942642021971026,1,0.9238541786450337,0.7818313371350714,1,0.9264863011151108,0.823774911884367,1,0.9264863011151108,0.8126030882019639,1,0.9264863011151108,0.8552305178532947,1,-0.19307087607733467,-0.7436342669325339
D7PM05_CLYGR_Somermeyer_2022,30,24515,0.9095040331506096,0.7337326690984333,1,0.9095040331506096,0.744209042724803,1,0.9095040331506096,0.7522441240126683,1,0.9095040331506096,0.7475648269737122,1,0.9095040331506096,0.7447835776957814,1,0.9095040331506096,0.7435082623273391,1,0.9238541786450337,0.7854377862001575,1,0.9264863011151108,0.8079119711604459,1,0.9095040331506096,0.7905053533123826,1,0.9264863011151108,0.8340999109205931,1,-0.07678838952991407,-0.5669269453589357
D7PM05_CLYGR_Somermeyer_2022,40,24515,0.9095040331506096,0.733815088185447,1,0.9095040331506096,0.7301521556434538,1,0.9095040331506096,0.7341449155051327,1,0.9095040331506096,0.7384146565974975,1,0.9095040331506096,0.7447234473606074,1,0.9095040331506096,0.6760619250964995,1,0.9238541786450337,0.7794741425673183,1,0.9264863011151108,0.7769575961260241,1,0.9238541786450337,0.780403715401057,1,0.9264863011151108,0.8186969493440457,1,0.03967082775002712,-0.46876418042350193
DLG4_HUMAN_Faure_2021,10,6976,0.8836375037523021,0.8311627514753802,1,0.8836375037523021,0.8298735215811651,1,0.8836375037523021,0.8298735215811651,1,0.8836375037523021,0.8171622047534032,1,0.8836375037523021,0.8168913439919271,1,0.8836375037523021,0.779614337630797,1,0.8836375037523021,0.8311627514753802,1,0.9503903687113731,0.8769932314099074,1,0.9337088448330978,0.8645002904794965,1,0.9503903687113731,0.8914119177820846,1,-1.2369188607095944,-1.093016058150223
DLG4_HUMAN_Faure_2021,20,6976,0.9503903687113731,0.8126232111325425,1,0.9503903687113731,0.80782629292271,1,0.9503903687113731,0.8027438716079148,1,0.9503903687113731,0.8085906514409991,1,0.9503903687113731,0.8138528983531498,1,0.9503903687113731,0.7967448587596985,1,0.9337088448330978,0.8211487534649191,1,0.9503903687113731,0.8581359197262967,1,0.9337088448330978,0.8380050880788446,1,0.9503903687113731,0.8720590067780631,1,-0.9266794155486734,-0.8550708183492253
DLG4_HUMAN_Faure_2021,30,6976,0.9503903687113731,0.7997289307628019,1,0.9503903687113731,0.7999623936763182,1,0.9503903687113731,0.7999623936763182,1,0.9503903687113731,0.8009933185818024,1,0.9503903687113731,0.8001869346715068,1,0.9503903687113731,0.7899888833639319,1,0.9503903687113731,0.8095366421737981,1,0.9503903687113731,0.844911347135419,1,0.9503903687113731,0.83803050786685,1,0.9503903687113731,0.8592060470205432,1,-0.9003263534031221,-0.711803235894955
DLG4_HUMAN_Faure_2021,40,6976,0.9503903687113731,0.8008657575324781,1,0.9503903687113731,0.8037341816489747,1,0.9503903687113731,0.8054522046837058,1,0.9503903687113731,0.8037030266053793,1,0.9503903687113731,0.8016475796243896,1,0.9503903687113731,0.7766804463166386,1,0.9503903687113731,0.816578390004286,1,0.9503903687113731,0.8308056408369335,1,0.9503903687113731,0.8297451546652204,1,0.9503903687113731,0.8494065901481188,1,-0.7251927933245336,-0.5661555868682955
DLG4_RAT_McLaughlin_2012,10,1576,0.950838321731358,0.8803946703142917,0,0.9375750516897352,0.8756586265427919,0,0.9375750516897352,0.8756586265427919,0,0.9375750516897352,0.8756586265427919,0,0.9375750516897352,0.8756586265427919,0,0.895555134212736,0.8625596576288632,0,0.950838321731358,0.8803946703142917,0,0.9551315041035783,0.9217033686358425,0,0.950838321731358,0.8974846962268751,0,0.9551315041035783,0.9232192999088094,0,-1.407025702650925,-1.0758392933527463
DLG4_RAT_McLaughlin_2012,20,1576,0.950838321731358,0.8820736274005255,0,0.950838321731358,0.8837996808328142,0,0.950838321731358,0.8837996808328142,0,0.950838321731358,0.8826785778776963,0,0.950838321731358,0.8794069787914083,0,0.911287774136172,0.87040290907121,0,0.950838321731358,0.8853649543595439,0,0.9551315041035783,0.9083612773910452,0,0.9551315041035783,0.9039195829608964,0,0.9551315041035783,0.9129113735474959,0,-1.1520812250668953,-0.8112661842798324
DLG4_RAT_McLaughlin_2012,30,1576,0.950838321731358,0.8795704033755579,0,0.950838321731358,0.8795704033755579,0,0.950838321731358,0.8800120458902523,0,0.950838321731358,0.8799720634662671,0,0.9551315041035783,0.881852982956683,0,0.911287774136172,0.8644760210791794,0,0.950838321731358,0.8889817423127508,0,0.9551315041035783,0.8985521757842244,0,0.9551315041035783,0.8953606393576329,0,0.9551315041035783,0.9058205952370203,0,-0.7722467282158758,-0.7371621035756848
DLG4_RAT_McLaughlin_2012,40,1576,0.950838321731358,0.8763041816770046,0,0.950838321731358,0.8769019881361901,0,0.950838321731358,0.8769019881361901,0,0.9551315041035783,0.8775610740178951,0,0.9551315041035783,0.8800842666829185,0,0.950838321731358,0.8675942513791454,0,0.950838321731358,0.8860734818115334,0,0.9551315041035783,0.890146856406367,0,0.950838321731358,0.888350668580767,0,0.9551315041035783,0.8995275467916249,0,-0.44062163706131735,-0.6304717048669175
DN7A_SACS2_Tsuboyama_2023_1JIC,10,1008,0.983584917559579,0.8732489868082961,1,0.9658683521898606,0.8440062231995481,1,0.9658683521898606,0.8440062231995481,1,0.9658683521898606,0.8589484590031122,1,0.9658683521898606,0.8445085703515122,1,0.922926925792295,0.7946684286939274,0,0.9838474549271818,0.8992369996221228,1,0.9658683521898606,0.9332591774850342,1,0.9658683521898606,0.9062315568376554,1,0.9838474549271818,0.9528514949333327,1,-0.9917224673270384,-0.4440682235189074
DN7A_SACS2_Tsuboyama_2023_1JIC,20,1008,0.983584917559579,0.8712548623485635,1,0.983584917559579,0.8686699736781549,1,0.983584917559579,0.8650355136104146,1,0.9658683521898606,0.8496655372789677,1,0.9658683521898606,0.8509474597271076,1,0.922926925792295,0.8103387860322241,0,0.9838474549271818,0.8869899138554544,1,0.9658683521898606,0.9165545224156864,1,0.9838474549271818,0.9115005320822819,1,0.9838474549271818,0.939814700405967,1,-0.9422346036932607,-0.28681985438916696
DN7A_SACS2_Tsuboyama_2023_1JIC,30,1008,0.983584917559579,0.8690100906954977,1,0.983584917559579,0.8618196000057439,1,0.983584917559579,0.8573023222720592,1,0.983584917559579,0.8518118225680223,1,0.9658683521898606,0.8439841802090076,1,0.983584917559579,0.8308108212383535,1,0.9838474549271818,0.8927896046482826,1,0.983584917559579,0.9096008352233486,1,0.9838474549271818,0.9119534773829152,1,0.9838474549271818,0.9283992106972689,1,-0.8071333658221543,-0.3341094672139049
DN7A_SACS2_Tsuboyama_2023_1JIC,40,1008,0.983584917559579,0.8468724991621702,1,0.983584917559579,0.8499410140675594,1,0.983584917559579,0.854779899667146,1,0.983584917559579,0.8589005030557152,1,0.983584917559579,0.858309978998103,1,0.983584917559579,0.8523849792947823,1,0.9838474549271818,0.8872805476444123,1,0.983584917559579,0.8956668670447525,1,0.9838474549271818,0.8939378664182517,1,0.9838474549271818,0.919052056324639,1,-0.546482524088191,-0.20280020275770813
DNJA1_HUMAN_Tsuboyama_2023_2LO1,10,2264,0.9919935307107489,0.8216115119319736,1,0.8688719303955703,0.804903370462814,0,0.8688719303955703,0.804903370462814,0,0.8688719303955703,0.8016263124556584,0,0.8688719303955703,0.8016263124556584,0,0.8218406066084437,0.7904164742066626,0,0.9919935307107489,0.8216115119319736,1,0.9919935307107489,0.8671458752648232,1,0.9919935307107489,0.851638706855974,1,0.9919935307107489,0.8931178375863432,1,-1.2439574987810542,-1.0829799305527734
DNJA1_HUMAN_Tsuboyama_2023_2LO1,20,2264,0.9919935307107489,0.8253333909737348,1,0.9919935307107489,0.8253333909737348,1,0.9919935307107489,0.8244153946504859,1,0.9919935307107489,0.8147862331056207,1,0.8735868824254771,0.80175241865534,0,0.8343799530049675,0.7943123075169021,0,0.9919935307107489,0.8354836250666348,1,0.9919935307107489,0.8495388407027,1,0.9919935307107489,0.8481220836849,1,0.9919935307107489,0.8675830237208287,1,-1.1446817201531307,-0.7157701275580736
DNJA1_HUMAN_Tsuboyama_2023_2LO1,30,2264,0.9919935307107489,0.8147997172560145,1,0.9919935307107489,0.8172800973429456,1,0.9919935307107489,0.8157694471865881,1,0.9919935307107489,0.8161833130904088,1,0.9919935307107489,0.8135724673714034,1,0.9199074653462055,0.8069836367484822,1,0.9919935307107489,0.8372893228020786,1,0.9919935307107489,0.8308381946399638,1,0.9919935307107489,0.8426644106907268,1,0.9919935307107489,0.8547951900422298,1,-0.9156380403864784,-0.3091141126713425
DNJA1_HUMAN_Tsuboyama_2023_2LO1,40,2264,0.9919935307107489,0.8153355454251534,1,0.9919935307107489,0.8132177267501235,1,0.9919935307107489,0.8105252492264297,1,0.9919935307107489,0.8144259452047946,1,0.9919935307107489,0.8125542488218679,1,0.9919935307107489,0.8022562964271615,1,0.9919935307107489,0.8322435908714252,1,0.9919935307107489,0.827022074584036,1,0.9919935307107489,0.8291958104547879,1,0.9919935307107489,0.8458062424232184,1,-0.7414614345670091,-0.13509649558607864
DOCK1_MOUSE_Tsuboyama_2023_2M0Y,10,2915,0.8756319772562221,0.7224192549825229,1,0.8756319772562221,0.6977733380041703,1,0.8756319772562221,0.6977733380041703,1,0.8756319772562221,0.6984674297195917,1,0.8756319772562221,0.6996875777517202,1,0.8474273004636299,0.6224096159946473,1,0.8756319772562221,0.7224192549825229,1,1.0,0.7957602417861762,1,0.8756319772562221,0.7909388708745896,1,1.0,0.8391509417274248,1,-1.1978742997923257,-1.2814609072214975
DOCK1_MOUSE_Tsuboyama_2023_2M0Y,20,2915,1.0,0.6824554626700248,1,0.8756319772562221,0.6615722010829886,1,0.8756319772562221,0.6615722010829886,1,0.8756319772562221,0.6600313763252542,1,0.8756319772562221,0.6501845005262692,1,1.0,0.6383052339727496,1,0.8756319772562221,0.7243044100170946,1,1.0,0.7167930426393674,1,0.8756319772562221,0.731317416748652,1,1.0,0.7835660199003902,1,-1.1624493811895054,-1.0180706796528394
DOCK1_MOUSE_Tsuboyama_2023_2M0Y,30,2915,1.0,0.6538013163351309,1,1.0,0.6541763279690012,1,1.0,0.6541763279690012,1,1.0,0.6519713750284671,1,1.0,0.647333855526457,1,0.8756319772562221,0.6163648838658873,1,0.8756319772562221,0.6950262038444548,1,1.0,0.6734993048691382,1,1.0,0.6993228735448469,1,1.0,0.7403170507503845,1,-0.9263671394685875,-0.8425649179168146
DOCK1_MOUSE_Tsuboyama_2023_2M0Y,40,2915,1.0,0.6390795864391885,1,1.0,0.6362047632157591,1,1.0,0.6362047632157591,1,1.0,0.6312908055083346,1,1.0,0.6300726111482797,1,1.0,0.6133187373195945,1,1.0,0.6879816792106553,1,1.0,0.6482128609683112,1,1.0,0.6830725290433625,1,1.0,0.7105163990262705,1,-0.6665869159495903,-0.5671293115986531
DYR_ECOLI_Nguyen_2023,10,2916,0.9126637554585152,0.8960698689956332,0,0.9126637554585152,0.8951965065502184,0,0.9126637554585152,0.8951965065502182,0,0.9126637554585152,0.8951965065502182,0,0.9126637554585152,0.8951965065502184,0,0.9170305676855895,0.8969432314410481,0,0.9126637554585152,0.8960698689956332,0,0.9388646288209609,0.9179039301310042,1,0.9388646288209609,0.9179039301310045,1,0.9388646288209609,0.9275109170305675,1,-1.0291904876967657,-0.8915416568281547
DYR_ECOLI_Nguyen_2023,20,2916,0.9388646288209609,0.8978165938864628,1,0.9388646288209609,0.9002183406113538,1,0.9388646288209609,0.9002183406113538,1,0.9388646288209609,0.900218340611354,1,0.9388646288209609,0.9010917030567687,1,0.9213973799126639,0.9032751091703057,0,0.9388646288209609,0.9019650655021835,1,0.9388646288209609,0.9122270742358081,1,0.9344978165938865,0.9131004366812228,0,0.9388646288209609,0.9227074235807862,1,-0.7499178324143004,-0.7707863996768661
DYR_ECOLI_Nguyen_2023,30,2916,0.9388646288209609,0.9004366812227075,1,0.9388646288209609,0.9004366812227075,1,0.9388646288209609,0.9002911208151382,1,0.9388646288209609,0.9011644832605532,1,0.9388646288209609,0.9027656477438137,1,0.9388646288209609,0.8963609898107714,1,0.9388646288209609,0.9087336244541484,1,0.9388646288209609,0.9091703056768559,1,0.9388646288209609,0.9097525473071323,1,0.9388646288209609,0.919650655021834,1,-0.6681637451036684,-0.8298721322353402
DYR_ECOLI_Nguyen_2023,40,2916,0.9388646288209609,0.9016375545851528,1,0.9388646288209609,0.9007641921397381,1,0.9388646288209609,0.9012008733624455,1,0.9388646288209609,0.9007641921397379,1,0.9388646288209609,0.9008733624454149,1,0.9388646288209609,0.9019650655021835,1,0.9388646288209609,0.9089519650655022,1,0.9388646288209609,0.907532751091703,1,0.9388646288209609,0.910698689956332,1,0.9388646288209609,0.9172489082969433,1,-0.5489575394619922,-0.5053127174459283
DYR_ECOLI_Thompson_2019,10,2363,0.750496309014377,0.7040819850759698,0,0.750496309014377,0.7045882328701314,0,0.750496309014377,0.7045882328701314,0,0.750496309014377,0.7044654692993984,0,0.750496309014377,0.7080218774703353,0,0.750496309014377,0.7068194704031142,0,0.8251046017662124,0.7228549393215631,1,0.7765187174423436,0.7442537918186574,0,0.7911378398325245,0.7391276197133808,0,0.8251046017662124,0.7752658234490278,1,-0.5940242996126588,-1.344998015935722
DYR_ECOLI_Thompson_2019,20,2363,0.750496309014377,0.6945509843097721,0,0.750496309014377,0.7013245480745671,0,0.750496309014377,0.6983101183893218,0,0.750496309014377,0.6989750679668755,0,0.750496309014377,0.7019416047401383,0,0.78168717938912,0.7009878672771939,0,0.8251046017662124,0.7275730878299086,1,0.7765187174423436,0.7306516934242927,0,0.8251046017662124,0.7270662619411733,1,0.8251046017662124,0.7555336768993853,1,-0.45151602317500056,-1.1044636658084124
DYR_ECOLI_Thompson_2019,30,2363,0.7765187174423436,0.6965536323781976,0,0.7765187174423436,0.7024110200043946,0,0.7765187174423436,0.7034151702787449,0,0.750496309014377,0.7029396207887354,0,0.750496309014377,0.7021408670222887,0,0.79256069363048,0.6933545113586443,0,0.8251046017662124,0.7239920414658838,1,0.7765187174423436,0.717589110437458,0,0.8251046017662124,0.7217444295276281,1,0.8251046017662124,0.7446336345403701,1,-0.35475260093242245,-0.7989069278384902
DYR_ECOLI_Thompson_2019,40,2363,0.7765187174423436,0.6939478019139674,0,0.7765187174423436,0.6961493972771152,0,0.7765187174423436,0.6972632558197448,0,0.7765187174423436,0.7009089944252413,0,0.7765187174423436,0.7018700210678415,0,0.78168717938912,0.682846963098741,0,0.8251046017662124,0.7251520759302023,1,0.7765187174423436,0.7082515848314506,0,0.8251046017662124,0.7189606348723545,1,0.8251046017662124,0.7368025011039383,1,-0.38394047082784744,-0.7004828272532261
ENVZ_ECOLI_Ghose_2023,10,1121,0.80938018327213,0.67425899166826,0,0.80938018327213,0.7440707343234322,0,0.80938018327213,0.7440707343234322,0,0.80938018327213,0.7440707343234324,0,0.7733786007726381,0.7063504748278621,0,0.7941299737062616,0.6341424128556499,0,0.80938018327213,0.67425899166826,0,1.0,0.8129179784807462,1,1.0,0.7917845272042313,1,1.0,0.8305351525032625,1,-0.9122872579691004,-1.3258073287347725
ENVZ_ECOLI_Ghose_2023,20,1121,0.80938018327213,0.6901222810825766,0,0.80938018327213,0.6844776050431868,0,0.80938018327213,0.681653601536054,0,0.80938018327213,0.6816536015360543,0,0.80938018327213,0.6830260393056365,0,0.8037365190604906,0.7313972583806189,0,0.8513033737925624,0.7190452995555551,1,1.0,0.770185932939816,1,0.8102401002309453,0.7713897856683508,0,1.0,0.8113893319201575,1,-0.7190703033355828,-0.42666666825592997
ENVZ_ECOLI_Ghose_2023,30,1121,0.80938018327213,0.6908608321105024,0,0.80938018327213,0.664590372692503,0,0.80938018327213,0.6495039345377863,0,0.80938018327213,0.6414397634230059,0,0.80938018327213,0.6444695884987665,0,0.8110320165335151,0.6710466097227915,0,0.8513033737925624,0.7334559689512995,1,1.0,0.7610661160984931,1,0.80938018327213,0.7413204348042804,0,1.0,0.8006073073863054,1,-0.7545363332141884,-0.16885804048480238
ENVZ_ECOLI_Ghose_2023,40,1121,0.80938018327213,0.6379537984249469,0,0.80938018327213,0.6525167033029898,0,0.80938018327213,0.6526486082819183,0,0.80938018327213,0.661685868133357,0,0.80938018327213,0.6492835519939804,0,0.80938018327213,0.6500132457181274,0,0.8513033737925624,0.7330111858637287,1,1.0,0.7327887295357269,1,1.0,0.7570306240075946,1,1.0,0.7925157340692924,1,-0.5334611901521078,-0.05028739497443313
ENV_HV1B9_DuenasDecamp_2016,10,375,0.8955223880597014,0.5691542288557214,0,0.9004975124378108,0.5781094527363184,0,0.9004975124378108,0.5487562189054727,0,0.9004975124378108,0.5557213930348258,0,0.9004975124378108,0.6019900497512438,0,0.9004975124378108,0.4786069651741293,0,0.9950248756218905,0.6487562189054726,1,0.9950248756218905,0.8184079601990049,1,0.9950248756218905,0.8059701492537313,1,0.9950248756218905,0.8895522388059701,1,-0.49508193186583016,-0.4359384808974959
ENV_HV1B9_DuenasDecamp_2016,20,375,0.9004975124378108,0.55,0,0.9004975124378108,0.563681592039801,0,0.9004975124378108,0.5430348258706468,0,0.9004975124378108,0.5248756218905473,0,0.9004975124378108,0.5134328358208955,0,0.8955223880597014,0.4263681592039801,0,0.9950248756218905,0.6425373134328358,1,0.9950248756218905,0.7258706467661691,1,0.9950248756218905,0.7002487562189055,1,0.9950248756218905,0.8007462686567164,1,-0.7506991312915231,-0.3288245703939447
ENV_HV1B9_DuenasDecamp_2016,30,375,0.9004975124378108,0.5273631840796019,0,0.9004975124378108,0.5475953565505803,0,0.9004975124378108,0.5454394693200663,0,0.9004975124378108,0.5215588723051409,0,0.9004975124378108,0.5328358208955224,0,0.9950248756218905,0.45754560530679933,1,0.9950248756218905,0.6013266998341625,1,0.9950248756218905,0.6563847429519071,1,0.9950248756218905,0.6616915422885572,1,0.9950248756218905,0.7288557213930348,1,-0.12956582401555525,-0.3987431255957835
ENV_HV1B9_DuenasDecamp_2016,40,375,0.9004975124378108,0.5106965174129352,0,0.9004975124378108,0.5135572139303483,0,0.9004975124378108,0.5217661691542288,0,0.9004975124378108,0.5148009950248756,0,0.9004975124378108,0.47674129353233835,0,0.9950248756218905,0.4449004975124378,1,0.9950248756218905,0.5924129353233831,1,0.9950248756218905,0.5914179104477613,1,0.9004975124378108,0.5774875621890547,0,0.9950248756218905,0.6700248756218905,1,0.18565617161754336,-0.3989597392887814
ENV_HV1BR_Haddox_2016,10,12863,0.1460726973922199,0.07599978223901768,0,0.1460726973922199,0.06659673282879679,0,0.1460726973922199,0.06802390727312667,0,0.1460726973922199,0.07605705056063337,0,0.1460726973922199,0.07635053151203999,0,0.3713108884514746,0.13318425031024533,0,0.5134823916662602,0.2747828100140692,1,0.6250273044355964,0.28872005503938325,1,0.6250273044355964,0.2849439377248395,1,0.6250273044355964,0.40198893272823993,1,-0.36041646423631457,-0.796628578891049
ENV_HV1BR_Haddox_2016,20,12863,0.18981562972884003,0.06975652753764795,0,0.18981562972884003,0.06900112393102564,0,0.1460726973922199,0.05364422829022316,0,0.1460726973922199,0.04845882338905107,0,0.6250273044355964,0.09208971286553727,1,0.3713108884514746,0.1051878266931638,0,0.5134823916662602,0.1912589142698646,1,0.6250273044355964,0.2010636941225829,1,0.3713108884514746,0.1842430215007511,0,0.6250273044355964,0.3069532397606682,1,-0.41722278368342314,-0.751103496581363
ENV_HV1BR_Haddox_2016,30,12863,0.458725712617339,0.08619085791073253,1,0.458725712617339,0.08676817851159738,1,0.458725712617339,0.07710301146885698,1,0.6250273044355964,0.09722926583722664,1,0.6250273044355964,0.08908878476794717,1,0.6250273044355964,0.1061436472971028,1,0.5134823916662602,0.15915757963554328,1,0.6250273044355964,0.1726141884535287,1,0.6250273044355964,0.1689673476404808,1,0.6250273044355964,0.24663673920632379,1,-0.4872230471822878,-0.3943299088960269
ENV_HV1BR_Haddox_2016,40,12863,0.4810967169789138,0.09126390791080692,1,0.458725712617339,0.07871098120488397,1,0.6250273044355964,0.09500563256236352,1,0.6250273044355964,0.09231218846015858,1,0.6250273044355964,0.10487201981524562,1,0.4810967169789138,0.09523826133215119,1,0.5134823916662602,0.1461047187314356,1,0.6250273044355964,0.13922099338212635,1,0.6250273044355964,0.15013461252564092,1,0.6250273044355964,0.20774539515430512,1,-0.4446095366318633,-0.2725685826453881
EPHB2_HUMAN_Tsuboyama_2023_1F0M,10,1960,0.9734782914426099,0.9302129934329244,0,0.9734782914426099,0.9300949310051146,0,0.9734782914426099,0.9304956847515269,0,0.9734782914426099,0.9342863184436531,0,0.9734782914426099,0.9339415114485982,0,0.9573159451745694,0.9165190627129144,0,0.9742497891730924,0.9310317177209283,0,0.9734782914426099,0.9631424833998774,0,0.9734782914426099,0.9461038837840973,0,0.9742497891730924,0.9692242908888031,0,-1.3889154728382294,-1.1199392650477547
EPHB2_HUMAN_Tsuboyama_2023_1F0M,20,1960,0.9734782914426099,0.9361881978308499,0,0.9734782914426099,0.9340714275542735,0,0.9734782914426099,0.9359335319436606,0,0.9734782914426099,0.9331160280513322,0,0.9734782914426099,0.9265170978374624,0,0.9734782914426099,0.9146953674688303,0,0.9742497891730924,0.9467550232812145,0,0.9734782914426099,0.9503805018318427,0,0.9734782914426099,0.9464555928933212,0,0.9742497891730924,0.9640307501298521,0,-1.1159580132398197,-0.7816565503515392
EPHB2_HUMAN_Tsuboyama_2023_1F0M,30,1960,0.9734782914426099,0.9347657805353476,0,0.9734782914426099,0.9325305836378238,0,0.9734782914426099,0.9266173814213311,0,0.9734782914426099,0.9266173814213311,0,0.9734782914426099,0.9248965598696864,0,0.9742497891730924,0.9181881516533429,0,0.9742497891730924,0.9463786513120108,0,0.9734782914426099,0.9433146251912734,0,0.9734782914426099,0.9438006739036707,0,0.9742497891730924,0.9570814820646348,0,-0.7888051625922885,-0.6057569693824821
EPHB2_HUMAN_Tsuboyama_2023_1F0M,40,1960,0.9734782914426099,0.9258988609144763,0,0.9734782914426099,0.9238069772474735,0,0.9734782914426099,0.925598894158357,0,0.9734782914426099,0.9230036207384181,0,0.9734782914426099,0.9183280691754125,0,0.9704382549808087,0.9109928140478768,0,0.9742497891730924,0.9395008554678057,0,0.9734782914426099,0.9386182471139997,0,0.9742497891730924,0.9395383738232918,0,0.9742497891730924,0.9508362083307222,0,-0.5096040197904427,-0.6220837162536225
ERBB2_HUMAN_Elazar_2016,10,326,0.9314756916662573,0.87443992666295,0,0.9184611692827873,0.8551161563020759,0,0.894475770567697,0.8512309236182388,0,0.894475770567697,0.8583086759312615,0,0.9036485388142619,0.7878761361369909,0,0.977303859666991,0.8487451970168775,1,0.9381661403808393,0.8873423688372645,0,1.0,0.9449439905989855,1,1.0,0.9093258169014954,1,1.0,0.9488569303260347,1,-0.8509738592898607,-0.6943387919121412
ERBB2_HUMAN_Elazar_2016,20,326,0.977303859666991,0.8042975221897023,1,0.977303859666991,0.8211953728287714,1,0.977303859666991,0.8211953728287714,1,0.977303859666991,0.816087426916465,1,0.9314756916662573,0.8057778257642404,0,0.9314756916662573,0.7951805196272403,0,0.9381661403808393,0.8930988945239349,0,1.0,0.8870457108997505,1,0.977303859666991,0.8719616116179043,1,1.0,0.9301996036938166,1,-0.567239048335288,-0.7855770959442517
ERBB2_HUMAN_Elazar_2016,30,326,1.0,0.829397987085683,1,1.0,0.8250987650340923,1,1.0,0.8400500225448996,1,1.0,0.8182295236663336,1,1.0,0.8098882842400691,1,1.0,0.8612983609457137,1,0.977303859666991,0.8893127661963225,1,1.0,0.8870539363868696,1,1.0,0.8649357199194593,1,1.0,0.9188621646719853,1,-0.446854360669046,-0.444308854806793
ERBB2_HUMAN_Elazar_2016,40,326,1.0,0.8291547174108699,1,1.0,0.828766998872001,1,1.0,0.817708848503232,1,1.0,0.8264767294015422,1,1.0,0.8289367720392856,1,0.977303859666991,0.7753846072989471,1,1.0,0.866667747559696,1,1.0,0.8760426146768654,1,1.0,0.8630061173994958,1,1.0,0.9099860249423642,1,-0.4564341127179271,-0.3939188205003023
ESTA_BACSU_Nutschel_2020,10,2172,1.0,0.5765037593984965,1,1.0,0.5501879699248122,1,0.619047619047619,0.502694235588972,0,0.619047619047619,0.502694235588972,0,0.619047619047619,0.477631578947368,0,0.8289473684210528,0.5640350877192982,1,1.0,0.6239974937343359,1,1.0,0.6751253132832082,1,0.6936090225563912,0.6357769423558899,0,1.0,0.7666040100250625,1,-1.230873277757152,-0.42277499583250466
ESTA_BACSU_Nutschel_2020,20,2172,1.0,0.5794486215538852,1,1.0,0.5545739348370929,1,1.0,0.5502819548872178,1,1.0,0.5393170426065166,1,0.6842105263157894,0.5171679197994993,0,0.8734335839598999,0.5670739348370929,1,1.0,0.6397869674185466,1,1.0,0.6422619047619051,1,1.0,0.6536340852130326,1,1.0,0.7069862155388477,1,-1.0783153030045933,-0.27730350482677035
ESTA_BACSU_Nutschel_2020,30,2172,1.0,0.5477234753550541,1,1.0,0.5555346700083542,1,1.0,0.5494987468671675,1,1.0,0.551315789473684,1,1.0,0.539202172096909,1,1.0,0.5388888888888892,1,1.0,0.6233082706766916,1,1.0,0.6179406850459483,1,1.0,0.6196950710108614,1,1.0,0.6729532163742696,1,-0.8200724518651751,-0.21949453748806322
ESTA_BACSU_Nutschel_2020,40,2172,1.0,0.5475720551378442,1,1.0,0.5446585213032586,1,1.0,0.5611372180451126,1,1.0,0.5528038847117797,1,1.0,0.542261904761905,1,0.8734335839598999,0.5409617794486212,1,1.0,0.6109335839599002,1,1.0,0.587719298245614,1,1.0,0.5976033834586466,1,1.0,0.6488565162907266,1,-0.7092848123589375,-0.24701903224559438
F7YBW8_MESOW_Aakre_2015,10,9192,0.8980718515518623,0.31763865991052037,1,0.8980718515518623,0.28555204071545415,1,0.8980718515518623,0.26449332091801103,1,0.8980718515518623,0.2694233093424237,1,0.8980718515518623,0.2673292600871836,1,0.8812354308637684,0.40412097285955273,1,0.8980718515518623,0.31763865991052037,1,0.8980718515518623,0.5376845158183747,1,0.9070931563724725,0.7296883520254088,1,0.9589895755936874,0.8896742094001423,1,-1.255315246194253,-1.0111253191018637
F7YBW8_MESOW_Aakre_2015,20,9192,0.8980718515518623,0.28793982448475874,1,0.8980718515518623,0.2500739418541986,1,0.8980718515518623,0.25197765560873875,1,0.8980718515518623,0.25197765560873875,1,0.8980718515518623,0.19410581776900482,1,0.9015006808231104,0.28077057377284426,1,0.9589895755936874,0.2957822450261646,1,0.8980718515518623,0.31839338501423825,1,0.9589895755936874,0.642136293771186,1,0.9589895755936874,0.838100702826293,1,-1.3074510267659314,-0.6707318694530623
F7YBW8_MESOW_Aakre_2015,30,9192,0.9015006808231104,0.2758020532051834,1,0.8980718515518623,0.24445857289696876,1,0.8980718515518623,0.21260707949739205,1,0.8980718515518623,0.188924134727506,1,0.8980718515518623,0.18789700065796958,1,0.9070931563724725,0.252726720473483,1,0.9589895755936874,0.43485067598666205,1,0.9015006808231104,0.29864526299117855,1,0.9589895755936874,0.5640257001423298,1,0.9589895755936874,0.721908366843011,1,-1.0037111394799698,-0.3813716765612113
F7YBW8_MESOW_Aakre_2015,40,9192,0.9070931563724725,0.3005396958139743,1,0.9015006808231104,0.25074605537148703,1,0.9015006808231104,0.22239908033074926,1,0.8980718515518623,0.19826770777860334,1,0.8980718515518623,0.16147639361461266,1,0.9589895755936874,0.2966681521472236,1,0.9589895755936874,0.5006518243508263,1,0.9070931563724725,0.29095792768287354,1,0.9070931563724725,0.3859094728483917,1,0.9589895755936874,0.6057472153218681,1,-0.782507186518018,-0.10178561233405092
F7YBW8_MESOW_Ding_2023,10,7922,0.868450981026313,0.7765220104611938,0,0.868450981026313,0.7555329529205853,0,0.868450981026313,0.7578076000753082,0,0.868450981026313,0.7477280681035349,0,0.868450981026313,0.7477280681035349,0,0.8993987212082727,0.688664191696531,1,0.868450981026313,0.7765220104611938,0,0.8818044058128464,0.8316294876540888,0,0.925028649903122,0.852055742311335,1,0.925028649903122,0.8908482798450666,1,-0.891377647031166,-0.9955481131257158
F7YBW8_MESOW_Ding_2023,20,7922,0.8957639431286374,0.7369452824452518,0,0.8957639431286374,0.7302819019713596,0,0.868450981026313,0.7248917701194952,0,0.868450981026313,0.6957586119978618,0,0.868450981026313,0.6881392400857638,0,0.9022487784114549,0.661691411021712,1,0.925028649903122,0.7999978074881069,1,0.8818044058128464,0.7994787508407265,0,0.9022487784114549,0.8116144761638164,1,0.925028649903122,0.8635774293933624,1,-0.9898923347596541,-0.7051008347071062
F7YBW8_MESOW_Ding_2023,30,7922,0.8957639431286374,0.6947910979345704,0,0.8957639431286374,0.6929625645181522,0,0.8957639431286374,0.6950706443776276,0,0.868450981026313,0.671175391307666,0,0.868450981026313,0.6847627166822329,0,0.8777326449557422,0.6544903068194451,0,0.925028649903122,0.7831634423975342,1,0.8957639431286374,0.7777122198128149,0,0.9092088548705428,0.797446001944966,1,0.925028649903122,0.8402322557597638,1,-0.6835534646736322,-0.6042668932652118
F7YBW8_MESOW_Ding_2023,40,7922,0.8957639431286374,0.6871883601722609,0,0.8957639431286374,0.6801330149252747,0,0.8957639431286374,0.6768451761761842,0,0.8957639431286374,0.6737115644482767,0,0.868450981026313,0.6658794398146684,0,0.925028649903122,0.7283951459769792,1,0.925028649903122,0.7532318227369957,1,0.8957639431286374,0.7507723026567538,0,0.8957639431286374,0.7613766920259476,0,0.925028649903122,0.8194727610879476,1,-0.5017788920300517,-0.49362471384707257
FECA_ECOLI_Tsuboyama_2023_2D1U,10,1886,0.6197289235444912,0.5333006833874261,0,0.6197289235444912,0.5333006833874261,0,0.6197289235444912,0.5389686462892506,0,0.6197289235444912,0.5448788001831015,0,0.6197289235444912,0.5335849980957309,0,0.6098477724296593,0.474901816707235,0,0.6197289235444912,0.5333006833874261,0,0.6197289235444912,0.5751923494322777,0,0.6356803685217902,0.5836549933439136,0,0.6884560685538753,0.6150809746578911,1,-0.2862899475667775,-1.1139718503551408
FECA_ECOLI_Tsuboyama_2023_2D1U,20,1886,0.6197289235444912,0.4871707584756698,0,0.6197289235444912,0.4909861454500079,0,0.6197289235444912,0.4909861454500079,0,0.6197289235444912,0.49871622358645723,0,0.6197289235444912,0.503477874927189,0,0.5729997821506816,0.4469696012371608,0,0.6884560685538753,0.5110098954297281,1,0.6197289235444912,0.540920079243676,0,0.6884560685538753,0.5454422347187203,1,0.6884560685538753,0.5854137944476723,1,-0.5911469350704692,-1.0418619138885457
FECA_ECOLI_Tsuboyama_2023_2D1U,30,1886,0.6197289235444912,0.468625764450894,0,0.6197289235444912,0.4793820263241263,0,0.6197289235444912,0.4793820263241263,0,0.6197289235444912,0.482339901175708,0,0.6197289235444912,0.482339901175708,0,0.6884560685538753,0.47473344233811315,1,0.6884560685538753,0.5092491609352101,1,0.6197289235444912,0.507325113131138,0,0.6884560685538753,0.5320041648868438,1,0.6884560685538753,0.5621238719818756,1,-0.2028973657228488,-0.9399756271886354
FECA_ECOLI_Tsuboyama_2023_2D1U,40,1886,0.6197289235444912,0.47396618792854894,0,0.6197289235444912,0.4782272040447592,0,0.6197289235444912,0.48020858693868435,0,0.6197289235444912,0.4842015904850248,0,0.6197289235444912,0.4817171889549136,0,0.6039642441388747,0.459000558190024,0,0.6884560685538753,0.5123401726988102,1,0.6197289235444912,0.49935298019009816,0,0.6884560685538753,0.5177386262352883,1,0.6884560685538753,0.5449400388062006,1,-0.26953057884966075,-0.6829711539303313
FKBP3_HUMAN_Tsuboyama_2023_2KFV,10,1237,0.8251351625508703,0.6926559708975099,1,0.7163826861815837,0.6731128786775796,0,0.7163826861815837,0.6731128786775796,0,0.7163826861815837,0.6680842230470018,0,0.7163826861815837,0.6650879007463595,0,0.7406231920695736,0.6662969245720599,0,0.8251351625508703,0.6926559708975099,1,0.8251351625508703,0.7448785989818936,1,0.9422630478425041,0.7520827404535311,1,0.9422630478425041,0.8105011639174234,1,-1.3894106576860288,-1.1622116888510188
FKBP3_HUMAN_Tsuboyama_2023_2KFV,20,1237,0.8251351625508703,0.6806992816563338,1,0.8251351625508703,0.6754395397350766,1,0.8251351625508703,0.6754395397350766,1,0.8251351625508703,0.67442479800956,1,0.7641429842679422,0.6692917923479004,0,0.769173069665596,0.6761177729344237,0,0.9422630478425041,0.7077280346674608,1,0.8251351625508703,0.7129396361621604,1,0.9422630478425041,0.7372790535142305,1,0.9422630478425041,0.7646039921572086,1,-1.1244793381065061,-0.7377840180290162
FKBP3_HUMAN_Tsuboyama_2023_2KFV,30,1237,0.8251351625508703,0.6804171928545923,1,0.8251351625508703,0.6760202746146448,1,0.8251351625508703,0.6752289538788028,1,0.8251351625508703,0.6711503849525537,1,0.8251351625508703,0.6706430962188334,1,0.9422630478425041,0.6763581330338507,1,0.9422630478425041,0.7164363259161327,1,0.8251351625508703,0.7014728532399538,1,0.8353602830944797,0.7069453088519598,1,0.9422630478425041,0.7415014153501844,1,-0.7528823242252145,-0.5290289832665729
FKBP3_HUMAN_Tsuboyama_2023_2KFV,40,1237,0.8251351625508703,0.6787471872766161,1,0.8251351625508703,0.6796702764044977,1,0.8251351625508703,0.6768311443972093,1,0.8251351625508703,0.6763774064378909,1,0.8251351625508703,0.6750163074826637,1,0.8353602830944797,0.6710982714031536,1,0.9422630478425041,0.7108815709169408,1,0.8251351625508703,0.6907802796203015,1,0.9422630478425041,0.6997669759496536,1,0.9422630478425041,0.7256043345439459,1,-0.5435773963962579,-0.38247657835763976
GAL4_YEAST_Kitzman_2015,10,1195,0.833896668276195,0.6225494929985514,0,0.833896668276195,0.6167551907291163,0,0.833896668276195,0.6684210526315789,0,0.833896668276195,0.6684210526315789,0,0.833896668276195,0.6927571221632062,0,0.815548044422984,0.693384838242395,0,0.9309512312892323,0.7127474649927571,1,0.8599710284886529,0.8158377595364559,0,0.9193626267503621,0.8225494929985514,1,0.9309512312892323,0.880830516658619,1,-0.4050646698727628,-1.4865075500246212
GAL4_YEAST_Kitzman_2015,20,1195,0.833896668276195,0.6629164654756157,0,0.833896668276195,0.6599468855625301,0,0.833896668276195,0.6633510381458233,0,0.833896668276195,0.6711733462095606,0,0.8416224046354418,0.69835828102366,0,0.8599710284886529,0.7111540318686626,0,0.9309512312892323,0.7536938676967648,1,0.8599710284886529,0.7860695316272333,0,0.9193626267503621,0.8110816030902945,1,0.9309512312892323,0.8503138580395944,1,-0.34262488629400284,-0.5829852652169997
GAL4_YEAST_Kitzman_2015,30,1195,0.8812168034765814,0.6777885079671656,0,0.8812168034765814,0.6779977466602286,0,0.8396909705456301,0.6855303396104941,0,0.8396909705456301,0.684789956542733,0,0.8416224046354418,0.6995171414775471,0,0.8841139546112989,0.7267181715757284,0,0.9309512312892323,0.7494125221310156,1,0.8599710284886529,0.7627716079188798,0,0.8903911154031869,0.7487043296314181,0,0.9309512312892323,0.8279092225977789,1,-0.019922391556871883,-0.46249321169092245
GAL4_YEAST_Kitzman_2015,40,1195,0.8812168034765814,0.6975012071463061,0,0.8812168034765814,0.6925881216803477,0,0.8812168034765814,0.6933727667793337,0,0.8416224046354418,0.6932761950748431,0,0.8416224046354418,0.6954852728150652,0,0.9309512312892323,0.7183969097054563,1,0.9309512312892323,0.7470545630130372,1,0.8812168034765814,0.7550096571704491,0,0.9309512312892323,0.7501569290197971,1,0.9309512312892323,0.8091260260743602,1,-0.17476831200181978,-0.38322386350424253
GCN4_YEAST_Staller_2018,10,2638,0.3735177505508017,0.27896739423716765,0,0.3735177505508017,0.2766129740037203,0,0.3735177505508017,0.2766129740037203,0,0.3735177505508017,0.2766129740037203,0,0.3735177505508017,0.2849819612590326,0,0.3432354931461117,0.29261850115437893,0,0.3738794660939103,0.2900782320689062,0,0.38767214933585914,0.3539548886278276,1,0.38767214933585914,0.3315762306328371,1,0.38767214933585914,0.36112965125873203,1,-1.0927455203748857,-0.36056251244947746
GCN4_YEAST_Staller_2018,20,2638,0.3735177505508017,0.2953414013635308,0,0.3735177505508017,0.29230014391260634,0,0.3735177505508017,0.29210060196200005,0,0.3735177505508017,0.2893525399972469,0,0.3735177505508017,0.2912631639589916,0,0.3432354931461117,0.2934330735967354,0,0.3738794660939103,0.30036337758758025,0,0.38767214933585914,0.3369366433353325,1,0.3735177505508017,0.317290905899269,0,0.38767214933585914,0.34757792413446287,1,-0.9791162488818388,-0.34761187731490245
GCN4_YEAST_Staller_2018,30,2638,0.3735177505508017,0.2914711775762483,0,0.3735177505508017,0.29437502464112286,0,0.3735177505508017,0.29437502464112286,0,0.3735177505508017,0.2980914133613009,0,0.3735177505508017,0.29216429461614346,0,0.38767214933585914,0.2905237893334125,1,0.3738794660939103,0.30803766679097194,0,0.38767214933585914,0.3278143023550108,1,0.38767214933585914,0.32311247458472964,1,0.38767214933585914,0.33996672542311157,1,-0.7099338899100661,-0.28352013930413916
GCN4_YEAST_Staller_2018,40,2638,0.3738794660939103,0.2948065155373838,0,0.3738794660939103,0.29682098438511983,0,0.3735177505508017,0.295324539135468,0,0.3735177505508017,0.29741192741166117,0,0.3735177505508017,0.29735891900319295,0,0.38767214933585914,0.3012354196518696,1,0.3738794660939103,0.30765181145200726,0,0.38767214933585914,0.3191240698748561,1,0.38767214933585914,0.3171362950695715,1,0.38767214933585914,0.3334046074519007,1,-0.5383060784378769,-0.22640831601909528
GDIA_HUMAN_Silverstein_2021,10,1154,0.9918760232371743,0.782203663138243,0,0.9918760232371743,0.782203663138243,0,0.9918760232371743,0.7822036631382431,0,0.9918760232371743,0.782203663138243,0,0.9918760232371743,0.7724748395152189,0,0.9726699164091165,0.8534520652024499,0,0.9918760232371743,0.782203663138243,0,0.9968978349239285,0.9879120133856335,0,0.9963859136265842,0.8465428229151251,0,0.9968978349239285,0.9902311254807282,0,-1.3278637765347643,-1.434268813480681
GDIA_HUMAN_Silverstein_2021,20,1154,0.9918760232371743,0.850041409697901,0,0.9918760232371743,0.8466193749420587,0,0.9918760232371743,0.8392451117160525,0,0.9918760232371743,0.8225259994925479,0,0.9918760232371743,0.8225259994925481,0,0.9968978349239285,0.8916072209778085,0,0.9918760232371743,0.8673008051905369,0,0.9968978349239285,0.96277768296124,0,0.9968978349239285,0.9432896895949683,0,0.9968978349239285,0.9830645941953562,0,-0.949390188744019,-0.48649293846813413
GDIA_HUMAN_Silverstein_2021,30,1154,0.9918760232371743,0.8561616739776585,0,0.9918760232371743,0.8589107394046589,0,0.9918760232371743,0.8346638507373375,0,0.9918760232371743,0.8319980332381979,0,0.9918760232371743,0.8313456468325185,0,0.9802164259710432,0.8557823843692903,0,0.9918760232371743,0.8853086013217735,0,0.9968978349239285,0.9412369664453635,0,0.9952324593355153,0.9329116108171835,0,0.9968978349239285,0.9749273150873691,0,-0.9039448511180852,-0.26596792362921295
GDIA_HUMAN_Silverstein_2021,40,1154,0.9918760232371743,0.8470494248645234,0,0.9918760232371743,0.8474115285288606,0,0.9918760232371743,0.8505229861751187,0,0.9918760232371743,0.8512558051730408,0,0.9968978349239285,0.8447605941348078,0,0.9952324593355153,0.8597495029450648,0,0.9918760232371743,0.8954508641745997,0,0.9968978349239285,0.927624187993128,0,0.9968978349239285,0.929573725239959,0,0.9968978349239285,0.9659276814157745,0,-0.7271202460948039,-0.36329805144111366
GFP_AEQVI_Sarkisyan_2016,10,51714,0.9232964440287528,0.8852851689204366,1,0.9232964440287528,0.8852851689204366,1,0.9232964440287528,0.8816828174955159,1,0.9232964440287528,0.8693360601062718,1,0.9282267721270631,0.8843140033539926,1,0.8912110155997937,0.8501518007233922,0,0.9273089245551468,0.8988102396179379,1,0.9282267721270631,0.9127317656654085,1,0.9282267721270631,0.9017440217701088,1,0.9282267721270631,0.9154282936323535,1,-0.34877165643398905,-0.9059898162355333
GFP_AEQVI_Sarkisyan_2016,20,51714,0.9232964440287528,0.8658228162918492,1,0.9282267721270631,0.8651390150472363,1,0.9282267721270631,0.8616293816029755,1,0.9282267721270631,0.8731464757948352,1,0.9282267721270631,0.8719109507468442,1,0.9282267721270631,0.8723291416292095,1,0.9273089245551468,0.8902668810581368,1,0.9282267721270631,0.8954702180180704,1,0.9273089245551468,0.8887543722109563,1,0.9282267721270631,0.905213325617289,1,-0.6058362653657681,-0.540021989723919
GFP_AEQVI_Sarkisyan_2016,30,51714,0.9282267721270631,0.8611189330408345,1,0.9282267721270631,0.8605698752953855,1,0.9282267721270631,0.8625630977791188,1,0.9282267721270631,0.8621728419392449,1,0.9282267721270631,0.8600128591006666,1,0.9282267721270631,0.850673135850908,1,0.9273089245551468,0.8764476885829752,1,0.9282267721270631,0.8837999897219797,1,0.9273089245551468,0.881529267021568,1,0.9282267721270631,0.8954422200330515,1,-0.5303255541217339,-0.33201661716716446
GFP_AEQVI_Sarkisyan_2016,40,51714,0.9282267721270631,0.8595372705716573,1,0.9282267721270631,0.8609358044889559,1,0.9282267721270631,0.8600451959260659,1,0.9282267721270631,0.8577232106080526,1,0.9282267721270631,0.859377460174595,1,0.9273089245551468,0.8500035147436761,1,0.9273089245551468,0.8695771000757386,1,0.9282267721270631,0.877459902597293,1,0.9282267721270631,0.8746378615531739,1,0.9282267721270631,0.888242418427374,1,-0.4187379474757917,-0.30585872914562096
GRB2_HUMAN_Faure_2021,10,63366,0.8270951349203994,0.755278403918367,1,0.8270951349203994,0.755278403918367,1,0.8270951349203994,0.7632695354346206,1,0.8270951349203994,0.7573342049811547,1,0.8270951349203994,0.7566180120028979,1,0.7907946555891622,0.7332837456303154,0,0.8270951349203994,0.755278403918367,1,0.8270951349203994,0.7932679300968286,1,0.8279258286438437,0.7849675434055887,1,0.8449611151537701,0.8164659459104773,1,-1.561971836810694,-1.426037698152173
GRB2_HUMAN_Faure_2021,20,63366,0.8270951349203994,0.7424646967990602,1,0.8270951349203994,0.741486663270281,1,0.8270951349203994,0.7410555246787062,1,0.8270951349203994,0.7410555246787062,1,0.8270951349203994,0.7410555246787062,1,0.8279258286438437,0.7277526167448436,1,0.8270951349203994,0.7424646967990602,1,0.8270951349203994,0.776068403777682,1,0.8449611151537701,0.7834702623653166,1,0.8449611151537701,0.7990030096458856,1,-1.103224621604975,-1.241970072403546
GRB2_HUMAN_Faure_2021,30,63366,0.8270951349203994,0.7422078039124806,1,0.8270951349203994,0.7421704273978104,1,0.8270951349203994,0.7422297883584662,1,0.8270951349203994,0.7454556797517864,1,0.8270951349203994,0.7454556797517864,1,0.8279258286438437,0.7382905544087054,1,0.8449611151537701,0.7460220166646055,1,0.8270951349203994,0.7672782133763616,1,0.8279258286438437,0.7636286708255888,1,0.8449611151537701,0.7871368369968845,1,-0.9614407237747953,-0.8966183734624428
GRB2_HUMAN_Faure_2021,40,63366,0.8279258286438437,0.7415447856142116,1,0.8270951349203994,0.739770063371118,1,0.8270951349203994,0.7400989965783091,1,0.8270951349203994,0.7429972680183805,1,0.8270951349203994,0.7430676129822328,1,0.8279258286438437,0.7302110044844421,1,0.8449611151537701,0.756036323389114,1,0.8279258286438437,0.7583274040049314,1,0.8449611151537701,0.7643099933404635,1,0.8449611151537701,0.7782101082198931,1,-0.610898128821156,-0.7758314588396743
HCP_LAMBD_Tsuboyama_2023_2L6Q,10,1040,0.9304707654089946,0.84882672407467,1,0.9304707654089946,0.84882672407467,1,0.9304707654089946,0.84882672407467,1,0.9304707654089946,0.84882672407467,1,0.8956113768430743,0.8388921865317964,0,0.8759346851389375,0.8060251266246055,0,0.9304707654089946,0.84882672407467,1,0.9304707654089946,0.8798360993252328,1,0.9304707654089946,0.8813692519533431,1,0.9734735048857994,0.9011689874738594,1,-1.2477740423712422,-0.9955197840102065
HCP_LAMBD_Tsuboyama_2023_2L6Q,20,1040,0.9304707654089946,0.8507979600134474,1,0.9304707654089946,0.8414455717162608,1,0.9304707654089946,0.8414455717162608,1,0.9304707654089946,0.8363100153565614,1,0.9304707654089946,0.837578402159463,1,0.8967058486375717,0.827014851673689,0,0.9734735048857994,0.8650812294554093,1,0.9304707654089946,0.8661572709843003,1,0.9734735048857994,0.8701000016285405,1,0.9734735048857994,0.8846347727789252,1,-0.9241521356947177,-0.5378855819212112
HCP_LAMBD_Tsuboyama_2023_2L6Q,30,1040,0.9304707654089946,0.8450279033366669,1,0.9304707654089946,0.8459349838254702,1,0.9304707654089946,0.84593498382547,1,0.9304707654089946,0.8433243256153109,1,0.9304707654089946,0.8350635026166728,1,0.9734735048857994,0.8300747118416067,1,0.9734735048857994,0.8578787524388416,1,0.9304707654089946,0.8600227185938284,1,0.9304707654089946,0.8534622968040385,1,0.9734735048857994,0.8748512197110401,1,-0.7594683321323933,-0.4755047626898623
HCP_LAMBD_Tsuboyama_2023_2L6Q,40,1040,0.9304707654089946,0.8364700404241171,1,0.9304707654089946,0.8352448656928447,1,0.9304707654089946,0.8375517823597685,1,0.9304707654089946,0.8346801079297086,1,0.9304707654089946,0.8356447684370009,1,0.9734735048857994,0.8292583223458653,1,0.9734735048857994,0.8556693923557924,1,0.9304707654089946,0.8518898224929684,1,0.9734735048857994,0.8582025041277744,1,0.9734735048857994,0.8669422258845902,1,-0.5667429640541974,-0.4463518438193846
HECD1_HUMAN_Tsuboyama_2023_3DKM,10,5586,0.8418138770349792,0.7755868780812486,0,0.8418138770349792,0.7755868780812486,0,0.8907794162243319,0.7818448496831556,1,0.8907794162243319,0.7877946767367144,1,0.8907794162243319,0.7757412306078227,1,0.8742407112992052,0.7122700255866371,1,1.0,0.8137018476432212,1,0.9118991060042111,0.8656969740136583,1,0.892779979924662,0.852284819220257,1,1.0,0.9138202127388891,1,-1.1089905203644936,-1.1293687019474434
HECD1_HUMAN_Tsuboyama_2023_3DKM,20,5586,0.8907794162243319,0.7928229156381305,1,0.8907794162243319,0.783305679712209,1,0.8907794162243319,0.7734728471392947,1,0.8907794162243319,0.7734728471392947,1,0.8907794162243319,0.7688269075356999,1,0.892779979924662,0.7600276888111114,1,1.0,0.8267066646083626,1,0.9118991060042111,0.8355260409843395,1,0.9118991060042111,0.8213060826297824,1,1.0,0.8822491242301674,1,-0.9315138194386733,-0.5279467754250964
HECD1_HUMAN_Tsuboyama_2023_3DKM,30,5586,0.9948203278455608,0.7826269939841131,1,0.8907794162243319,0.7767112298172011,1,0.8907794162243319,0.7767112298172011,1,0.8907794162243319,0.7664021856381522,1,0.8907794162243319,0.7606535088245979,1,0.9948203278455608,0.7710961718878965,1,1.0,0.8172544458271894,1,0.9118991060042111,0.8306581667778193,1,1.0,0.8298581613423699,1,1.0,0.8613106719827412,1,-0.8225361943584014,-0.571626880370088
HECD1_HUMAN_Tsuboyama_2023_3DKM,40,5586,0.9948203278455608,0.7712753616080456,1,0.9948203278455608,0.7687124170193773,1,0.9948203278455608,0.7686429027869273,1,0.9948203278455608,0.7711040865236002,1,0.892779979924662,0.7628528817288006,1,1.0,0.7714619503271767,1,1.0,0.8068352682885329,1,0.9948203278455608,0.8140483819908583,1,1.0,0.8187221301105416,1,1.0,0.8447286025110747,1,-0.46791138068827715,-0.5132614246776336
HEM3_HUMAN_Loggerenberg_2023,10,5689,0.5744791486746924,0.46297780773513847,0,0.5744791486746924,0.46603092360005205,0,0.5744791486746924,0.4706498787933395,0,0.5744791486746924,0.47150027671471867,0,0.5500531135519089,0.4512194211110564,0,0.6593583158689551,0.4657449774445522,0,0.687488549019166,0.497949133310007,0,0.8427123569849884,0.5965945520770554,1,0.687488549019166,0.5767014835186928,0,0.8427123569849884,0.650009591396714,1,-1.3661176038088494,-0.6737501319066922
HEM3_HUMAN_Loggerenberg_2023,20,5689,0.5744791486746924,0.4346881093958668,0,0.5744791486746924,0.4302061191962057,0,0.5744791486746924,0.43370446236041144,0,0.5744791486746924,0.4343757549651344,0,0.5744791486746924,0.4258954346577298,0,0.7009210585865407,0.38377050303547394,0,0.687488549019166,0.516749329924623,0,0.8427123569849884,0.5472097218695915,1,0.7009210585865407,0.5233169243089673,0,0.8427123569849884,0.5974383501686051,1,-1.228417919753645,-0.4395087708831914
HEM3_HUMAN_Loggerenberg_2023,30,5689,0.7009210585865407,0.4502933161616647,0,0.7009210585865407,0.4449070176630717,0,0.7009210585865407,0.4495700454888564,0,0.7009210585865407,0.44576009708412573,0,0.7009210585865407,0.43839923318532825,0,0.6222117120608064,0.42620146805699716,0,0.687488549019166,0.49357662828222154,0,0.8427123569849884,0.5137290264533518,1,0.6593583158689551,0.5077207261581828,0,0.8427123569849884,0.5674529978710965,1,-0.9079328406188887,-0.4036912691795802
HEM3_HUMAN_Loggerenberg_2023,40,5689,0.7009210585865407,0.4357844273403079,0,0.7009210585865407,0.4306131922949355,0,0.7009210585865407,0.42714867199349127,0,0.7009210585865407,0.4194167810534019,0,0.7009210585865407,0.42337505943517806,0,0.6593583158689551,0.38576617149622566,0,0.7009210585865407,0.4952317497752084,0,0.8427123569849884,0.501175013740109,1,0.7009210585865407,0.510538399312308,0,0.8427123569849884,0.5476595845587879,1,-0.7100196421238091,-0.3909837601767437
HIS7_YEAST_Pokusaeva_2019,10,496137,0.5157839347969019,0.4432856138295952,1,0.5157839347969019,0.4432856138295952,1,0.5157839347969019,0.4432856138295952,1,0.5157839347969019,0.433485108651054,1,0.47043071833615124,0.4271064321619282,0,0.5842052181525405,0.4478391869626277,1,0.5157839347969019,0.4432856138295952,1,0.5182216281711882,0.48060229997560056,1,0.4944115140313125,0.47215322578361807,0,0.5842052181525405,0.49766474343580536,1,-0.45320091663518164,-1.2016979512612562
HIS7_YEAST_Pokusaeva_2019,20,496137,0.5182216281711882,0.42967670025181365,1,0.5182216281711882,0.4315223059862675,1,0.5182216281711882,0.4315223059862675,1,0.5157839347969019,0.42537544116299775,1,0.5157839347969019,0.4251271051960653,1,0.49690717766003545,0.439754861264288,1,0.5842052181525405,0.44548426216017206,1,0.5182216281711882,0.46610463040167777,1,0.5157839347969019,0.4570832542007309,1,0.5842052181525405,0.48052009329779,1,-0.7378557851300418,-0.9926808478800666
HIS7_YEAST_Pokusaeva_2019,30,496137,0.5182216281711882,0.4331648229661044,1,0.5182216281711882,0.430755862777463,1,0.5182216281711882,0.4286913970363238,1,0.5182216281711882,0.427199610151624,1,0.5182216281711882,0.42950878339869236,1,0.5182216281711882,0.431526225942101,1,0.5842052181525405,0.4468208012955058,1,0.5182216281711882,0.45604490649466967,1,0.5842052181525405,0.4596160977287806,1,0.5842052181525405,0.47107569466942995,1,-0.775557315278197,-0.6740260674001146
HIS7_YEAST_Pokusaeva_2019,40,496137,0.5182216281711882,0.4317781214277129,1,0.5182216281711882,0.43018250416485837,1,0.5182216281711882,0.42958802206524804,1,0.5182216281711882,0.43014130319677385,1,0.5182216281711882,0.42999541672623504,1,0.5182216281711882,0.42416870145904984,1,0.5842052181525405,0.44605285433195907,1,0.5182216281711882,0.4496383408444799,1,0.5842052181525405,0.453454556901979,1,0.5842052181525405,0.4646191415386059,1,-0.5184187151434049,-0.44044324796109946
HMDH_HUMAN_Jiang_2019,10,16853,0.917542120911794,0.563587710604559,0,0.917542120911794,0.586362735381566,0,0.917542120911794,0.586362735381566,0,0.917542120911794,0.586362735381566,0,0.917542120911794,0.5724380574826562,0,0.9274529236868188,0.6831119920713579,0,0.952329038652131,0.8017938553022795,0,0.9798810703666998,0.8577502477700696,0,0.9798810703666998,0.823171456888008,0,0.9798810703666998,0.9377403369672944,0,-0.8557273573404891,-0.7631978632219034
HMDH_HUMAN_Jiang_2019,20,16853,0.937958374628345,0.5912784935579782,0,0.937958374628345,0.5912784935579782,0,0.937958374628345,0.580530227948464,0,0.937958374628345,0.5876362735381567,0,0.937958374628345,0.5786223984142717,0,0.952329038652131,0.5284737363726464,0,0.952329038652131,0.7395391476709614,0,0.9798810703666998,0.7553369672943511,0,0.9777998017839447,0.7799702675916751,0,0.9798810703666998,0.8750247770069378,0,-0.6665971158700494,-0.5565764767792851
HMDH_HUMAN_Jiang_2019,30,16853,0.9418235877106047,0.5988272216716222,0,0.9418235877106047,0.5955665675586391,0,0.9418235877106047,0.5794053518334987,0,0.9418235877106047,0.5506276841757516,0,0.9418235877106047,0.5709679550710275,0,0.8031714568880081,0.5199735711925999,0,0.952329038652131,0.702804757185332,0,0.9798810703666998,0.7344862900561614,0,0.9777998017839447,0.7333762801453586,0,0.9798810703666998,0.8258242484307897,0,-0.5979942890070474,-0.30173868818350724
HMDH_HUMAN_Jiang_2019,40,16853,0.9777998017839447,0.6046902874132805,0,0.9777998017839447,0.5968087215064423,0,0.9777998017839447,0.5862165510406343,0,0.9777998017839447,0.5775396432111002,0,0.9798810703666998,0.5900247770069377,0,0.9421209117938554,0.6008176412289397,0,0.952329038652131,0.6811149653121905,0,0.9798810703666998,0.6920664023785928,0,0.9777998017839447,0.6878344895936571,0,0.9798810703666998,0.7865708622398415,0,-0.5389648353663555,-0.13891054379846474
HSP82_YEAST_Cote-Hammarlof_2020_growth-H2O2,10,2252,0.9330679798455606,0.9089541385238112,0,0.9330679798455606,0.9089541385238112,0,0.9330679798455606,0.9089541385238112,0,0.9330679798455606,0.9089541385238112,0,0.9392984186658773,0.9144336174086959,0,0.9304306020254317,0.9059578860335381,0,0.9330679798455606,0.9089541385238112,0,0.9588898921731074,0.9406394342039588,0,0.9572179033850458,0.9280146977016028,0,0.9588898921731074,0.9464028805490189,0,-0.9728657431748923,-0.9198528512253727
HSP82_YEAST_Cote-Hammarlof_2020_growth-H2O2,20,2252,0.9588898921731074,0.9141291937300691,0,0.9588898921731074,0.9163253780005592,0,0.9588898921731074,0.9163979168347794,0,0.9588898921731074,0.914754508823716,0,0.9588898921731074,0.9154680618879985,0,0.9421839927592875,0.9151362099362914,0,0.9588898921731074,0.9211791834990555,0,0.9588898921731074,0.9347296122043736,0,0.9588898921731074,0.9275684405276486,0,0.9588898921731074,0.9405698129340667,0,-0.3828370395034986,-0.6163627748785407
HSP82_YEAST_Cote-Hammarlof_2020_growth-H2O2,30,2252,0.9588898921731074,0.9172318691098025,0,0.9588898921731074,0.915419059392857,0,0.9588898921731074,0.915419059392857,0,0.9588898921731074,0.9146716595019831,0,0.9588898921731074,0.9148734134318196,0,0.9588898921731074,0.9196272314924765,0,0.9588898921731074,0.9239900132028287,0,0.9588898921731074,0.9291960063844378,0,0.9588898921731074,0.9272099908625765,0,0.9588898921731074,0.9369126904942665,0,-0.4078798040381043,-0.3596590932027208
HSP82_YEAST_Cote-Hammarlof_2020_growth-H2O2,40,2252,0.9588898921731074,0.9166699558133967,0,0.9588898921731074,0.9166588563953671,0,0.9588898921731074,0.9157949160916165,0,0.9588898921731074,0.9154832814085222,0,0.9588898921731074,0.9172189818805218,0,0.9588898921731074,0.9175608975809303,0,0.9588898921731074,0.9233861099509657,0,0.9588898921731074,0.9272645598328265,0,0.9588898921731074,0.9264797565472381,0,0.9588898921731074,0.9340865628081717,0,-0.22711712110137286,-0.2289302606153577
HSP82_YEAST_Flynn_2019,10,13294,0.5800415969961117,0.5045176772703566,0,0.5609931988290839,0.49805479736454455,0,0.5609931988290839,0.49805479736454455,0,0.5609931988290839,0.49805479736454455,0,0.5609931988290839,0.5115879815916153,0,0.5732154574847418,0.5206964092317117,0,0.5800415969961117,0.5045176772703566,0,0.5800415969961117,0.550493904708864,0,0.6396725620407094,0.5571201757491756,0,0.7952158146564404,0.6170770336537993,1,-1.0454038048878074,-1.1710888704407016
HSP82_YEAST_Flynn_2019,20,13294,0.5800415969961117,0.49507771841820725,0,0.5800415969961117,0.5006459934432624,0,0.5800415969961117,0.506893642572775,0,0.5800415969961117,0.506893642572775,0,0.5609931988290839,0.5002274592567297,0,0.7952158146564404,0.5229108548344021,1,0.7952158146564404,0.5400911654103578,1,0.5800415969961117,0.5378257175968817,0,0.7952158146564404,0.5650065178450495,1,0.7952158146564404,0.5825665949390821,1,-0.5067411821460097,-1.0489850766182558
HSP82_YEAST_Flynn_2019,30,13294,0.5800415969961117,0.49862758973543053,0,0.5800415969961117,0.4999139427687323,0,0.5800415969961117,0.4978792655331199,0,0.5800415969961117,0.5003686463521775,0,0.5800415969961117,0.5047884691075433,0,0.5800415969961117,0.5064341908841883,0,0.7952158146564404,0.540694466537756,1,0.5800415969961117,0.5250354203639243,0,0.7952158146564404,0.5438305612139519,1,0.7952158146564404,0.5659529511396493,1,-0.40292739014808565,-1.0195037643977531
HSP82_YEAST_Flynn_2019,40,13294,0.5802259362790766,0.5017831570359395,0,0.5800415969961117,0.501475184607734,0,0.5800415969961117,0.5017108735671464,0,0.5800415969961117,0.5031164744257889,0,0.5800415969961117,0.5075569285919809,0,0.5730925646294318,0.5045498661909453,0,0.7952158146564404,0.5387559476500782,1,0.5800415969961117,0.5176434012000452,0,0.7952158146564404,0.5323602959176925,1,0.7952158146564404,0.5550048266158818,1,-0.3783715108769235,-0.7453108130246001
HSP82_YEAST_Mishra_2016,10,4323,0.7936645330164286,0.7558393010834874,0,0.7936645330164286,0.7558393010834874,0,0.7936645330164286,0.7558393010834874,0,0.7936645330164286,0.7558393010834874,0,0.7936645330164286,0.7558393010834874,0,0.7694348268522117,0.7362908028147459,0,0.7936645330164286,0.7558393010834874,0,0.805632732079337,0.7865363744500045,1,0.805632732079337,0.7882609259662321,1,0.805632732079337,0.7928117803515123,1,-1.165542274177994,-1.4604756924266789
HSP82_YEAST_Mishra_2016,20,4323,0.7936645330164286,0.7480997709751268,0,0.7936645330164286,0.7480997709751268,0,0.7936645330164286,0.7463234235204239,0,0.7936645330164286,0.7480156964290127,0,0.7936645330164286,0.7471320364226552,0,0.7936645330164286,0.7518607001877196,0,0.8003190549994937,0.7566530207076132,1,0.805632732079337,0.7718271809182669,1,0.7936645330164286,0.7710583001650186,0,0.805632732079337,0.7830561319512858,1,-0.8249001699748828,-0.9481960081253781
HSP82_YEAST_Mishra_2016,30,4323,0.7936645330164286,0.7459819030476031,0,0.7936645330164286,0.7455775150604766,0,0.7936645330164286,0.7480119259912948,0,0.7936645330164286,0.7499545928124004,0,0.7936645330164286,0.7474564741375137,0,0.7896448563814357,0.7488751556505797,0,0.8003190549994937,0.7574042356692134,1,0.805632732079337,0.7632084010058234,1,0.805632732079337,0.7620954286334575,1,0.805632732079337,0.7759542470116539,1,-0.5645667932461697,-0.7546706516726526
HSP82_YEAST_Mishra_2016,40,4323,0.8003190549994937,0.7506469755946953,1,0.7936645330164286,0.7499023892503189,0,0.7936645330164286,0.7493200270574466,0,0.7936645330164286,0.7501322148754768,0,0.7936645330164286,0.7455577657701321,0,0.805632732079337,0.7487803692636444,1,0.8003190549994937,0.7551271575638728,1,0.805632732079337,0.7615481439163504,1,0.8003190549994937,0.7602509055298177,1,0.805632732079337,0.7705774474027639,1,-0.603695297664971,-0.5422704499414566
HXK4_HUMAN_Gersing_2022_activity,10,8570,0.38826946592464356,0.2628735735660599,0,0.38826946592464356,0.2702737443920812,0,0.38826946592464356,0.2601364329266933,0,0.38826946592464356,0.2601364329266933,0,0.38826946592464356,0.2630467745479576,0,0.38826946592464356,0.23712304288592748,0,0.41630064658094346,0.2803320864982353,0,0.38826946592464356,0.3478786091412598,0,0.38826946592464356,0.32557078849341203,0,0.41630064658094346,0.3679542306795454,0,-0.9607888458421004,-1.5197730427314464
HXK4_HUMAN_Gersing_2022_activity,20,8570,0.38826946592464356,0.26034150372561443,0,0.38826946592464356,0.26182069793931595,0,0.38826946592464356,0.26848945185925516,0,0.38826946592464356,0.2683943085034923,0,0.38826946592464356,0.2623126293169414,0,0.37822699443545577,0.2495954327379329,0,0.41630064658094346,0.30174483024241483,0,0.38826946592464356,0.31463014804761386,0,0.41630064658094346,0.31262905605902597,0,0.41630064658094346,0.3455419682934764,0,-0.770423415903012,-0.7569104747260748
HXK4_HUMAN_Gersing_2022_activity,30,8570,0.38826946592464356,0.2571009271421178,0,0.38826946592464356,0.26989640822372785,0,0.38826946592464356,0.26780356234306224,0,0.38826946592464356,0.2686772404685319,0,0.38826946592464356,0.2580264019437304,0,0.37094784813882437,0.24844603843923843,0,0.41630064658094346,0.2965424450065371,0,0.38826946592464356,0.3004226347950566,0,0.38826946592464356,0.3013259117897671,0,0.41630064658094346,0.32862834254960677,0,-0.4288512171090715,-0.7102579922636241
HXK4_HUMAN_Gersing_2022_activity,40,8570,0.38826946592464356,0.26138577248728545,0,0.38826946592464356,0.25881015906669663,0,0.38826946592464356,0.26240340738163187,0,0.38826946592464356,0.2553151101513138,0,0.38826946592464356,0.2585739547128208,0,0.38826946592464356,0.2741216678673632,0,0.41630064658094346,0.28816128994777546,0,0.38826946592464356,0.28437364679335747,0,0.38826946592464356,0.28658561544960526,0,0.41630064658094346,0.316870591486983,0,-0.4720792434384963,-0.6806587960127646
HXK4_HUMAN_Gersing_2023_abundance,10,8396,0.8418694022753967,0.7531019755837288,0,0.8418694022753967,0.7531019755837288,0,0.8418694022753967,0.7531019755837288,0,0.8418694022753967,0.7531019755837288,0,0.8418694022753967,0.7484576607199747,0,0.8224622943131672,0.7271271725178291,0,0.8418694022753967,0.7531019755837288,0,0.8785715771983765,0.8328774400637619,1,0.8586485175830333,0.8029005241752748,0,0.8785715771983765,0.8448087484099679,1,-1.394651087245203,-1.0528406493076148
HXK4_HUMAN_Gersing_2023_abundance,20,8396,0.8418694022753967,0.7257380822873214,0,0.8418694022753967,0.7209607561185992,0,0.8443738593943744,0.7359770794424582,0,0.8443738593943744,0.7429313907168694,0,0.8443738593943744,0.7486268586117537,0,0.8191749336744256,0.6981139596455816,0,0.875543398624024,0.7699986460086639,1,0.8785715771983765,0.8014224415384674,1,0.8586485175830333,0.7936663408644131,0,0.8785715771983765,0.8211765861150191,1,-0.39805053513207916,-0.8288164223202434
HXK4_HUMAN_Gersing_2023_abundance,30,8396,0.8443738593943744,0.7183145052826357,0,0.8443738593943744,0.7262676984925657,0,0.8443738593943744,0.726675376487584,0,0.8443738593943744,0.7275117285987118,0,0.8516935484073457,0.7321040601051433,0,0.8319994631260215,0.7284353033818115,0,0.875543398624024,0.755737699760933,1,0.8785715771983765,0.7787324793519628,1,0.8785715771983765,0.786684969341308,1,0.8785715771983765,0.8051981308792568,1,-0.11118071569430879,-0.8365232051278488
HXK4_HUMAN_Gersing_2023_abundance,40,8396,0.8443738593943744,0.7209270912740965,0,0.8516935484073457,0.7265445805117337,0,0.8516935484073457,0.7313114483857875,0,0.8516935484073457,0.7251624654554875,0,0.8516935484073457,0.7242284877693719,0,0.8785715771983765,0.7147290731000625,1,0.875543398624024,0.7517909545206751,1,0.8785715771983765,0.7600019160135235,1,0.8586485175830333,0.7552994625811233,0,0.8785715771983765,0.790903830119745,1,0.0952583603487516,-0.732391102845005
I6TAH8_I68A0_Doud_2015,10,9462,0.8790884668262788,0.6355442026439758,1,0.7366457403199677,0.5923883885982352,0,0.7366457403199677,0.5923883885982353,0,0.7366457403199677,0.5780607518973289,0,0.7366457403199677,0.5579665992751283,0,0.7654861680170824,0.6317407214399378,0,0.8790884668262788,0.6355442026439758,1,0.90677581831387,0.7653683912940927,1,0.8790884668262788,0.7833596449276967,1,0.90677581831387,0.8031488396498534,1,-0.9195763902050816,-1.2018514333014072
I6TAH8_I68A0_Doud_2015,20,9462,0.90677581831387,0.6417027095177116,1,0.90677581831387,0.6022942715075372,1,0.90677581831387,0.6022942715075372,1,0.90677581831387,0.5914567536244227,1,0.90677581831387,0.5940049033150926,1,0.7902346942556974,0.5879067600402678,0,0.90677581831387,0.6834734794037771,1,0.90677581831387,0.7218220617534089,1,0.90677581831387,0.7080337962661608,1,0.90677581831387,0.7672300364838027,1,-0.9726984817477271,-0.7548634048070375
I6TAH8_I68A0_Doud_2015,30,9462,0.90677581831387,0.6259999752109437,1,0.90677581831387,0.6204901414432651,1,0.90677581831387,0.6204901414432651,1,0.90677581831387,0.6152221128026208,1,0.90677581831387,0.6046096481378864,1,0.7902346942556974,0.6207728458141973,0,0.90677581831387,0.6839821827612755,1,0.90677581831387,0.710077463365671,1,0.90677581831387,0.7139323973689333,1,0.90677581831387,0.7425942128915549,1,-0.8187650914643989,-0.6377490316217634
I6TAH8_I68A0_Doud_2015,40,9462,0.90677581831387,0.6165540789459719,1,0.90677581831387,0.6151024937663432,1,0.90677581831387,0.6201162680705318,1,0.90677581831387,0.6310786304515356,1,0.90677581831387,0.6197716425894259,1,0.90677581831387,0.6127816103183301,1,0.90677581831387,0.66218190707194,1,0.90677581831387,0.6904536644021653,1,0.90677581831387,0.6691143276948314,1,0.90677581831387,0.7251864550190066,1,-0.5824358014741591,-0.4701452178442819
IF1_ECOLI_Kelsic_2016,10,1367,0.9332599926659332,0.8088131034836817,0,0.9332599926659332,0.8088131034836817,0,0.9332599926659332,0.8088131034836817,0,0.9332599926659332,0.8017112822148881,0,0.9332599926659332,0.8017112822148881,0,1.0,0.9106710670333699,1,0.9332599926659332,0.8088131034836817,0,1.0,0.9301613493949394,1,0.9332599926659332,0.8995905145581222,0,1.0,0.9319765309864319,1,-1.2056523546011046,-0.9617334540238995
IF1_ECOLI_Kelsic_2016,20,1367,0.9332599926659332,0.8376298740740741,0,0.9332599926659332,0.8338895000366703,0,0.9332599926659332,0.8321965529519618,0,0.9332599926659332,0.8417125045471213,0,0.9332599926659332,0.8398606526952697,0,0.9187140938760542,0.8582905512651264,0,0.9332599926659332,0.8586664221855518,0,1.0,0.9068848551155115,1,0.9332599926659332,0.8851760175650898,0,1.0,0.9235790245324532,1,-0.8026561891362877,-0.731346804124156
IF1_ECOLI_Kelsic_2016,30,1367,0.9332599926659332,0.8541254125168072,0,0.9332599926659332,0.8528134294585012,0,1.0,0.8561504298252047,1,1.0,0.8515625636474758,1,1.0,0.8563663773621807,1,1.0,0.8828403210609949,1,0.9332599926659332,0.8666727783645031,0,1.0,0.8997596055738907,1,1.0,0.8885038503605915,1,1.0,0.9193028561789511,1,-0.5929295890295199,-0.4926121539984827
IF1_ECOLI_Kelsic_2016,40,1367,0.9332599926659332,0.8607199608727539,0,1.0,0.865455017711771,1,1.0,0.8660784133846717,1,1.0,0.8638231878621193,1,1.0,0.8588650531536487,1,1.0,0.8843891333333331,1,0.9332599926659332,0.8777013812247889,0,1.0,0.8961007211587825,1,0.9332599926659332,0.8924841095159515,0,1.0,0.9158522796479648,1,-0.30307927234763593,-0.23763405923690017
ILF3_HUMAN_Tsuboyama_2023_2L33,10,1329,0.7381186634910226,0.6578521773621018,0,0.7381186634910226,0.6578521773621018,0,0.7381186634910226,0.6607717544775524,0,0.7381186634910226,0.6724411197539553,0,0.7381186634910226,0.6693870953263852,0,0.7184507751385877,0.6802991257546407,0,0.7381186634910226,0.6578521773621018,0,0.914826107726558,0.7250320555297007,1,0.7381186634910226,0.6987691590437979,0,0.914826107726558,0.7577134412838086,1,-1.1321863985357707,-1.2712642176453177
ILF3_HUMAN_Tsuboyama_2023_2L33,20,1329,0.7381186634910226,0.6563953331026419,0,0.7381186634910226,0.6688454123700724,0,0.7381186634910226,0.6714247507113131,0,0.7381186634910226,0.6720005850420157,0,0.7381186634910226,0.6751581688008664,0,0.7381186634910226,0.6811244395259931,0,0.8310591667008554,0.6889333282220067,0,0.914826107726558,0.7045715412415615,1,0.8310591667008554,0.7075747504703599,0,0.914826107726558,0.7294936157085409,1,-0.72613465125022,-1.051700951136429
ILF3_HUMAN_Tsuboyama_2023_2L33,30,1329,0.7788060315422106,0.6664557787848059,0,0.7381186634910226,0.6653638494078683,0,0.7381186634910226,0.6684428767713958,0,0.7381186634910226,0.6715220868855656,0,0.7381186634910226,0.6712589590801885,0,0.7164975452117446,0.667253676688524,0,0.8310591667008554,0.691238079283374,0,0.914826107726558,0.68668844124983,1,0.914826107726558,0.6928628869659788,1,0.914826107726558,0.7165523645069282,1,-0.584374374241992,-0.8147497519017417
ILF3_HUMAN_Tsuboyama_2023_2L33,40,1329,0.7788060315422106,0.6691632962030238,0,0.7788060315422106,0.6691632962030238,0,0.7381186634910226,0.6659809766295963,0,0.7381186634910226,0.6681847198321802,0,0.7381186634910226,0.6712940870837264,0,0.914826107726558,0.677098908830597,1,0.8310591667008554,0.6916605868594013,0,0.914826107726558,0.6840004591492116,1,0.914826107726558,0.6964330362612187,1,0.914826107726558,0.707994416693205,1,-0.5458459025541449,-0.7177455629038727
ISDH_STAAW_Tsuboyama_2023_2LHR,10,1944,0.9323955062630681,0.8141082463753714,1,0.9323955062630681,0.8159445019467212,1,0.9323955062630681,0.8159445019467212,1,0.9323955062630681,0.8159445019467212,1,0.9323955062630681,0.8241289828387736,1,0.931383026714467,0.7031625934707856,0,0.9323955062630681,0.8141082463753714,1,0.9323955062630681,0.9011752487408378,1,0.9432148917968948,0.8913235488853419,1,0.9585026386317405,0.9256885083835209,1,-1.309561012588717,-1.2546120847382112
ISDH_STAAW_Tsuboyama_2023_2LHR,20,1944,0.9323955062630681,0.8149013637147027,1,0.9323955062630681,0.8271719184762537,1,0.9323955062630681,0.8306586848075395,1,0.9323955062630681,0.8324013185643085,1,0.9323955062630681,0.8324013185643085,1,0.9585026386317405,0.76265023248201,1,0.9585026386317405,0.8497113003826432,1,0.9323955062630681,0.8650420406588144,1,0.9323955062630681,0.8585670688145601,1,0.9585026386317405,0.9000654944583114,1,-0.7656786795520406,-0.9935790836599346
ISDH_STAAW_Tsuboyama_2023_2LHR,30,1944,0.9323955062630681,0.8083414957615206,1,0.9323955062630681,0.8053567315845377,1,0.9323955062630681,0.8145848967667295,1,0.9323955062630681,0.8199975202597974,1,0.9323955062630681,0.8193159305915865,1,0.9432148917968948,0.7718328566183813,1,0.9585026386317405,0.8475796002316588,1,0.9323955062630681,0.8284241921412552,1,0.9323955062630681,0.8456743423804166,1,0.9585026386317405,0.8785610898915224,1,-0.6413137843153841,-0.8903296379937461
ISDH_STAAW_Tsuboyama_2023_2LHR,40,1944,0.9323955062630681,0.7971282155730097,1,0.9323955062630681,0.7970920848128565,1,0.9323955062630681,0.7982223304754347,1,0.9323955062630681,0.7971795131077408,1,0.9323955062630681,0.7887991750690011,1,0.9323955062630681,0.7532252240120322,1,0.9585026386317405,0.8426189905445461,1,0.9323955062630681,0.818470577036976,1,0.9432148917968948,0.8259143697130583,1,0.9585026386317405,0.8603447190011333,1,-0.40359318137329014,-0.6717227032789053
KCNE1_HUMAN_Muhammad_2023_expression,10,2339,0.536445999755503,0.4884416935845855,0,0.7052420063911309,0.5095418520816685,0,0.7052420063911309,0.5095418520816685,0,0.7052420063911309,0.508484695973503,0,0.7052420063911309,0.5112375894299357,0,0.7600138009581102,0.49721653593062626,0,0.98507507098772,0.6187498879157107,1,0.9836724304457193,0.6436462844401655,1,0.98507507098772,0.6435024401685292,1,0.98507507098772,0.7300189015949249,1,-0.2701079746721467,-1.1994960428320536
KCNE1_HUMAN_Muhammad_2023_expression,20,2339,0.7052420063911309,0.501279802456851,0,0.7052420063911309,0.5012798024568511,0,0.7052420063911309,0.49948807573598714,0,0.7052420063911309,0.4957475967056884,0,0.7052420063911309,0.4960677470972289,0,0.6210225513960158,0.4858255402382784,0,0.98507507098772,0.5739407721980156,1,0.9836724304457193,0.5845077855923997,1,0.98507507098772,0.6072234403113623,1,0.98507507098772,0.6481272633285706,1,-0.6531056765807727,-0.8011577059583683
KCNE1_HUMAN_Muhammad_2023_expression,30,2339,0.7052420063911309,0.5058000677958363,0,0.7052420063911309,0.5010532583334161,0,0.7052420063911309,0.49640154155395894,0,0.9836724304457193,0.5161957946051682,1,0.9836724304457193,0.5197480103338162,1,0.9836724304457193,0.5238566742668274,1,0.98507507098772,0.5553559664898641,1,0.9836724304457193,0.5606275866706201,1,0.7600138009581102,0.5494568764193093,0,0.98507507098772,0.609947526785144,1,-0.4877540131332167,-0.3638192598603628
KCNE1_HUMAN_Muhammad_2023_expression,40,2339,0.7052420063911309,0.5016353130045731,0,0.7052420063911309,0.5014588998297106,0,0.7052420063911309,0.4997564459144884,0,0.9836724304457193,0.510830901017033,1,0.9836724304457193,0.5109490888751499,1,0.7600138009581102,0.5087833363033368,0,0.98507507098772,0.5430284505267882,1,0.9836724304457193,0.5437816234492817,1,0.9836724304457193,0.5439035723165091,1,0.98507507098772,0.585400992799603,1,-0.26931936120546895,-0.3681786102296957
KCNE1_HUMAN_Muhammad_2023_function,10,2315,0.8113436145258804,0.7627206544703868,0,0.8279542512696773,0.7702701980196673,0,0.8113436145258804,0.7472499301389076,0,0.8113436145258804,0.7472499301389076,0,0.8426706556474283,0.7503826342510624,0,0.8426706556474283,0.7231505512763595,0,0.8113436145258804,0.7627206544703868,0,0.8853202745286108,0.8371324329192897,1,0.8842856822481541,0.8129321507940629,1,0.8853202745286108,0.8488667168932705,1,-1.5003823110277705,-0.9759766627281707
KCNE1_HUMAN_Muhammad_2023_function,20,2315,0.8842856822481541,0.7658675430465246,1,0.8842856822481541,0.7495053511774656,1,0.8523399049428996,0.741272429525619,0,0.8523399049428996,0.7393744739781853,0,0.8426706556474283,0.7394971185356422,0,0.8523399049428996,0.7590547276802269,0,0.8842856822481541,0.7806101893277126,1,0.8853202745286108,0.8123944656142361,1,0.8853202745286108,0.8040310782452816,1,0.8853202745286108,0.8309443856071088,1,-1.0637343555025103,-0.4827473660029315
KCNE1_HUMAN_Muhammad_2023_function,30,2315,0.8853202745286108,0.7470139250760747,1,0.8853202745286108,0.7445567670362325,1,0.8853202745286108,0.754797793144792,1,0.8523399049428996,0.7506941153013627,0,0.8523399049428996,0.7448165241268161,0,0.8842856822481541,0.7417532212266842,1,0.8842856822481541,0.7696711995651966,1,0.8853202745286108,0.8035934474555195,1,0.8842856822481541,0.7944573396768602,1,0.8853202745286108,0.8173940560662742,1,-0.825750827326375,-0.3137449481797109
KCNE1_HUMAN_Muhammad_2023_function,40,2315,0.8853202745286108,0.7508150090198555,1,0.8853202745286108,0.7514299205433073,1,0.8853202745286108,0.7505189096034453,1,0.8853202745286108,0.7455628382998347,1,0.8853202745286108,0.7515753162566046,1,0.8853202745286108,0.7386060906452495,1,0.8853202745286108,0.768876074863458,1,0.8853202745286108,0.7872029915817104,1,0.8842856822481541,0.7750059402616917,1,0.8853202745286108,0.80739213068346,1,-0.7214634625419647,-0.22411013953762488
KCNJ2_MOUSE_Coyote-Maestas_2022_function,10,6963,0.702993542041623,0.605607501059403,0,0.6611850559495691,0.5948676468103963,0,0.6611850559495691,0.5763799394310363,0,0.6611850559495691,0.591057704980023,0,0.6611850559495691,0.591057704980023,0,0.702993542041623,0.5604922241224135,0,0.9273974537986733,0.655610186547152,1,0.674674125570287,0.6392238483253897,0,0.9273974537986733,0.6843502336757422,1,0.9273974537986733,0.7083685833714858,1,-1.2909791161351198,-0.92053752478347
KCNJ2_MOUSE_Coyote-Maestas_2022_function,20,6963,0.702993542041623,0.5746064874704524,0,0.702993542041623,0.5827615805609642,0,0.702993542041623,0.5858717257914521,0,0.6611850559495691,0.5753231822154037,0,0.6611850559495691,0.5713442458072434,0,0.702993542041623,0.5582678614403362,0,0.9273974537986733,0.6355842527377186,1,0.702993542041623,0.6191200193578891,0,0.8341619337666326,0.6314110697913302,1,0.9273974537986733,0.6651580310271806,1,-0.4848155772092824,-0.47121803047593425
KCNJ2_MOUSE_Coyote-Maestas_2022_function,30,6963,0.702993542041623,0.5770870832846673,0,0.702993542041623,0.5771319649514156,0,0.702993542041623,0.5763950829059461,0,0.702993542041623,0.5762693469352833,0,0.6611850559495691,0.5645337289030374,0,0.674674125570287,0.5422042678762682,0,0.9273974537986733,0.6139474769637595,1,0.702993542041623,0.6013375179626246,0,0.8341619337666326,0.5951687214142417,1,0.9273974537986733,0.640027198136669,1,-0.3027871876535063,-0.5739536577157072
KCNJ2_MOUSE_Coyote-Maestas_2022_function,40,6963,0.702993542041623,0.5671384782540115,0,0.702993542041623,0.565260135326097,0,0.702993542041623,0.5667964012262369,0,0.702993542041623,0.567480333130375,0,0.702993542041623,0.5723905984534032,0,0.8341619337666326,0.5637326579154734,1,0.9273974537986733,0.6022622587669594,1,0.702993542041623,0.5861246073977108,0,0.702993542041623,0.5801928606783744,0,0.9273974537986733,0.6221623103162959,1,-0.21920872248340054,-0.48316952470380614
KCNJ2_MOUSE_Coyote-Maestas_2022_surface,10,6917,0.6500457972861323,0.5526085485494824,0,0.6500457972861323,0.5618466367923619,0,0.6500457972861323,0.5618466367923619,0,0.6500457972861323,0.5798625177272712,0,0.6500457972861323,0.5738730594484457,0,0.7001970972350031,0.573317657211581,0,0.7826673165870291,0.6134077092379263,0,0.7605682876173985,0.705923225456482,0,0.7706673515991407,0.6454196368841939,0,0.7826673165870291,0.7488978080985969,0,-0.7466523614021794,-1.1533291692839707
KCNJ2_MOUSE_Coyote-Maestas_2022_surface,20,6917,0.733792723082777,0.6029659855351585,0,0.733792723082777,0.597674783019596,0,0.733792723082777,0.6002105253746391,0,0.733792723082777,0.6045116986362583,0,0.733792723082777,0.6190731390545706,0,0.7605682876173985,0.6330226713811499,0,0.7826673165870291,0.6586918631863293,0,0.7605682876173985,0.684751928663894,0,0.7826673165870291,0.6688570308853475,0,0.7826673165870291,0.7310155214890532,0,-0.764819279703315,-0.5229432045189885
KCNJ2_MOUSE_Coyote-Maestas_2022_surface,30,6917,0.7826673165870291,0.6035648528704324,0,0.733792723082777,0.6046043861784113,0,0.733792723082777,0.602100195401543,0,0.733792723082777,0.6087789723328074,0,0.733792723082777,0.6097612883388498,0,0.7506021514571122,0.6361156263838921,0,0.7826673165870291,0.6598593757554992,0,0.7605682876173985,0.6668840434598974,0,0.7826673165870291,0.6612681038268876,0,0.7826673165870291,0.7156722868285508,0,-0.5523580027412563,-0.49650678097372414
KCNJ2_MOUSE_Coyote-Maestas_2022_surface,40,6917,0.7826673165870291,0.6147581503636032,0,0.7826673165870291,0.6189749896890464,0,0.7826673165870291,0.6196879570610573,0,0.7826673165870291,0.6233674047599201,0,0.7605682876173985,0.6263158254366631,0,0.7524807030920833,0.6342049045134692,0,0.7826673165870291,0.6515941146979755,0,0.7826673165870291,0.6652234298492786,0,0.7826673165870291,0.6570769017105893,0,0.7826673165870291,0.7018408173160786,0,-0.46005185043352975,-0.003525182529888212
KKA2_KLEPN_Melnikov_2014,10,4960,0.5942337811777492,0.417550102815986,0,0.5942337811777492,0.4012923916170345,0,0.5942337811777492,0.3892645194284922,0,0.5942337811777492,0.39479527366099487,0,0.5942337811777492,0.39836027147682107,0,0.6818777501944449,0.5063074677434821,0,0.9430303546885154,0.5169843485302109,1,0.8329479953546353,0.6665608319038537,1,0.9430303546885154,0.6256944074496308,1,0.9430303546885154,0.7759868736482096,1,-0.9083341210967083,-0.993414408467159
KKA2_KLEPN_Melnikov_2014,20,4960,0.7723451633868545,0.42179432540993217,0,0.5942337811777492,0.39746422749501903,0,0.7723451633868545,0.4087175170738464,0,0.5942337811777492,0.3804058301458602,0,0.5942337811777492,0.3741862620795466,0,0.7949327167925675,0.48045856995216135,0,0.9430303546885154,0.5473294479900275,1,0.8329479953546353,0.5780495860724293,1,0.9430303546885154,0.6233584069382145,1,0.9430303546885154,0.6984913219045996,1,-0.8502512853065736,-0.6727434821627281
KKA2_KLEPN_Melnikov_2014,30,4960,0.7863132211768968,0.42550901903960275,0,0.7863132211768968,0.4467487773953994,0,0.7863132211768968,0.4437268042518584,0,0.7723451633868545,0.4380763643983223,0,0.8329479953546353,0.4403095489237173,1,0.8329479953546353,0.4775509551764919,1,0.9430303546885154,0.5466681582975519,1,0.8329479953546353,0.5292143011886878,1,0.8329479953546353,0.5255257110995096,1,0.9430303546885154,0.6489169694322213,1,-0.6286478672850343,-0.2970340865880516
KKA2_KLEPN_Melnikov_2014,40,4960,0.7865156567970424,0.4463313871101782,0,0.7865156567970424,0.43409628477364504,0,0.7863132211768968,0.427862865849111,0,0.8329479953546353,0.4416332825468533,1,0.8329479953546353,0.439600136377681,1,0.9430303546885154,0.45554194146414234,1,0.9430303546885154,0.5382723185271211,1,0.8329479953546353,0.5090094505471089,1,0.8329479953546353,0.523684434831712,1,0.9430303546885154,0.6121890215966843,1,-0.439147488968482,-0.2986759286163151
LGK_LIPST_Klesmith_2015,10,7890,0.9130187753415459,0.885274140647194,0,0.9130187753415459,0.885274140647194,0,0.9072079750006456,0.8839492781694688,0,0.9072079750006456,0.8824178094574003,0,0.9363652798223187,0.8863794840009297,1,0.9095839466955915,0.8516722192092147,0,0.9414787841223109,0.8938224735931407,1,0.9453526510162443,0.9142119263448775,1,0.9453526510162443,0.9202990625242116,1,0.9453526510162443,0.9291598873996022,1,-1.0605730206316322,-0.5291060815544568
LGK_LIPST_Klesmith_2015,20,7890,0.9453526510162443,0.8746739495364272,1,0.9363652798223187,0.8855517677745927,1,0.9453526510162443,0.8893507399085767,1,0.9363652798223187,0.8861121871852483,1,0.9363652798223187,0.8854923684822189,1,0.9109527129981146,0.8732845226104697,0,0.9414787841223109,0.9006908395960848,1,0.9453526510162443,0.9031804447199194,1,0.9399808889233232,0.905968337594587,1,0.9453526510162443,0.9159590403140415,1,-0.15139792907093444,-0.5991984510855762
LGK_LIPST_Klesmith_2015,30,7890,0.9453526510162443,0.8675283868357394,1,0.9453526510162443,0.8722054354656819,1,0.9453526510162443,0.8722054354656819,1,0.9453526510162443,0.8807572118488675,1,0.9453526510162443,0.8847197472517067,1,0.9363652798223187,0.8720392896188975,1,0.9414787841223109,0.8979287725007101,1,0.9453526510162443,0.895687955717397,1,0.9453526510162443,0.8971230081867719,1,0.9453526510162443,0.9085052899804584,1,0.0985205044645856,-0.6895721380727685
LGK_LIPST_Klesmith_2015,40,7890,0.9453526510162443,0.867014023398156,1,0.9453526510162443,0.8668887683685854,1,0.9453526510162443,0.8731702435370987,1,0.9453526510162443,0.8706941969473928,1,0.9453526510162443,0.8780603548462075,1,0.92404638309961,0.871097079104362,1,0.9453526510162443,0.8951583120270654,1,0.9453526510162443,0.8835392939231941,1,0.9453526510162443,0.8807023320678701,1,0.9453526510162443,0.9023972779628625,1,-0.008293947838636628,-0.5700004389502649
LYAM1_HUMAN_Elazar_2016,10,359,0.8397233616656541,0.5956087454822343,0,0.8397233616656541,0.5956087454822343,0,0.8999739888550942,0.6443818782610801,0,0.8999739888550942,0.6485884272293382,0,0.8999739888550942,0.6370787175239746,0,0.8239584500507882,0.6497019826291542,0,0.8397233616656541,0.5956087454822343,0,0.8999739888550942,0.8420094400327315,0,0.8999739888550942,0.8735882736077948,0,0.8999739888550942,0.8807587285929092,0,-1.3627424435209472,-1.0580363067078162
LYAM1_HUMAN_Elazar_2016,20,359,0.8999739888550942,0.6392621442105092,0,0.8999739888550942,0.6372017552401104,0,0.8999739888550942,0.6386915980663135,0,0.8999739888550942,0.6545932414847402,0,0.8999739888550942,0.6552807857109436,0,0.8895054331882651,0.5935880620520034,0,0.8999739888550942,0.7161894589104899,0,0.8999739888550942,0.753874897643023,0,0.8999739888550942,0.7558634494314573,0,0.8999739888550942,0.8562299587519656,0,-1.01908073981262,-0.6029438890257507
LYAM1_HUMAN_Elazar_2016,30,359,0.8999739888550942,0.6418747262365144,0,0.8999739888550942,0.635643664263178,0,0.8999739888550942,0.6331245309195562,0,0.8999739888550942,0.6394033858489718,0,0.8999739888550942,0.6314205203643602,0,0.8922125233608724,0.6023032892306992,0,0.8999739888550942,0.751588804486265,0,0.8999739888550942,0.7305419597041203,0,0.8999739888550942,0.7396925997364381,0,0.8999739888550942,0.8373345453739677,0,-0.9064929318461192,-0.40444079538274147
LYAM1_HUMAN_Elazar_2016,40,359,0.8999739888550942,0.6349522856853813,0,0.8999739888550942,0.6451316376645109,0,0.8999739888550942,0.6278036509854674,0,0.8999739888550942,0.6062945900365692,0,0.8999739888550942,0.5961830492374887,0,0.8895054331882651,0.5628477804325315,0,0.8999739888550942,0.7482552280252996,0,0.8999739888550942,0.6980090000433321,0,0.8999739888550942,0.761733166111343,0,0.8999739888550942,0.8129851645233166,0,-0.6530767088360698,-0.4599794004262939
MAFG_MOUSE_Tsuboyama_2023_1K1V,10,1429,0.8544180146970922,0.8054139717680392,0,0.8544180146970922,0.8054139717680392,0,0.8544180146970922,0.809571806474278,0,0.8544180146970922,0.8046505523049182,0,0.8756663225586476,0.8092925439134488,0,0.7862115579490125,0.7379711352263059,0,0.8544180146970922,0.8054139717680392,0,0.8756663225586476,0.8420563230443854,0,0.8756663225586476,0.8323388110551525,0,0.8933542863917296,0.8598437855010586,1,-1.2308260974747163,-1.2414685152860832
MAFG_MOUSE_Tsuboyama_2023_1K1V,20,1429,0.8756663225586476,0.8081825355339024,0,0.8756663225586476,0.8052054559087247,0,0.8756663225586476,0.8052054559087247,0,0.8756663225586476,0.8043052681873188,0,0.8756663225586476,0.8049596494472822,0,0.8544180146970922,0.770401848025416,0,0.8933542863917296,0.8105746038880628,1,0.8756663225586476,0.8233578961400428,0,0.8756663225586476,0.8248177684459717,0,0.8933542863917296,0.8458464416083784,1,-0.9996383243874094,-0.9675407150200739
MAFG_MOUSE_Tsuboyama_2023_1K1V,30,1429,0.8756663225586476,0.7949615613968003,0,0.8756663225586476,0.7989041304927108,0,0.8756663225586476,0.7989041304927108,0,0.8756663225586476,0.7974316054615865,0,0.8756663225586476,0.7919671500463351,0,0.8933542863917296,0.7788100306504704,1,0.8933542863917296,0.8122785392769972,1,0.8756663225586476,0.8064507586405352,0,0.8756663225586476,0.8235692213826286,0,0.8933542863917296,0.8322200749421899,1,-0.7438671251126824,-0.9141834408281889
MAFG_MOUSE_Tsuboyama_2023_1K1V,40,1429,0.8756663225586476,0.7820274970650603,0,0.8756663225586476,0.7815046960415613,0,0.8756663225586476,0.7815046960415613,0,0.8756663225586476,0.7814449313189022,0,0.8756663225586476,0.7794765348079541,0,0.8933542863917296,0.7761531280009729,1,0.8933542863917296,0.8072144216844949,1,0.8933542863917296,0.8022567535259447,1,0.8933542863917296,0.812390331166895,1,0.8933542863917296,0.8210107940449202,1,-0.5836311952058002,-0.7764495503504225
MBD11_ARATH_Tsuboyama_2023_6ACV,10,2116,0.7899141019060164,0.7369631556303328,0,0.7854956482030998,0.7380981966066694,0,0.7854956482030998,0.7380981966066694,0,0.7854956482030998,0.7363607392342394,0,0.7854956482030998,0.7426367155154698,0,0.8036697624486675,0.7259900035834945,0,1.0,0.8250358763820074,1,0.8717766207323523,0.7931124870356749,1,0.8796274135441419,0.7926626792172001,1,1.0,0.8420734818360808,1,-0.283831894389367,-1.0562919523608094
MBD11_ARATH_Tsuboyama_2023_6ACV,20,2116,0.8796274135441419,0.7494756502769727,1,0.8796274135441419,0.747031750932295,1,0.8796274135441419,0.7510685605369216,1,0.8796274135441419,0.7495768339882619,1,0.8152704891481701,0.7412957523356168,0,0.8717766207323523,0.7394199645408881,1,1.0,0.7875991981515775,1,0.8717766207323523,0.771336254060754,1,1.0,0.7913603815814416,1,1.0,0.8149232932092411,1,-0.27358301580653915,-0.736778867512898
MBD11_ARATH_Tsuboyama_2023_6ACV,30,2116,1.0,0.7469273681717089,1,0.8796274135441419,0.7394225733951412,1,0.8796274135441419,0.739662958077809,1,0.8796274135441419,0.7470644026615888,1,0.8796274135441419,0.7430463979599187,1,0.8717766207323523,0.7285237340906103,1,1.0,0.7767520500189564,1,0.8796274135441419,0.764867592205114,1,0.8796274135441419,0.7651136336632425,1,1.0,0.7962564585598028,1,-0.2732800919734846,-0.4499140114060886
MBD11_ARATH_Tsuboyama_2023_6ACV,40,2116,1.0,0.7431108907611905,1,0.8796274135441419,0.7397932320895401,1,0.8796274135441419,0.7396700901186989,1,0.8796274135441419,0.7364670616116439,1,0.8796274135441419,0.7371307811684511,1,1.0,0.7329302480355557,1,1.0,0.7662771312076712,1,1.0,0.7620582018552203,1,0.8796274135441419,0.7625193464823588,1,1.0,0.7833038972570521,1,-0.13801042104940606,-0.3427306930790067
MET_HUMAN_Estevam_2023,10,5393,0.9343175161613965,0.8679428059444373,0,0.9343175161613965,0.8679428059444373,0,0.9343175161613965,0.8679428059444373,0,0.9343175161613965,0.8679428059444373,0,0.9343175161613965,0.8679102803522442,0,0.9708650139370988,0.8451451720067947,1,0.9343175161613965,0.8679428059444373,0,0.9708650139370988,0.9375799346438293,1,0.9966849934701562,0.9293386934595839,1,0.9966849934701562,0.9515646009141624,1,-1.2278335475033455,-1.3407410311077386
MET_HUMAN_Estevam_2023,20,5393,0.9966849934701562,0.8868053755673467,1,0.9966849934701562,0.8868053755673467,1,0.9642467516472583,0.8784778336755942,1,0.9642467516472583,0.8819924765103919,1,0.9642467516472583,0.8693242082792512,1,0.9642467516472583,0.8944319280859353,1,0.9966849934701562,0.8974692729264364,1,0.9708650139370988,0.9230408231064329,1,0.9610423800792715,0.9227999977923349,1,0.9966849934701562,0.9395803867094258,1,-0.7272084669142023,-1.0503220394597617
MET_HUMAN_Estevam_2023,30,5393,0.9966849934701562,0.8741182629371578,1,0.9966849934701562,0.8770369988651422,1,0.9966849934701562,0.8702482600388477,1,0.9966849934701562,0.8801078222898288,1,0.9642467516472583,0.8766499820330135,1,0.9966849934701562,0.8643890158685493,1,0.9966849934701562,0.9060454331029034,1,0.9966849934701562,0.9126951334383808,1,0.9966849934701562,0.9133169599403259,1,0.9966849934701562,0.9312060747607617,1,-0.6017072023322179,-0.9337432594964431
MET_HUMAN_Estevam_2023,40,5393,0.9966849934701562,0.8741857787750767,1,0.9966849934701562,0.8755334160385024,1,0.9966849934701562,0.8755013535711244,1,0.9966849934701562,0.8706401711041568,1,0.9966849934701562,0.87395985526583,1,0.9708650139370988,0.881927535184318,1,0.9966849934701562,0.896707160014521,1,0.9966849934701562,0.8992921400881624,1,0.9966849934701562,0.907718035995684,1,0.9966849934701562,0.9233089263332417,1,-0.5083686315095428,-0.6457517917620268
MK01_HUMAN_Brenan_2016,10,6809,0.5992700941093633,0.5231771586595704,0,0.5992700941093633,0.5231771586595703,0,0.5992700941093633,0.5231771586595703,0,0.5992700941093633,0.5256610189551796,0,0.5992700941093633,0.5256610189551797,0,0.6306867675611202,0.47736158694923086,0,0.5992700941093633,0.5231771586595704,0,0.6498598710874696,0.6133445001825093,0,0.6498598710874696,0.5855187849028862,0,0.6498598710874696,0.616939100830953,0,-1.388560609419729,-0.8488586222390296
MK01_HUMAN_Brenan_2016,20,6809,0.6498598710874696,0.5112596163323448,0,0.6498598710874696,0.5061863398077527,0,0.6498598710874696,0.517376447346803,0,0.6150032730990903,0.5135069731662495,0,0.6150032730990903,0.5191438829384087,0,0.5840490294281205,0.4699505749528944,0,0.6498598710874696,0.5359073510282788,0,0.6498598710874696,0.5925840593417748,0,0.639062907515232,0.5665340009905024,0,0.6498598710874696,0.5987602618596755,0,-0.8130974644251275,-0.6405017108657378
MK01_HUMAN_Brenan_2016,30,6809,0.6498598710874696,0.49401153509896,0,0.6498598710874696,0.5146265700539936,0,0.6498598710874696,0.5141056825054651,0,0.6498598710874696,0.5107298785876166,0,0.6498598710874696,0.5150900630396692,0,0.6498598710874696,0.5091707515697178,0,0.6498598710874696,0.5343755893368528,0,0.6498598710874696,0.5674101090884884,0,0.639062907515232,0.5602942574787102,0,0.6498598710874696,0.5845806614129986,0,-0.38410317727100235,-0.5838346095725552
MK01_HUMAN_Brenan_2016,40,6809,0.6498598710874696,0.4857706599755474,0,0.6498598710874696,0.487348697383639,0,0.6498598710874696,0.4980560845229886,0,0.6498598710874696,0.5066272013347313,0,0.6498598710874696,0.5115049134287694,0,0.6122488426362479,0.4856300476905116,0,0.6498598710874696,0.5347190219973847,0,0.6498598710874696,0.539508679240621,0,0.6498598710874696,0.5350818694220422,0,0.6498598710874696,0.5713832655856713,0,-0.2756850472882738,-0.533200946370419
MLAC_ECOLI_MacRae_2023,10,4007,0.8782416812456387,0.8359934525483571,0,0.8782416812456387,0.8359934525483571,0,0.8742111178283067,0.832522369755789,0,0.8609719673251166,0.8283219206113007,0,0.8609719673251166,0.830798903231699,0,0.8881847190887379,0.8229541678417487,0,0.8782416812456387,0.8424357312606934,0,0.8881847190887379,0.8709869192166051,0,0.8881847190887379,0.8537497582461978,0,0.8881847190887379,0.8755002009320925,0,-1.1510882697384448,-0.8261758851151993
MLAC_ECOLI_MacRae_2023,20,4007,0.8782416812456387,0.8345459523642658,0,0.8782416812456387,0.8293286231928013,0,0.8881847190887379,0.8376677832293733,0,0.8881847190887379,0.8376677832293733,0,0.8881847190887379,0.8372498996026826,0,0.8735871602091548,0.8048818558902018,0,0.8782416812456387,0.8446272779270925,0,0.8881847190887379,0.8609743006547611,0,0.8881847190887379,0.8557913946060438,0,0.8881847190887379,0.8672804007962245,0,-0.8629074870892361,-0.5747161861925435
MLAC_ECOLI_MacRae_2023,30,4007,0.8881847190887379,0.8307586857394808,0,0.8881847190887379,0.8297869624590217,0,0.8881847190887379,0.8294284951182493,0,0.8881847190887379,0.8273947527171802,0,0.8881847190887379,0.8266898054931499,0,0.8881847190887379,0.8092867089094237,0,0.8782416812456387,0.8379145006158999,0,0.8881847190887379,0.8538505412403768,0,0.8881847190887379,0.8495811418574993,0,0.8881847190887379,0.8625131261236889,0,-0.7378186981363278,-0.549141193143978
MLAC_ECOLI_MacRae_2023,40,4007,0.8881847190887379,0.8303112354428214,0,0.8881847190887379,0.8287269892442909,0,0.8881847190887379,0.8273702605555877,0,0.8881847190887379,0.8283622802513011,0,0.8881847190887379,0.8246227080604212,0,0.8742111178283067,0.8162862647163901,0,0.8881847190887379,0.8394408332021003,0,0.8881847190887379,0.8478708724008213,0,0.8881847190887379,0.8426569700026787,0,0.8881847190887379,0.8579614083639239,0,-0.5333047106615519,-0.4413811816585022
MSH2_HUMAN_Jia_2020,10,16749,0.8302469135802468,0.7084876543209875,0,0.8233024691358024,0.6950617283950616,0,0.8233024691358024,0.6950617283950616,0,0.8233024691358024,0.7188271604938272,0,0.8233024691358024,0.7167438271604938,0,0.9290123456790123,0.721682098765432,1,0.9290123456790123,0.718364197530864,1,0.9336419753086419,0.8401234567901233,1,0.9336419753086419,0.8353395061728395,1,0.9336419753086419,0.8809413580246913,1,-1.1508905408092966,-0.7927132553262927
MSH2_HUMAN_Jia_2020,20,16749,0.9336419753086419,0.7403549382716048,1,0.9336419753086419,0.7371913580246912,1,0.9336419753086419,0.7295138888888888,1,0.9336419753086419,0.715895061728395,1,0.9336419753086419,0.6991512345679012,1,0.8302469135802468,0.7116126543209876,0,0.9290123456790123,0.7695987654320987,1,0.9336419753086419,0.8086805555555554,1,0.9081790123456789,0.7803626543209875,1,0.9336419753086419,0.8471064814814815,1,-1.052663900202742,-0.34439099680787183
MSH2_HUMAN_Jia_2020,30,16749,0.9336419753086419,0.7322530864197531,1,0.9336419753086419,0.717849794238683,1,0.9336419753086419,0.7160751028806583,1,0.9336419753086419,0.7132716049382716,1,0.9336419753086419,0.7090534979423868,1,0.9336419753086419,0.711625514403292,1,0.9336419753086419,0.7742283950617282,1,0.9336419753086419,0.7873713991769548,1,0.9336419753086419,0.7705246913580247,1,0.9336419753086419,0.8237654320987654,1,-0.8382467985374334,-0.16985396014638804
MSH2_HUMAN_Jia_2020,40,16749,0.9336419753086419,0.7235918209876542,1,0.9336419753086419,0.7146026234567902,1,0.9336419753086419,0.7203896604938271,1,0.9336419753086419,0.7219328703703702,1,0.9336419753086419,0.7132908950617283,1,0.9336419753086419,0.7167824074074074,1,0.9336419753086419,0.7593364197530863,1,0.9336419753086419,0.7685956790123455,1,0.9336419753086419,0.760378086419753,1,0.9336419753086419,0.8047260802469135,1,-0.53256166986104,-0.13889358142331062
MTH3_HAEAE_RockahShmuel_2015,10,1777,0.7794117647058824,0.5477941176470589,0,0.7794117647058824,0.5419117647058823,0,0.7794117647058824,0.5426470588235294,0,0.7794117647058824,0.551470588235294,0,0.7794117647058824,0.5919117647058824,0,0.9411764705882353,0.6522058823529411,1,0.9411764705882353,0.6977941176470588,1,0.8088235294117647,0.7661764705882352,0,0.9411764705882353,0.7999999999999998,1,0.9411764705882353,0.8183823529411766,1,-0.7686104393884633,-1.0469517661689431
MTH3_HAEAE_RockahShmuel_2015,20,1777,0.7794117647058824,0.6136029411764705,0,0.7794117647058824,0.6121323529411764,0,0.7794117647058824,0.6058823529411764,0,0.8088235294117647,0.613235294117647,0,0.8088235294117647,0.6121323529411765,0,0.823529411764706,0.6305147058823531,1,0.9411764705882353,0.6783088235294117,1,0.8088235294117647,0.7290441176470588,0,0.9411764705882353,0.7227941176470589,1,0.9411764705882353,0.7830882352941178,1,-0.6694554425029952,-0.709998606396281
MTH3_HAEAE_RockahShmuel_2015,30,1777,0.8088235294117647,0.6036764705882353,0,0.8088235294117647,0.6083333333333334,0,0.8088235294117647,0.6122549019607844,0,0.8088235294117647,0.6348039215686274,0,0.8088235294117647,0.6431372549019607,0,0.823529411764706,0.6335784313725492,1,0.9411764705882353,0.6862745098039216,1,0.8088235294117647,0.7080882352941176,0,0.9411764705882353,0.6862745098039216,1,0.9411764705882353,0.7600490196078431,1,-0.4713906356740004,-0.664175948744764
MTH3_HAEAE_RockahShmuel_2015,40,1777,0.8088235294117647,0.6147058823529411,0,0.8088235294117647,0.6172794117647058,0,0.8088235294117647,0.6181985294117648,0,0.8088235294117647,0.6341911764705882,0,0.8088235294117647,0.6522058823529412,0,0.9411764705882353,0.6386029411764704,1,0.9411764705882353,0.6854779411764707,1,0.8088235294117647,0.6746323529411763,0,0.823529411764706,0.6718749999999999,1,0.9411764705882353,0.7424632352941175,1,-0.4238600989317652,-0.5107125288589008
MTHR_HUMAN_Weile_2021,10,12464,0.9866733972741039,0.8043816254416961,0,0.9866733972741039,0.8043816254416961,0,0.9866733972741039,0.8051085310449267,0,0.9722362443210499,0.7539525492175668,0,0.9825340737001513,0.767279151943463,0,0.9937405350832912,0.7745885916203936,1,0.9866733972741039,0.8579303382130237,0,0.9937405350832912,0.972165572942958,1,0.9937405350832912,0.9124886420999495,1,0.9937405350832912,0.9798081776880362,1,-0.8461449301216037,-1.058230786288184
MTHR_HUMAN_Weile_2021,20,12464,0.9866733972741039,0.7629328621908127,0,0.9937405350832912,0.7817920242301867,1,0.9937405350832912,0.7895002523977789,1,0.9937405350832912,0.7807975769813225,1,0.9937405350832912,0.7850378596668349,1,0.9866733972741039,0.7809994952044421,0,0.9866733972741039,0.8685159010600706,0,0.9937405350832912,0.9253205451792025,1,0.9937405350832912,0.8891418475517416,1,0.9937405350832912,0.9616557294295808,1,-0.5719594715829257,-0.7778142895311401
MTHR_HUMAN_Weile_2021,30,12464,0.9937405350832912,0.7502170620898536,1,0.9937405350832912,0.7491906444556621,1,0.9937405350832912,0.7682113410735317,1,0.9937405350832912,0.780336530371866,1,0.9937405350832912,0.7819081272084806,1,0.9770822816759211,0.7199562510516574,0,0.9866733972741039,0.837233720343261,0,0.9937405350832912,0.8780245667171462,1,0.9866733972741039,0.8656065959952883,0,0.9937405350832912,0.9319569241124012,1,-0.54217331037523,-0.5003540448213831
MTHR_HUMAN_Weile_2021,40,12464,0.9937405350832912,0.7658404846037354,1,0.9937405350832912,0.763301362948006,1,0.9937405350832912,0.7690030287733468,1,0.9937405350832912,0.7621100454316002,1,0.9937405350832912,0.7752852094901564,1,0.9864714790509843,0.7897703180212013,0,0.9937405350832912,0.8323321554770318,1,0.9937405350832912,0.8445103483089349,1,0.9937405350832912,0.8274709742554265,1,0.9937405350832912,0.9048031297324584,1,-0.5067571329123066,-0.4716704028301032
MYO3_YEAST_Tsuboyama_2023_2BTT,10,3297,0.9166214745181187,0.7021180373372735,1,0.9166214745181187,0.7021180373372735,1,0.9166214745181187,0.6723132224532435,1,0.9166214745181187,0.6723132224532435,1,0.9166214745181187,0.6723132224532435,1,0.7802685314885737,0.5891478995422509,0,0.9166214745181187,0.7021180373372735,1,0.9166214745181187,0.8143007050077908,1,1.0,0.8215049099277615,1,1.0,0.8936723460455211,1,-1.4915177111329732,-1.2028712994287976
MYO3_YEAST_Tsuboyama_2023_2BTT,20,3297,0.9166214745181187,0.6345786033374282,1,0.9166214745181187,0.6345786033374282,1,0.9166214745181187,0.6345786033374282,1,0.9166214745181187,0.6345028975879955,1,0.9166214745181187,0.6358003708478374,1,0.9791320643177585,0.6224872509321977,1,0.9166214745181187,0.6345786033374282,1,0.9166214745181187,0.7499396330112138,1,1.0,0.7648135818901498,1,1.0,0.833226289211232,1,-1.1219009275320175,-1.0179792724362724
MYO3_YEAST_Tsuboyama_2023_2BTT,30,3297,0.9166214745181187,0.6503861644961358,1,0.9166214745181187,0.6525871564294841,1,0.9166214745181187,0.6461673177047942,1,0.9166214745181187,0.6472070254383011,1,0.9166214745181187,0.6305727936017103,1,0.8102407640724492,0.576790879883695,0,1.0,0.6849021674778547,1,0.9166214745181187,0.7070978613147801,1,1.0,0.7223661159281827,1,1.0,0.7871205660580094,1,-0.7302298974424164,-0.8506242760265094
MYO3_YEAST_Tsuboyama_2023_2BTT,40,3297,0.9166214745181187,0.641136601400589,1,0.9166214745181187,0.6519665265660896,1,0.9166214745181187,0.651056340360352,1,0.9166214745181187,0.640774441957431,1,0.9166214745181187,0.6374340950580032,1,0.9791320643177585,0.5913929355550381,1,1.0,0.6991286074067078,1,0.9166214745181187,0.6719256402251881,1,0.9791320643177585,0.7035940906519589,1,1.0,0.7508099686970702,1,-0.5382350713482654,-0.7334421146648491
NCAP_I34A1_Doud_2015,10,9462,0.7504059139729797,0.6229482046860364,0,0.7398571298464907,0.5892311324096199,0,0.7398571298464907,0.5892311324096199,0,0.7398571298464907,0.5892311324096199,0,0.7398571298464907,0.5892311324096199,0,0.7398571298464907,0.56402446216522,0,0.7504059139729797,0.6229482046860364,0,0.909884564008796,0.7652146165462456,1,0.909884564008796,0.6872658407335108,1,0.909884564008796,0.8145636406726957,1,-1.8064634613025754,-1.186291467403475
NCAP_I34A1_Doud_2015,20,9462,0.7543422868436517,0.5999744377937856,0,0.7504059139729797,0.5877089717739027,0,0.7504059139729797,0.5801066950585895,0,0.7504059139729797,0.5801066950585895,0,0.7398571298464907,0.5619951880131404,0,0.8500045935371825,0.5930982191272725,1,0.8701482433213231,0.6148047048318555,1,0.909884564008796,0.7149847778989137,1,0.909884564008796,0.7373721842960801,1,0.909884564008796,0.7752517448105367,1,-1.251981345326021,-0.9019485810218217
NCAP_I34A1_Doud_2015,30,9462,0.7897522863204307,0.5871750754202977,0,0.7897522863204307,0.5824103408389261,0,0.7543422868436517,0.5736281926236643,0,0.7594545408713839,0.5737986010912554,0,0.7504059139729797,0.5657169728605096,0,0.7723339127766268,0.5490155252086194,0,0.8701482433213231,0.6478101267246542,1,0.909884564008796,0.6761181149806468,1,0.836537652754325,0.6576048750360555,1,0.909884564008796,0.7458753756582274,1,-0.9805930426985768,-0.7484405711585216
NCAP_I34A1_Doud_2015,40,9462,0.7897522863204307,0.5889852283705658,0,0.7897522863204307,0.5893924692834167,0,0.7897522863204307,0.5880430436461185,0,0.7897522863204307,0.5890758034075457,0,0.8500045935371825,0.5770524897065556,1,0.909884564008796,0.589082052145447,1,0.8701482433213231,0.6374630309922873,1,0.909884564008796,0.642171965761092,1,0.8500045935371825,0.6532799413251914,1,0.909884564008796,0.721444473436452,1,-0.7776068530104697,-0.5447577772887457
NKX31_HUMAN_Tsuboyama_2023_2L9R,10,2482,0.6336118490134782,0.5628446042683501,1,0.6336118490134782,0.5628446042683501,1,0.6336118490134782,0.566435913698927,1,0.6336118490134782,0.5718287025061601,1,0.6336118490134782,0.5683094002602502,1,0.6135198766515577,0.5609052711025697,0,0.6336118490134782,0.5940151175338293,1,0.6336118490134782,0.6015999230117454,1,0.6336118490134782,0.5924749854225211,1,0.6336118490134782,0.6134575650718183,1,-0.8527981959614659,-0.584675905060207
NKX31_HUMAN_Tsuboyama_2023_2L9R,20,2482,0.6336118490134782,0.5656409892157005,1,0.6336118490134782,0.5599223905895834,1,0.6336118490134782,0.5604981837317128,1,0.6336118490134782,0.5603175448214833,1,0.6336118490134782,0.5568478010372714,1,0.6160687136039485,0.5626336871790253,0,0.6336118490134782,0.583797245688465,1,0.6336118490134782,0.5846766379868179,1,0.6336118490134782,0.5832227992354745,1,0.6336118490134782,0.5994951181162619,1,-0.7823016441258301,-0.44620590964057205
NKX31_HUMAN_Tsuboyama_2023_2L9R,30,2482,0.6336118490134782,0.562743607271169,1,0.6336118490134782,0.562735504383444,1,0.6336118490134782,0.5609158378039478,1,0.6336118490134782,0.5601557603703569,1,0.6336118490134782,0.5632586164481586,1,0.6336118490134782,0.5657645932498582,1,0.6336118490134782,0.5778190328674585,1,0.6336118490134782,0.5799830641927968,1,0.6336118490134782,0.5789617135956928,1,0.6336118490134782,0.5907584821104556,1,-0.6534364774612686,-0.5081099852455203
NKX31_HUMAN_Tsuboyama_2023_2L9R,40,2482,0.6336118490134782,0.5599152814924812,1,0.6336118490134782,0.5626142325734124,1,0.6336118490134782,0.5638103218915066,1,0.6336118490134782,0.5661119740826137,1,0.6336118490134782,0.5624179968789681,1,0.5944117712683868,0.5524848566686532,0,0.6336118490134782,0.5726620104778019,1,0.6336118490134782,0.5725175666777393,1,0.6336118490134782,0.5756237565535633,1,0.6336118490134782,0.5843562159633243,1,-0.46187027844190076,-0.39139479748433426
NPC1_HUMAN_Erwood_2022_HEK293T,10,637,0.9875985775885181,0.9389016234116891,1,0.9875985775885181,0.9426657092196612,1,0.9875985775885181,0.9421779745389163,1,0.9875985775885181,0.9107520708157966,1,0.9875985775885181,0.9066968177163413,1,0.9544930050472041,0.9118847024697426,0,1.0,0.9532496232164526,1,0.9875985775885181,0.9666285402551084,1,0.9875985775885181,0.9658290196765204,1,1.0,0.9801135678082815,1,-0.6856563304649773,-0.7134567657585419
NPC1_HUMAN_Erwood_2022_HEK293T,20,637,0.9875985775885181,0.9265916506018325,1,0.9875985775885181,0.9290785364182852,1,0.9875985775885181,0.9277629280095261,1,0.9875985775885181,0.9265611421483327,1,0.9875985775885181,0.9130574899016358,1,0.9842598851363187,0.9006298773802217,1,1.0,0.9569812747418472,1,0.9875985775885181,0.9568740520263076,1,1.0,0.9495721479208996,1,1.0,0.970084431017477,1,-0.6340095694592246,-0.5952122501396907
NPC1_HUMAN_Erwood_2022_HEK293T,30,637,0.9875985775885181,0.9237216129293947,1,0.9875985775885181,0.92084827016755,1,0.9875985775885181,0.9228277019682803,1,0.9875985775885181,0.9248930041261608,1,0.9875985775885181,0.9215496640514819,1,0.9767077857111115,0.8945141324340626,0,1.0,0.9446067731423823,1,0.9875985775885181,0.9489187167781805,1,1.0,0.9579149339651561,1,1.0,0.9626842790437822,1,-0.17025901301435464,-0.38138607348533043
NPC1_HUMAN_Erwood_2022_HEK293T,40,637,0.9875985775885181,0.9260210003519244,1,0.9875985775885181,0.9232338767949462,1,0.9875985775885181,0.9201633280221292,1,0.9875985775885181,0.9175002199885532,1,0.9875985775885181,0.9194181685449923,1,1.0,0.9046657833055798,1,1.0,0.9410031634805243,1,0.9875985775885181,0.9413554456080022,1,1.0,0.9399424967982657,1,1.0,0.9570997969957764,1,-0.3940460118316192,-0.30732109122745604
NUD15_HUMAN_Suiter_2020,10,2844,0.8728631177634186,0.7683348618833632,0,0.8728631177634186,0.7783006883026001,0,0.8728631177634186,0.7683036073404566,0,0.8728631177634186,0.7683036073404566,0,0.880338061819295,0.7978233070234149,0,0.8524485522602313,0.7353392574448113,0,0.9526889481580304,0.8276613369743495,1,0.9305572902958518,0.8672544087809213,1,0.9218872137262278,0.8451939233535626,1,0.9526889481580304,0.8963856557842498,1,-0.6779729197287291,-1.269862756192565
NUD15_HUMAN_Suiter_2020,20,2844,0.880338061819295,0.7585412453916042,0,0.9305572902958518,0.7582829930677105,1,0.9305572902958518,0.7585673660820094,1,0.9305572902958518,0.7573688099121069,1,0.880338061819295,0.7485772229505866,0,0.8923187342277674,0.716673670346373,0,0.9526889481580304,0.8129137436590224,1,0.9305572902958518,0.8315426920258775,1,0.9526889481580304,0.8226635055060249,1,0.9526889481580304,0.8670606849694817,1,-0.44371355104187477,-0.8529722162394594
NUD15_HUMAN_Suiter_2020,30,2844,0.9305572902958518,0.7426342620095425,1,0.9305572902958518,0.7498907667959248,1,0.9305572902958518,0.7457234274221921,1,0.9305572902958518,0.743170253037578,1,0.9305572902958518,0.7457103367820721,1,0.9305572902958518,0.7410613133997379,1,0.9526889481580304,0.8080341002989416,1,0.9305572902958518,0.7983203382478969,1,0.9526889481580304,0.8135824568161207,1,0.9526889481580304,0.8473864249279554,1,-0.2938902646341985,-0.7462634851685145
NUD15_HUMAN_Suiter_2020,40,2844,0.9305572902958518,0.7405548870785202,1,0.9305572902958518,0.7458427876115287,1,0.9305572902958518,0.7404817198057462,1,0.9305572902958518,0.7493161678548227,1,0.9305572902958518,0.7491505832354272,1,0.880338061819295,0.7329547470903673,0,0.9526889481580304,0.7998692477560304,1,0.9305572902958518,0.7826082798058842,1,0.9305572902958518,0.7791479042957087,1,0.9526889481580304,0.8311190110374201,1,-0.08030352027583619,-0.685934166055815
NUSA_ECOLI_Tsuboyama_2023_1WCL,10,2028,0.8284685158044462,0.735962152244332,0,0.8323258174418481,0.7480061606264371,0,0.8490239461622863,0.7598981339737261,1,0.8490239461622863,0.7611102594412494,1,0.8490239461622863,0.7615260560865766,1,0.8182963026229894,0.7002479127246986,0,0.8321714850528902,0.7479907273875414,0,0.8490239461622863,0.8092150758513732,1,0.8323258174418481,0.7744998948580906,0,0.8490239461622863,0.8183777932382341,1,-0.9044977593382839,-0.9035759712927479
NUSA_ECOLI_Tsuboyama_2023_1WCL,20,2028,0.8490239461622863,0.7508596208262128,1,0.8490239461622863,0.7530291511208971,1,0.8490239461622863,0.7530291511208971,1,0.8490239461622863,0.7532631445003672,1,0.8490239461622863,0.7376752549540606,1,0.8490239461622863,0.7225255946169484,1,0.8490239461622863,0.7646086488849763,1,0.8490239461622863,0.7810591450960045,1,0.8490239461622863,0.7714667311695361,1,0.8490239461622863,0.79759312523294,1,-0.6119774663947883,-0.7895283715397949
NUSA_ECOLI_Tsuboyama_2023_1WCL,30,2028,0.8490239461622863,0.7431203681330745,1,0.8490239461622863,0.7401667087757424,1,0.8490239461622863,0.740055944462678,1,0.8490239461622863,0.7354364817948255,1,0.8490239461622863,0.7335822906595177,1,0.8323258174418481,0.6984531134918112,0,0.8490239461622863,0.7667132059661182,1,0.8490239461622863,0.7632201522209466,1,0.8490239461622863,0.7639872809077413,1,0.8490239461622863,0.7809561498502005,1,-0.554882458956287,-0.5991488289247359
NUSA_ECOLI_Tsuboyama_2023_1WCL,40,2028,0.8490239461622863,0.7367050306667257,1,0.8490239461622863,0.7390320729882436,1,0.8490239461622863,0.7320444823628353,1,0.8490239461622863,0.7193517893749266,1,0.8490239461622863,0.7236107728236765,1,0.8490239461622863,0.701380499334197,1,0.8490239461622863,0.7515117031115705,1,0.8490239461622863,0.7563564029892392,1,0.8490239461622863,0.748766456961163,1,0.8490239461622863,0.768334732399746,1,-0.3273177119256263,-0.5185123109753599
NUSG_MYCTU_Tsuboyama_2023_2MI6,10,1380,0.927073309835193,0.8594458715490266,0,0.927073309835193,0.8594458715490266,0,0.927073309835193,0.8594458715490266,0,0.927073309835193,0.8594458715490266,0,0.927073309835193,0.8587163712853231,0,0.8883712249416368,0.8655247371421478,0,0.927073309835193,0.8594458715490266,0,0.927073309835193,0.8873722913435016,0,0.9379988527035893,0.8877774718613063,0,0.9616668348521454,0.9091167353459236,0,-0.6712442627862909,-1.1147620981663953
NUSG_MYCTU_Tsuboyama_2023_2MI6,20,1380,0.927073309835193,0.8409241453462344,0,0.927073309835193,0.842161154429941,0,0.927073309835193,0.8405459417094369,0,0.927073309835193,0.8389285156742132,0,0.927073309835193,0.8379868374278524,0,0.927073309835193,0.8053603957050484,0,0.9616668348521454,0.8645275070128562,0,0.927073309835193,0.8666263993272874,0,0.9379988527035893,0.8818477594728552,0,0.9616668348521454,0.8956450262006559,0,-0.3168893465490395,-0.9485754034662465
NUSG_MYCTU_Tsuboyama_2023_2MI6,30,1380,0.927073309835193,0.8296356213915096,0,0.927073309835193,0.830632334124071,0,0.927073309835193,0.8347203984329473,0,0.927073309835193,0.8357552808619934,0,0.927073309835193,0.8380933597254704,0,0.927073309835193,0.8165074532623461,0,0.9616668348521454,0.8643291560197408,0,0.927073309835193,0.8520384958860049,0,0.9616668348521454,0.8624844705213953,0,0.9616668348521454,0.8825278996667906,0,-0.08230870893996954,-0.8565142742643678
NUSG_MYCTU_Tsuboyama_2023_2MI6,40,1380,0.927073309835193,0.829192363972242,0,0.927073309835193,0.8305932391569247,0,0.927073309835193,0.8294711841125373,0,0.927073309835193,0.8332042530466323,0,0.927073309835193,0.8369882040362645,0,0.8964068397658926,0.82207512807065,0,0.9616668348521454,0.8561737240368109,0,0.927073309835193,0.8456668984592194,0,0.9616668348521454,0.8545631475474229,0,0.9616668348521454,0.8722426075620637,0,-0.029311115250882695,-0.6895142361755112
OBSCN_HUMAN_Tsuboyama_2023_1V1C,10,3197,0.9248682138281057,0.8213595562781052,1,0.9248682138281057,0.8225927673281888,1,0.9248682138281057,0.8225927673281888,1,0.9248682138281057,0.8225927673281888,1,0.910075746969293,0.8081978456948407,1,0.8845679694139961,0.8283424012465692,1,0.9248682138281057,0.8213595562781052,1,0.9248682138281057,0.8899320253907691,1,0.9644855158758094,0.8867685930500159,1,0.9972190522139858,0.9221829545490887,1,-1.3744527804194686,-0.9991587179419648
OBSCN_HUMAN_Tsuboyama_2023_1V1C,20,3197,0.9248682138281057,0.8191953300067685,1,0.9248682138281057,0.8225725184526937,1,0.9248682138281057,0.8263911154073713,1,0.9248682138281057,0.8157334614689462,1,0.9248682138281057,0.8072767247132211,1,0.914705874816606,0.8068382929784543,1,0.9972190522139858,0.8520552227854382,1,0.9248682138281057,0.8631837842830323,1,0.9972190522139858,0.8849548514466575,1,0.9972190522139858,0.8952203528970178,1,-0.9250065937166732,-0.8040837360522234
OBSCN_HUMAN_Tsuboyama_2023_1V1C,30,3197,0.9248682138281057,0.8090630918133275,1,0.9248682138281057,0.8171552834912026,1,0.9248682138281057,0.8167837747832171,1,0.9248682138281057,0.8141615843769937,1,0.9248682138281057,0.800077917023092,1,0.9248682138281057,0.8053730540963998,1,0.9972190522139858,0.8495832538525987,1,0.9248682138281057,0.8374642072253823,1,0.9972190522139858,0.8517776124815551,1,0.9972190522139858,0.8805563278298428,1,-0.718196484448378,-0.6095631602738594
OBSCN_HUMAN_Tsuboyama_2023_1V1C,40,3197,0.9248682138281057,0.8141059110754432,1,0.9248682138281057,0.8116274911501887,1,0.9248682138281057,0.8113968021941217,1,0.9248682138281057,0.8090179982358067,1,0.9248682138281057,0.8072518728371768,1,0.9644855158758094,0.8104376993769705,1,0.9972190522139858,0.8471245460136274,1,0.9248682138281057,0.827204615096476,1,0.9248682138281057,0.838720595254886,1,0.9972190522139858,0.8689079552138644,1,-0.6420461827499997,-0.47342516023029624
ODP2_GEOSE_Tsuboyama_2023_1W4G,10,1134,0.7490584944081273,0.6932689056651911,0,0.7490584944081273,0.6893427892607653,0,0.7490584944081273,0.6893427892607653,0,0.7490584944081273,0.6893427892607653,0,0.7490584944081273,0.6861517951081613,0,0.7423017324287047,0.6643617394199962,0,1.0,0.7744583164514448,1,0.7961055387195572,0.7488528617458754,0,0.9331568377427637,0.7477439799926366,1,1.0,0.8143681455283484,1,-0.5043168787217981,-1.3488121892553318
ODP2_GEOSE_Tsuboyama_2023_1W4G,20,1134,0.7961055387195572,0.670798994890978,0,0.7961055387195572,0.6753991377071425,0,0.7961055387195572,0.6785055366294354,0,0.7961055387195572,0.6813754511762775,0,0.7490584944081273,0.6778063399416173,0,1.0,0.6823940490540931,1,1.0,0.7342792587515701,1,0.7961055387195572,0.7325585247456149,0,0.7961055387195572,0.7132781512613442,0,1.0,0.7713699794778753,1,-0.5024862818239307,-1.224649897825827
ODP2_GEOSE_Tsuboyama_2023_1W4G,30,1134,0.7961055387195572,0.6761140957492547,0,0.7961055387195572,0.6769797946483714,0,0.7961055387195572,0.6793052584305259,0,0.7961055387195572,0.6801803378768746,0,0.7961055387195572,0.6816481437903991,0,0.7510141853978962,0.6631130485945528,0,1.0,0.7125028223566294,1,0.7961055387195572,0.7138237317781446,0,1.0,0.7260361057058969,1,1.0,0.7508977426425308,1,-0.48351923257633317,-1.1769867060912718
ODP2_GEOSE_Tsuboyama_2023_1W4G,40,1134,0.9331568377427637,0.6843789442602932,1,0.9331568377427637,0.6883582483236746,1,0.7961055387195572,0.6835073587484312,0,0.7961055387195572,0.6819141625050772,0,0.7961055387195572,0.6851757555430363,0,1.0,0.6841154562626073,1,1.0,0.7092538895607357,1,0.9331568377427637,0.709959274804709,1,1.0,0.704170490317223,1,1.0,0.7366317845515988,1,-0.315534461815309,-0.7283838611980001
OTC_HUMAN_Lo_2023,10,1570,0.8743859649122807,0.8061754385964912,0,0.8743859649122807,0.8061754385964911,0,0.8743859649122807,0.8052631578947368,0,0.8743859649122807,0.8094736842105261,0,0.8743859649122807,0.8094736842105261,0,0.8231578947368421,0.7227368421052631,0,0.9291228070175437,0.831157894736842,1,0.9164912280701752,0.8576842105263157,1,0.9164912280701752,0.8588771929824561,1,0.9291228070175437,0.8763508771929823,1,-1.1606893350627896,-0.8331064839293796
OTC_HUMAN_Lo_2023,20,1570,0.9094736842105263,0.7802105263157894,1,0.9094736842105263,0.7721754385964912,1,0.8743859649122807,0.7724210526315789,0,0.8743859649122807,0.773578947368421,0,0.8743859649122807,0.7671228070175438,0,0.9291228070175437,0.6707368421052631,1,0.9291228070175437,0.8167017543859647,1,0.9164912280701752,0.8193684210526315,1,0.9291228070175437,0.8193333333333332,1,0.9291228070175437,0.8490526315789473,1,-0.4166959118040747,-0.4977479966237027
OTC_HUMAN_Lo_2023,30,1570,0.9094736842105263,0.7632748538011697,1,0.9094736842105263,0.760374269005848,1,0.9094736842105263,0.7635555555555555,1,0.9094736842105263,0.7592046783625731,1,0.9094736842105263,0.7643274853801167,1,0.8449122807017543,0.683204678362573,0,0.9291228070175437,0.80846783625731,1,0.9164912280701752,0.7945497076023391,1,0.9291228070175437,0.7951345029239765,1,0.9291228070175437,0.8279298245614036,1,-0.33617104971580436,-0.33816287904876496
OTC_HUMAN_Lo_2023,40,1570,0.9164912280701752,0.7432631578947368,1,0.9164912280701752,0.7551052631578947,1,0.9164912280701752,0.7541052631578947,1,0.9164912280701752,0.7506140350877192,1,0.9164912280701752,0.7532105263157893,1,0.8771929824561403,0.7123859649122807,0,0.9291228070175437,0.793157894736842,1,0.9164912280701752,0.767842105263158,1,0.9291228070175437,0.792859649122807,1,0.9291228070175437,0.8105438596491228,1,0.10368137995774628,-0.41423792389868397
OTU7A_HUMAN_Tsuboyama_2023_2L2D,10,635,0.79088814634968,0.7307744063123169,0,0.79088814634968,0.7307744063123169,0,0.79088814634968,0.743013014723787,0,0.79088814634968,0.743013014723787,0,0.789242958641578,0.7050474712198466,0,0.8918779841311418,0.6790223959790717,0,0.9333554700461697,0.8303976210542168,1,0.8700804563253685,0.7990212681183051,0,0.9091717492146528,0.805071401194097,0,0.9333554700461697,0.8700766673749044,1,-1.0064569297590775,-1.2354759927484997
OTU7A_HUMAN_Tsuboyama_2023_2L2D,20,635,0.8504105490134434,0.7151264535184272,0,0.8504105490134434,0.7175519239628374,0,0.8504105490134434,0.719752814946853,0,0.79088814634968,0.6998557905504261,0,0.79088814634968,0.6976982719075931,0,0.8299768593181184,0.6935045929984048,0,0.9333554700461697,0.7884421714266132,1,0.8700804563253685,0.7728104980857413,0,0.9333554700461697,0.7909516377454471,1,0.9333554700461697,0.834196188897415,1,-0.43236487059911893,-1.054697818905983
OTU7A_HUMAN_Tsuboyama_2023_2L2D,30,635,0.8504105490134434,0.6997719670054945,0,0.8504105490134434,0.6950475399521183,0,0.8504105490134434,0.698082045012508,0,0.8504105490134434,0.6953904056286534,0,0.8296700534334069,0.7052393626772936,0,0.8782975282690466,0.6864175079238423,0,0.9333554700461697,0.7736986614935868,1,0.8700804563253685,0.7495861363133238,0,0.9333554700461697,0.7619992212782062,1,0.9333554700461697,0.8105377109088561,1,-0.203177011998843,-0.8029334204510945
OTU7A_HUMAN_Tsuboyama_2023_2L2D,40,635,0.9091717492146528,0.6969091339160288,0,0.8782975282690466,0.692905677305858,0,0.8504105490134434,0.6889923343016042,0,0.8504105490134434,0.6950175689835995,0,0.8504105490134434,0.7029066555918622,0,0.8782975282690466,0.7064041415154194,0,0.9333554700461697,0.7594580696995512,1,0.8700804563253685,0.7334831087639015,0,0.8782975282690466,0.7330629349256793,0,0.9333554700461697,0.7911479805468793,1,-0.2903493832873657,-0.3107854663761299
OXDA_RHOTO_Vanella_2023_activity,10,6396,0.5443093630955269,0.3233000243983965,0,0.5443093630955269,0.32176226329247326,0,0.5443093630955269,0.3394360183033738,0,0.5443093630955269,0.3561382065845969,0,0.4523967810772948,0.32940885360008665,0,0.6933426873809561,0.3088960278154028,1,0.9904272769566294,0.46263452982813164,1,0.6933426873809561,0.5233606566794275,1,0.9904272769566294,0.49400844599919963,1,0.9904272769566294,0.594349315171993,1,-0.30136416717891096,-0.41840166412822677
OXDA_RHOTO_Vanella_2023_activity,20,6396,0.5443093630955269,0.30163285124536054,0,0.5443093630955269,0.2985405341332885,0,0.5443093630955269,0.2891154752387499,0,0.6933426873809561,0.3116767632806625,1,0.6933426873809561,0.3593208334842594,1,0.5694937851768126,0.3044170479573311,1,0.9904272769566294,0.4038702637398477,1,0.6933426873809561,0.45398964427666855,1,0.6933426873809561,0.4238456264739396,1,0.9904272769566294,0.5148663903532718,1,-0.24618119297299113,-0.20027334790841694
OXDA_RHOTO_Vanella_2023_activity,30,6396,0.6933426873809561,0.29284493913800475,1,0.6933426873809561,0.2900000032834912,1,0.6933426873809561,0.32225873137307853,1,0.6933426873809561,0.3249815441770127,1,0.6933426873809561,0.3464518328772365,1,0.5276043117379071,0.2971177372212229,0,0.9904272769566294,0.38077054755099987,1,0.6933426873809561,0.40828826107125765,1,0.9904272769566294,0.3849598468089239,1,0.9904272769566294,0.4660774894030089,1,-0.012054545985753872,-0.3106404477334085
OXDA_RHOTO_Vanella_2023_activity,40,6396,0.6933426873809561,0.29662589849257737,1,0.6933426873809561,0.30450063032585745,1,0.6933426873809561,0.30762791364808234,1,0.6933426873809561,0.3160345850968116,1,0.6933426873809561,0.333173764871446,1,0.6933426873809561,0.2937208574403608,1,0.9904272769566294,0.35250499031158034,1,0.6933426873809561,0.37795798659572016,1,0.6933426873809561,0.34369693840405774,1,0.9904272769566294,0.4340462337022781,1,-0.03511834230052452,-0.31066259483017095
OXDA_RHOTO_Vanella_2023_expression,10,6769,0.7029458235541337,0.5612354413717634,0,0.7029458235541337,0.5612354413717634,0,0.7029458235541337,0.5686533962847041,0,0.7029458235541337,0.5769541974226285,0,0.7029458235541337,0.5899677255228408,0,0.6893470209490885,0.5610132294516401,0,0.8553264169046071,0.6549793974570594,1,0.7480794774621095,0.6763071688368977,0,0.8553264169046071,0.693397659500484,1,0.8553264169046071,0.7174806739717579,1,-0.5841470502674025,-1.21735019646563
OXDA_RHOTO_Vanella_2023_expression,20,6769,0.7029458235541337,0.5243262819627386,0,0.7029458235541337,0.5320745291790838,0,0.7029458235541337,0.5525030729299814,0,0.7029458235541337,0.5538755768503695,0,0.7029458235541337,0.565866820634343,0,0.7907942636314114,0.5658275288709171,1,0.8553264169046071,0.6290960597822528,1,0.7480794774621095,0.6314450691680216,0,0.8553264169046071,0.6263857672812009,1,0.8553264169046071,0.6730114176164621,1,-0.060637310394604495,-1.061717494787372
OXDA_RHOTO_Vanella_2023_expression,30,6769,0.7907942636314114,0.5489753115750015,1,0.7480794774621095,0.5485935711991715,0,0.7480794774621095,0.5547726186819999,0,0.7480794774621095,0.5646926854302445,0,0.7480794774621095,0.5607214616127638,0,0.7907942636314114,0.5410289726722755,1,0.8553264169046071,0.607396959033901,1,0.7480794774621095,0.6076147547164854,0,0.7907942636314114,0.6036400072168534,1,0.8553264169046071,0.6470256145983174,1,-0.22070935031694863,-0.0738022609460577
OXDA_RHOTO_Vanella_2023_expression,40,6769,0.7907942636314114,0.546715674869406,1,0.7480794774621095,0.5402958691635018,0,0.7480794774621095,0.5473172482132767,0,0.7480794774621095,0.5537076233519176,0,0.7480794774621095,0.5672851666739592,0,0.7480794774621095,0.5400880109859911,0,0.8553264169046071,0.5935099040395265,1,0.7480794774621095,0.5755008227747479,0,0.8553264169046071,0.6027216163677691,1,0.8553264169046071,0.6308643764182417,1,-0.09640307063676383,-0.18773028824652604
P53_HUMAN_Giacomelli_2018_Null_Etoposide,10,7467,0.781342394216622,0.6397774716124284,0,0.781342394216622,0.6397774716124284,0,0.781342394216622,0.6312287017291037,0,0.781342394216622,0.6380013850143539,0,0.781342394216622,0.6604748477118935,0,0.8211315914318512,0.6493804294562809,0,0.781342394216622,0.6397774716124284,0,0.7929845964746924,0.7481325959382146,0,0.8211315914318512,0.7520353598893827,0,0.8211315914318512,0.7800744556071818,0,-1.348678951028031,-1.6598926369001363
P53_HUMAN_Giacomelli_2018_Null_Etoposide,20,7467,0.781342394216622,0.6358836587438839,0,0.781342394216622,0.6404760035409967,0,0.781342394216622,0.6372474787251486,0,0.781342394216622,0.6349236382949444,0,0.781342394216622,0.6349236382949444,0,0.8211315914318512,0.6882960064916245,0,0.8211315914318512,0.6764182408279955,0,0.7929845964746924,0.709714340202061,0,0.8211315914318512,0.7149543918184879,0,0.8211315914318512,0.7570174112027145,0,-0.742133893771691,-0.7413615507478226
P53_HUMAN_Giacomelli_2018_Null_Etoposide,30,7467,0.806781310878053,0.6428625783698776,0,0.806781310878053,0.6383068405832248,0,0.806781310878053,0.6406537847177292,0,0.781342394216622,0.6423972813032618,0,0.781342394216622,0.6485117831619495,0,0.806781310878053,0.6686046948373802,0,0.8211315914318512,0.6917798409708075,0,0.806781310878053,0.7008103498668253,0,0.8211315914318512,0.7020632301786549,0,0.8211315914318512,0.7406543663799929,0,-0.4120825759920363,-0.49166937469148914
P53_HUMAN_Giacomelli_2018_Null_Etoposide,40,7467,0.8211315914318512,0.6466518985486467,0,0.806781310878053,0.6411082675595464,0,0.806781310878053,0.6468247930735822,0,0.806781310878053,0.6452514760164503,0,0.781342394216622,0.6504637743130036,0,0.806781310878053,0.6682813552614469,0,0.8211315914318512,0.6893631122336491,0,0.806781310878053,0.6898834484271641,0,0.8211315914318512,0.704465867259684,0,0.8211315914318512,0.7278930866994677,0,-0.5032890608099643,-0.31643682866202016
P53_HUMAN_Giacomelli_2018_Null_Nutlin,10,7467,0.3758239591327694,0.2871743018992289,0,0.3758239591327694,0.28191418251658623,0,0.39704243187796073,0.28586483976126537,0,0.39704243187796073,0.2877486186246323,0,0.39704243187796073,0.29365695675129727,0,0.42959188258515607,0.2867547713857538,0,0.5980478819047721,0.3552995187548211,0,0.4998503285800447,0.42032085435838584,0,0.508622324542249,0.43753959222054845,0,0.5980478819047721,0.48869344171501905,0,-1.3382348844876115,-1.011771263173774
P53_HUMAN_Giacomelli_2018_Null_Nutlin,20,7467,0.4998503285800447,0.3168810208334517,0,0.4998503285800447,0.3168810208334517,0,0.4998503285800447,0.30737400579282953,0,0.4998503285800447,0.30737400579282953,0,0.4998503285800447,0.29724923117225993,0,0.5980478819047721,0.35148351641961406,0,0.5980478819047721,0.37677297748991173,0,0.4998503285800447,0.39946860810193136,0,0.5980478819047721,0.40685376524280337,0,0.5980478819047721,0.45807469894434166,0,-1.283494472217048,-0.7744604610529131
P53_HUMAN_Giacomelli_2018_Null_Nutlin,30,7467,0.4998503285800447,0.30953014808332946,0,0.4998503285800447,0.3096764811871446,0,0.4998503285800447,0.3075681504852658,0,0.4998503285800447,0.30246031867891304,0,0.4998503285800447,0.29595788671715384,0,0.4781960343296617,0.32981735149528724,0,0.5980478819047721,0.3799230059697477,0,0.4998503285800447,0.38181095201589466,0,0.5004156954468143,0.3902781710541294,0,0.5980478819047721,0.43518402443389465,0,-0.9564433788335898,-0.4601209098951285
P53_HUMAN_Giacomelli_2018_Null_Nutlin,40,7467,0.508622324542249,0.3168934392654261,0,0.508622324542249,0.3163257015240892,0,0.508622324542249,0.31967431086817666,0,0.508622324542249,0.31105651925554556,0,0.4998503285800447,0.311694320604705,0,0.45200929832104014,0.3330708073082234,0,0.5980478819047721,0.3721860454574968,0,0.508622324542249,0.37256183922638836,0,0.5980478819047721,0.38300270834985617,0,0.5980478819047721,0.41823222381807834,0,-0.5816299929465941,-0.32021300722328566
P53_HUMAN_Giacomelli_2018_WT_Nutlin,10,7467,0.46396425812872566,0.41846598062153845,0,0.46396425812872566,0.41846598062153845,0,0.46396425812872566,0.41846598062153845,0,0.46396425812872566,0.41846598062153845,0,0.5222246611301783,0.4223327209726852,0,0.6162687853202152,0.4643202728771358,0,0.46396425812872566,0.41846598062153845,0,0.5667942428847749,0.50103810666444,0,0.6162687853202152,0.502648736590529,0,0.6162687853202152,0.5477300749372896,0,-1.3233031355212403,-1.1412893702241043
P53_HUMAN_Giacomelli_2018_WT_Nutlin,20,7467,0.5222246611301783,0.42660485941122217,0,0.5222246611301783,0.4186090130051282,0,0.5222246611301783,0.4216566989848296,0,0.5222246611301783,0.4226143158872755,0,0.5222246611301783,0.4226143158872755,0,0.6162687853202152,0.4346246378443339,0,0.6162687853202152,0.4488463366848079,0,0.5667942428847749,0.47932378871733305,0,0.6162687853202152,0.4898204778715998,0,0.6162687853202152,0.5269477567960064,0,-0.9297841945050502,-0.5239108781189306
P53_HUMAN_Giacomelli_2018_WT_Nutlin,30,7467,0.5222246611301783,0.42292974171124365,0,0.5222246611301783,0.4310577679076624,0,0.5222246611301783,0.42706630463192236,0,0.5222246611301783,0.4231777020898749,0,0.5222246611301783,0.4223355762992532,0,0.5855745275434607,0.4373540821653174,0,0.6162687853202152,0.4591100181794916,0,0.5667942428847749,0.46365297902370267,0,0.5855745275434607,0.4720784874622048,0,0.6162687853202152,0.511529308864524,0,-0.41599255658315676,-0.6411311759912377
P53_HUMAN_Giacomelli_2018_WT_Nutlin,40,7467,0.5222246611301783,0.4321116249305207,0,0.5667942428847749,0.4345888380378956,0,0.5222246611301783,0.4305445842304137,0,0.5667942428847749,0.43372708142212146,0,0.5667942428847749,0.42716367048318676,0,0.6162687853202152,0.427437708988487,0,0.6162687853202152,0.4664086092783041,0,0.5667942428847749,0.4521705063434488,0,0.5319816164461182,0.4594377562694704,0,0.6162687853202152,0.49883743165927086,0,-0.4997018612529806,-0.48948216216098894
P53_HUMAN_Kotler_2018,10,1048,0.9396231435302449,0.7775950226296275,1,0.9396231435302449,0.7775950226296275,1,0.931258445517972,0.7481303724059227,1,0.931258445517972,0.7560503500899676,1,0.931258445517972,0.7315073783630701,1,0.8290354597607678,0.6764201230936937,0,0.9396231435302449,0.7880628264164942,1,0.9703414310957464,0.8678689232597622,1,0.9703414310957464,0.8778567735921907,1,0.9703414310957464,0.8956055298530443,1,-0.8921542438435566,-0.9256088663982142
P53_HUMAN_Kotler_2018,20,1048,0.9396231435302449,0.733195864626089,1,0.9396231435302449,0.7260598537931596,1,0.9396231435302449,0.7239799011652084,1,0.9396231435302449,0.7239799011652085,1,0.931258445517972,0.7077580255509012,1,0.9104532268593661,0.731783203058909,1,0.9396231435302449,0.7900515712273841,1,0.9703414310957464,0.8210042382381197,1,0.9703414310957464,0.8342641129201498,1,0.9703414310957464,0.8551251972274388,1,-0.7842584780024403,-0.5462485539867689
P53_HUMAN_Kotler_2018,30,1048,0.9396231435302449,0.7249189664848447,1,0.9396231435302449,0.7238271752818517,1,0.9396231435302449,0.7149044161225524,1,0.9703414310957464,0.7241444100295614,1,0.9703414310957464,0.7297973967846705,1,0.8290354597607678,0.6988764575935955,0,0.9396231435302449,0.7705747350132098,1,0.9703414310957464,0.7893266854932146,1,0.9396231435302449,0.7820291662099615,1,0.9703414310957464,0.8307613591797537,1,-0.6432207474869693,-0.47459067500257973
P53_HUMAN_Kotler_2018,40,1048,0.9703414310957464,0.7213006997536792,1,0.9703414310957464,0.7296809060799228,1,0.9703414310957464,0.7245311479335674,1,0.9703414310957464,0.7163017615376216,1,0.9703414310957464,0.7220501923499937,1,0.931258445517972,0.7078492591239994,1,0.9396231435302449,0.7600432470762982,1,0.9703414310957464,0.7628336107380905,1,0.9396231435302449,0.7657150770154534,1,0.9703414310957464,0.8096876952815076,1,-0.6431573626479944,-0.4474163892546222
P84126_THETH_Chan_2017,10,1519,0.9656182669847292,0.8676635412168503,1,0.9656182669847292,0.8754549733040251,1,0.9656182669847292,0.8754549733040251,1,0.9656182669847292,0.8738622710243967,1,0.9656182669847292,0.8705531162218405,1,0.9965896104410614,0.8362324249627943,1,0.9656182669847292,0.8721741492302795,1,0.9965896104410614,0.964275139868653,1,0.9798420126788976,0.9332613929368752,1,0.9965896104410614,0.964275139868653,1,-1.2253684304385368,-0.9042303986521391
P84126_THETH_Chan_2017,20,1519,0.9965896104410614,0.8758228541183617,1,0.9965896104410614,0.8842413528412453,1,0.9965896104410614,0.8842413528412453,1,0.9965896104410614,0.8905540827403033,1,0.9965896104410614,0.8881766293642963,1,0.9439442139693034,0.8132729115823554,1,0.9656182669847292,0.8722348147612567,1,0.9965896104410614,0.9235594965151223,1,0.9965896104410614,0.9000182107218813,1,0.9965896104410614,0.9295517340962893,1,-1.1499478189326353,-0.7321944156415185
P84126_THETH_Chan_2017,30,1519,0.9965896104410614,0.85656878037496,1,0.9965896104410614,0.8532924274454131,1,0.9965896104410614,0.8532900063298038,1,0.9965896104410614,0.8741173382563914,1,0.9965896104410614,0.8701274781350246,1,0.9798420126788976,0.8539801623568094,1,0.9965896104410614,0.8814981484597966,1,0.9965896104410614,0.8672602370014029,1,0.9965896104410614,0.8941219883924543,1,0.9965896104410614,0.908271065793725,1,-0.611642694342966,-0.55561286623047
P84126_THETH_Chan_2017,40,1519,0.9965896104410614,0.8398279021881708,1,0.9965896104410614,0.8569589827256766,1,0.9965896104410614,0.8576720715922799,1,0.9965896104410614,0.8561098617360042,1,0.9965896104410614,0.8687555257829965,1,0.9656182669847292,0.8213141786620739,1,0.9965896104410614,0.8769104584993667,1,0.9965896104410614,0.8594538021132574,1,0.9965896104410614,0.8790743056754711,1,0.9965896104410614,0.8946261942709735,1,-0.3138882327019982,-0.5108012191330356
PABP_YEAST_Melamed_2013,10,37708,0.429547375555603,0.32985374644936666,0,0.45567967622859634,0.34784471253922233,0,0.45567967622859634,0.34784471253922233,0,0.45567967622859634,0.34784471253922233,0,0.45567967622859634,0.35148080886966704,0,0.45567967622859634,0.3478559417480597,0,0.429547375555603,0.32985374644936666,0,0.45567967622859634,0.41539008268554006,0,0.5444488437318614,0.4264633806266016,1,0.5444488437318614,0.4543303634816827,1,-1.159101681607762,-1.363842028546706
PABP_YEAST_Melamed_2013,20,37708,0.45567967622859634,0.34144848514005466,0,0.45567967622859634,0.3414484851400547,0,0.45567967622859634,0.3474710867164753,0,0.45567967622859634,0.3471943280959404,0,0.45567967622859634,0.34719432809594036,0,0.5444488437318614,0.3423678524066424,1,0.5444488437318614,0.36985034479558604,1,0.45567967622859634,0.3899967708781253,0,0.49824449893303574,0.37945886719368527,1,0.5444488437318614,0.4284557692215263,1,-1.0060638537567663,-1.021313856707478
PABP_YEAST_Melamed_2013,30,37708,0.45567967622859634,0.34789041135873366,0,0.45567967622859634,0.348027501793507,0,0.45567967622859634,0.34834386445515847,0,0.45567967622859634,0.34834386445515847,0,0.45567967622859634,0.34686638267255576,0,0.49824449893303574,0.34914867510050324,1,0.5444488437318614,0.37326051134228905,1,0.45567967622859634,0.375651443029121,0,0.49824449893303574,0.36793604739856345,1,0.5444488437318614,0.4108360048849179,1,-0.9317360620572975,-0.8356912784104387
PABP_YEAST_Melamed_2013,40,37708,0.4702761587551291,0.353315442756741,0,0.45567967622859634,0.34872030192350223,0,0.45567967622859634,0.3535994989570883,0,0.45567967622859634,0.3500530974833796,0,0.45567967622859634,0.34893725109680046,0,0.5444488437318614,0.34521535643395757,1,0.5444488437318614,0.37389220661993633,1,0.45567967622859634,0.37031164528535854,0,0.5444488437318614,0.3741812961695778,1,0.5444488437318614,0.3981075352792399,1,-0.6406241577393958,-0.5285806797310235
PAI1_HUMAN_Huttinger_2021,10,5345,0.8414522013512403,0.6914620825644084,1,0.8414522013512403,0.6954345796137669,1,0.8414522013512403,0.6945227078482378,1,0.8414522013512403,0.6928636811253398,1,0.8414522013512403,0.6889759015898324,1,0.7432630682223571,0.6402019914583603,0,0.8414522013512403,0.7149870647836423,1,0.9245905372636246,0.7752234783879866,1,0.9245905372636246,0.7744911214839595,1,0.9245905372636246,0.7884729776113236,1,-0.648849264306198,-0.7233006331132923
PAI1_HUMAN_Huttinger_2021,20,5345,0.8414522013512403,0.6857984194221224,1,0.8414522013512403,0.6744749479111616,1,0.8414522013512403,0.6744749479111616,1,0.8414522013512403,0.6699635336689608,1,0.8414522013512403,0.6717594683462277,1,0.8015324848101882,0.6573624645571429,0,0.8414522013512403,0.7165331568715273,1,0.9245905372636246,0.7448095206994414,1,0.9245905372636246,0.7426287636595362,1,0.9245905372636246,0.762691707563713,1,-0.7242805486282181,-0.5919131449870577
PAI1_HUMAN_Huttinger_2021,30,5345,0.8414522013512403,0.6840415582575937,1,0.8414522013512403,0.6844916661518973,1,0.9245905372636246,0.6848793985068836,1,0.9245905372636246,0.6842983086279106,1,0.9245905372636246,0.6713475076167563,1,0.8414522013512403,0.639243692706232,1,0.8414522013512403,0.7046027897186307,1,0.9245905372636246,0.7272373050700669,1,0.8414522013512403,0.7153820930519394,1,0.9245905372636246,0.7466703739219286,1,-0.8310233604537811,-0.48601548400056044
PAI1_HUMAN_Huttinger_2021,40,5345,0.9245905372636246,0.6853455965215475,1,0.9245905372636246,0.6850594117785795,1,0.9245905372636246,0.6785115056680964,1,0.9245905372636246,0.6692440164880431,1,0.9245905372636246,0.6666235458451841,1,0.8015324848101882,0.664256227554751,0,0.8414522013512403,0.7011304753111319,1,0.9245905372636246,0.7104012464346566,1,0.9245905372636246,0.7004805784950022,1,0.9245905372636246,0.7334389582629826,1,-0.7221825518785217,-0.4395634034397131
PA_I34A1_Wu_2015,10,1820,0.2420926545245069,0.13359876619720634,0,0.2420926545245069,0.141244604571142,0,0.2420926545245069,0.13366790311063081,0,0.1962322233718177,0.12061069700443013,0,0.1962322233718177,0.12310617111662447,0,0.22184058655696845,0.12783323805023686,0,0.32846939024394994,0.17437153112746248,0,0.5995903052456396,0.2712829574442342,1,0.5626608247249383,0.2530912012541043,1,0.5995903052456396,0.3228605738027637,1,-0.6780926223187423,-0.7678776971770277
PA_I34A1_Wu_2015,20,1820,0.2420926545245069,0.1129851449116864,0,0.2420926545245069,0.11954234133898214,0,0.2420926545245069,0.12624762478961796,0,0.2420926545245069,0.12833447346831975,0,0.22843490646982514,0.12518131125202106,0,0.32846939024394994,0.15554040959491153,0,0.32846939024394994,0.17418112462536456,0,0.5995903052456396,0.199856056610882,1,0.32846939024394994,0.18923484928964265,0,0.5995903052456396,0.2530831245145497,1,-0.5200534343551607,-0.6554040456262912
PA_I34A1_Wu_2015,30,1820,0.2420926545245069,0.11589413088875546,0,0.2420926545245069,0.11346016339157619,0,0.2420926545245069,0.11655910242756373,0,0.2420926545245069,0.1182756518694096,0,0.2420926545245069,0.11445977297817764,0,0.5995903052456396,0.1517583483805425,1,0.32846939024394994,0.16717451367571265,0,0.5995903052456396,0.16598079763700097,1,0.2420926545245069,0.14899463390854242,0,0.5995903052456396,0.22220247589329972,1,-0.4957648557047013,-0.6260339461477455
PA_I34A1_Wu_2015,40,1820,0.32846939024394994,0.12560271368533577,0,0.32846939024394994,0.12397579546777998,0,0.32846939024394994,0.12010597246391456,0,0.32846939024394994,0.116238073925176,0,0.5626608247249383,0.12271482241582217,1,0.5995903052456396,0.14635251216024545,1,0.32846939024394994,0.1592055434295096,0,0.5995903052456396,0.16025033118310023,1,0.5626608247249383,0.15764193732491558,1,0.5995903052456396,0.20098902938055524,1,-0.588321919305962,-0.4691839815257402
PHOT_CHLRE_Chen_2023,10,167529,0.8074331244346964,0.6584391184305942,1,0.8074331244346964,0.6584391184305944,1,0.8074331244346964,0.6786428051941003,1,0.8074331244346964,0.6786428051941004,1,0.8041910912364606,0.6839715730160377,1,0.812151180319493,0.6948611435949487,1,0.8074331244346964,0.6584391184305942,1,0.8749109131317689,0.8042926491434109,1,0.9390630478027286,0.8011461415158286,1,0.9390630478027286,0.8445544161370612,1,-1.135497689510998,-1.3034167253826163
PHOT_CHLRE_Chen_2023,20,167529,0.9390630478027286,0.6995073386941278,1,0.9390630478027286,0.6988819804097013,1,0.8175719580238787,0.7095242208325918,1,0.8175719580238787,0.7056234255754318,1,0.8175719580238787,0.6996691104884617,1,0.8601101424232058,0.7281952950811774,1,0.9390630478027286,0.7358321553987721,1,0.8749109131317689,0.7815687629914944,1,0.9390630478027286,0.7545696691999195,1,0.9390630478027286,0.8146195800772118,1,-0.7466041434782361,-0.7765829953738368
PHOT_CHLRE_Chen_2023,30,167529,0.9390630478027286,0.6986504680425004,1,0.9390630478027286,0.7004264869624084,1,0.9390630478027286,0.7069670813862575,1,0.8175719580238787,0.69924094514306,1,0.8175719580238787,0.7013221839066948,1,0.8749109131317689,0.7176238500277828,1,0.9390630478027286,0.7254689541352595,1,0.9390630478027286,0.7624986513584058,1,0.9390630478027286,0.7533661813252248,1,0.9390630478027286,0.7973539036907681,1,-0.7135848073345356,-0.5011276563150632
PHOT_CHLRE_Chen_2023,40,167529,0.9390630478027286,0.7128160386999881,1,0.9390630478027286,0.7079309098541474,1,0.9390630478027286,0.7079309098541474,1,0.9390630478027286,0.7069850532460886,1,0.9390630478027286,0.7027055712726038,1,0.8544859505501715,0.6989862961671036,1,0.9390630478027286,0.7332581677183994,1,0.9390630478027286,0.7542655306703873,1,0.9390630478027286,0.7603680801573875,1,0.9390630478027286,0.7841062815090236,1,-0.6800545752345807,-0.47982486100655763
PIN1_HUMAN_Tsuboyama_2023_1I6C,10,802,0.9191949763530975,0.8213617957151841,1,0.9191949763530975,0.8194153285006142,1,0.9191949763530975,0.8194153285006142,1,0.9191949763530975,0.8047392558830451,1,0.8887536899162193,0.7747267352442385,0,0.8601552857531637,0.7685667547409856,0,0.9191949763530975,0.8343161418878877,1,0.9398496962145328,0.8609654947591735,1,0.9191949763530975,0.8453811614332202,1,0.9398496962145328,0.8787189628009389,1,0.014125347563043844,-1.1140301147113112
PIN1_HUMAN_Tsuboyama_2023_1I6C,20,802,0.9398496962145328,0.8143550996829484,1,0.9398496962145328,0.8059924361572656,1,0.9191949763530975,0.7956827188351948,1,0.9191949763530975,0.7968998106078345,1,0.9191949763530975,0.7909395572945227,1,0.8887536899162193,0.7575122485221166,0,0.9398496962145328,0.8300201250597016,1,0.9398496962145328,0.8285728032343563,1,0.9191949763530975,0.8211705745579224,1,0.9398496962145328,0.8488359441722771,1,-0.5033719657782495,-0.7403168743530903
PIN1_HUMAN_Tsuboyama_2023_1I6C,30,802,0.9398496962145328,0.8019911737752518,1,0.9398496962145328,0.8033325966116304,1,0.9398496962145328,0.8037348711146349,1,0.9398496962145328,0.7969017775619277,1,0.9191949763530975,0.7761156983988899,1,0.9398496962145328,0.7654856527822118,1,0.9398496962145328,0.8155705747565133,1,0.9398496962145328,0.8162806995248303,1,0.9398496962145328,0.817101810671771,1,0.9398496962145328,0.8310624365177218,1,-0.4439351332014532,-0.5178859507954677
PIN1_HUMAN_Tsuboyama_2023_1I6C,40,802,0.9398496962145328,0.7945885238889688,1,0.9398496962145328,0.7947484537469555,1,0.9398496962145328,0.7951506882852845,1,0.9398496962145328,0.7842784970530434,1,0.9398496962145328,0.7773207753660152,1,0.9398496962145328,0.7644474444169482,1,0.9398496962145328,0.8081076146675756,1,0.9398496962145328,0.80833742678581,1,0.9398496962145328,0.8070857728396573,1,0.9398496962145328,0.8192792867194582,1,-0.10469699662811761,-0.27743451191035073
PITX2_HUMAN_Tsuboyama_2023_2L7M,10,1824,0.9861456195773893,0.7629312969158001,1,0.9861456195773893,0.7629312969158001,1,0.9861456195773893,0.7661914881391749,1,0.9861456195773893,0.7628674507639001,1,0.9861456195773893,0.7615473745462923,1,0.8984575740724696,0.7614242435950551,0,0.9861456195773893,0.7629312969158001,1,0.9861456195773893,0.8388789648475659,1,0.9861456195773893,0.8752962108705801,1,0.9861456195773893,0.9053551158718337,1,-0.7910204354580876,-0.9734318249923882
PITX2_HUMAN_Tsuboyama_2023_2L7M,20,1824,0.9861456195773893,0.755574713565499,1,0.9861456195773893,0.7602863957387742,1,0.9861456195773893,0.7521673048391451,1,0.9861456195773893,0.7506081866292051,1,0.9861456195773893,0.752271953876285,1,0.8991221540464691,0.7554378795457031,0,0.9861456195773893,0.7859203841844569,1,0.9861456195773893,0.8045018076950016,1,0.9861456195773893,0.7978858073334179,1,0.9861456195773893,0.8637538519785785,1,-0.6324746198863253,-0.8295055457743931
PITX2_HUMAN_Tsuboyama_2023_2L7M,30,1824,0.9861456195773893,0.7540018887551247,1,0.9861456195773893,0.7533379172084833,1,0.9861456195773893,0.7484124667609551,1,0.9861456195773893,0.7487221970876419,1,0.9861456195773893,0.7474875464659541,1,0.9795747293927455,0.7564354928362149,1,0.9861456195773893,0.7916723912459076,1,0.9861456195773893,0.7814345854377052,1,0.9861456195773893,0.800650456401621,1,0.9861456195773893,0.836210448301467,1,-0.7016902445944064,-0.5836144101852497
PITX2_HUMAN_Tsuboyama_2023_2L7M,40,1824,0.9861456195773893,0.7411960856136979,1,0.9861456195773893,0.7418562632697014,1,0.9861456195773893,0.7420346670402278,1,0.9861456195773893,0.7449773372181221,1,0.9861456195773893,0.7445001773390976,1,0.9861456195773893,0.7613876769352064,1,0.9861456195773893,0.789062295536144,1,0.9861456195773893,0.7667672704036622,1,0.9861456195773893,0.7863147039052029,1,0.9861456195773893,0.8184979069091203,1,-0.44954610399402667,-0.4589082018833047
PKN1_HUMAN_Tsuboyama_2023_1URF,10,1301,0.9315206180541495,0.818183989655107,0,0.9315206180541495,0.8280174157655713,0,0.9315206180541495,0.8206237342006832,0,0.9315206180541495,0.8206237342006832,0,0.9315206180541495,0.8206237342006832,0,0.8444478156427389,0.7941463593432201,0,0.9507730881945676,0.8455138033911355,1,0.9315206180541495,0.875868839579203,0,0.9507730881945676,0.8883592868952068,1,0.9507730881945676,0.8933581677941312,1,-0.6191731079340327,-1.0774279781112854
PKN1_HUMAN_Tsuboyama_2023_1URF,20,1301,0.9507730881945676,0.8060436989402364,1,0.9315206180541495,0.8055531688651462,0,0.9315206180541495,0.8020777892931086,0,0.9315206180541495,0.7980704399652432,0,0.9315206180541495,0.8029131687205485,0,0.8945216797318857,0.795853933582059,0,0.9507730881945676,0.83004529833048,1,0.9315206180541495,0.8491395794463518,0,0.9315206180541495,0.8472737866022976,0,0.9507730881945676,0.866674190180732,1,-0.20898376820640635,-0.8107568162775126
PKN1_HUMAN_Tsuboyama_2023_1URF,30,1301,0.9507730881945676,0.8051244667811258,1,0.9507730881945676,0.8034476467025089,1,0.9507730881945676,0.8047137145240073,1,0.9507730881945676,0.8073695825249604,1,0.9315206180541495,0.7964148143639501,0,0.9315206180541495,0.7870792199143601,0,0.9507730881945676,0.8240171321094337,1,0.9315206180541495,0.8290537280854454,0,0.9507730881945676,0.8395029717975895,1,0.9507730881945676,0.8521328535683219,1,-0.09559778341593256,-0.7517345826376264
PKN1_HUMAN_Tsuboyama_2023_1URF,40,1301,0.9507730881945676,0.7998972215651631,1,0.9507730881945676,0.7979136060319552,1,0.9507730881945676,0.7999039531050703,1,0.9507730881945676,0.8001083167143859,1,0.9507730881945676,0.8034034859244831,1,0.9507730881945676,0.7894644602848464,1,0.9507730881945676,0.8192156813087156,1,0.9507730881945676,0.8220435843055837,1,0.9507730881945676,0.8199595456420132,1,0.9507730881945676,0.8408963130542951,1,-0.015505248470466713,-0.6206981601759374
POLG_CXB3N_Mattenberger_2021,10,15711,0.756444580687152,0.614430483175946,1,0.756444580687152,0.614430483175946,1,0.756444580687152,0.614430483175946,1,0.756444580687152,0.6238870277218647,1,0.756444580687152,0.6250220462406854,1,0.822494448881587,0.537675338088408,1,0.756444580687152,0.614430483175946,1,0.810362333919652,0.7353548517607942,1,0.822494448881587,0.7582836684110457,1,0.822494448881587,0.7763216056100101,1,-0.9218607983045055,-1.1664000084789043
POLG_CXB3N_Mattenberger_2021,20,15711,0.8149703717546648,0.6150752716928617,1,0.756444580687152,0.6081530086240345,1,0.756444580687152,0.6155839261500983,1,0.756444580687152,0.6198942973306542,1,0.756444580687152,0.6050420279758468,1,0.7449478547016365,0.5945150168262997,1,0.822494448881587,0.649924473164967,1,0.810362333919652,0.6898906137534184,1,0.8149703717546648,0.7078213674310697,1,0.822494448881587,0.7419388365923328,1,-0.485657277650021,-0.7934557358549823
POLG_CXB3N_Mattenberger_2021,30,15711,0.8149703717546648,0.6039569097618395,1,0.8149703717546648,0.603845546850646,1,0.756444580687152,0.5989066364812882,1,0.756444580687152,0.5981331959741252,1,0.756444580687152,0.5998116418061207,1,0.822494448881587,0.5924909242110543,1,0.822494448881587,0.6473920602995017,1,0.8149703717546648,0.6678066666156455,1,0.8149703717546648,0.6608987326673966,1,0.822494448881587,0.7146148288056259,1,-0.6140948572361876,-0.7974773463687896
POLG_CXB3N_Mattenberger_2021,40,15711,0.8149703717546648,0.601912438032182,1,0.8149703717546648,0.5974205163996076,1,0.8149703717546648,0.5996872231960799,1,0.756444580687152,0.5929646919496231,1,0.756444580687152,0.5911873002779504,1,0.810362333919652,0.5562287821443097,1,0.822494448881587,0.6400403591625492,1,0.8149703717546648,0.6475688338721675,1,0.8149703717546648,0.6374685228426903,1,0.822494448881587,0.6932086261928142,1,-0.4549613651862583,-0.7058718258235437
POLG_DEN26_Suphatrakul_2023,10,16897,0.8652770284450058,0.8164815919174399,1,0.8508687918414255,0.8111022044029347,1,0.8508687918414255,0.8094552885074259,1,0.8508687918414255,0.8028341636911521,1,0.8508687918414255,0.8028341636911521,1,0.8601075719570184,0.761446258024907,1,0.8652770284450058,0.8164815919174399,1,0.8652770284450058,0.8442642961923505,1,0.8652770284450058,0.82900728885839,1,0.8652770284450058,0.8481335224060977,1,-0.9081861199444813,-1.312618872823378
POLG_DEN26_Suphatrakul_2023,20,16897,0.8652770284450058,0.8043846829011264,1,0.8652770284450058,0.8078104863973675,1,0.8652770284450058,0.8029692584379295,1,0.8652770284450058,0.796944383137963,1,0.8652770284450058,0.796944383137963,1,0.8601075719570184,0.77026638335919,1,0.8652770284450058,0.8133443739244836,1,0.8652770284450058,0.8259331839730135,1,0.8508687918414255,0.8158697129419067,1,0.8652770284450058,0.8349706215651821,1,-0.7511413247742316,-0.9119547292125971
POLG_DEN26_Suphatrakul_2023,30,16897,0.8652770284450058,0.7876526203790923,1,0.8652770284450058,0.791521169484621,1,0.8652770284450058,0.7920890230517882,1,0.8652770284450058,0.7886543869316913,1,0.8652770284450058,0.7881725234755961,1,0.8652770284450058,0.766824240467273,1,0.8652770284450058,0.8033320084584795,1,0.8652770284450058,0.8129933136289498,1,0.8652770284450058,0.8171306172678894,1,0.8652770284450058,0.8262946513601119,1,-0.6890777172108976,-0.9043017575575966
POLG_DEN26_Suphatrakul_2023,40,16897,0.8652770284450058,0.787958769683484,1,0.8652770284450058,0.7874188399504687,1,0.8652770284450058,0.7852906415558039,1,0.8652770284450058,0.7793069979075116,1,0.8652770284450058,0.773268408061079,1,0.8601075719570184,0.7555835461999658,1,0.8652770284450058,0.7984524397337185,1,0.8652770284450058,0.8008202865288492,1,0.8652770284450058,0.803000013095515,1,0.8652770284450058,0.8184158689107893,1,-0.48985636857149306,-0.7083911667094931
POLG_HCVJF_Qi_2014,10,1630,0.5907136407108193,0.3994292077167714,0,0.5907136407108193,0.45617958670340336,0,0.5907136407108193,0.45617958670340336,0,0.5907136407108193,0.4561795867034033,0,0.5907136407108193,0.4601600609265102,0,0.7121553861239638,0.4380861339498423,0,0.5907136407108193,0.3994292077167714,0,0.7975982227923578,0.6411785937706604,1,0.9321303226946682,0.649193400527375,1,0.9321303226946682,0.763353187068888,1,-1.1913512539826392,-1.1516147560236814
POLG_HCVJF_Qi_2014,20,1630,0.7121553861239638,0.4321199769190694,0,0.7121553861239638,0.43833899573407586,0,0.7121553861239638,0.4413782798120046,0,0.7121553861239638,0.44136867757160264,0,0.7121553861239638,0.4478118208342844,0,0.8017508111747069,0.4764776156485796,1,0.9321303226946682,0.45369499492092036,1,0.7975982227923578,0.5885878536061039,1,0.9321303226946682,0.6140010784332585,1,0.9321303226946682,0.6920068688331975,1,-0.9791711274995659,-0.72628925978803
POLG_HCVJF_Qi_2014,30,1630,0.7975982227923578,0.47323531735754026,1,0.7975982227923578,0.4727423438797175,1,0.7975982227923578,0.4676560853236898,1,0.7975982227923578,0.47151998264005285,1,0.7975982227923578,0.4600380301377056,1,0.8017508111747069,0.4739710314018585,1,0.9321303226946682,0.5352806606651443,1,0.7975982227923578,0.5627680584903356,1,0.9321303226946682,0.5772534749166952,1,0.9321303226946682,0.6497737692947959,1,-0.8180823561543098,-0.29642334782547414
POLG_HCVJF_Qi_2014,40,1630,0.7975982227923578,0.4826513878175216,1,0.7975982227923578,0.48409934281993083,1,0.7975982227923578,0.4834851388943163,1,0.7975982227923578,0.470715184708609,1,0.7975982227923578,0.45595640708496205,1,0.672704983122893,0.47592830682179527,0,0.9321303226946682,0.5489541690106313,1,0.7975982227923578,0.5415143463883161,1,0.8017508111747069,0.5312892208152911,1,0.9321303226946682,0.6222743929990874,1,-0.6238396520415717,-0.4486172943307698
POLG_PESV_Tsuboyama_2023_2MXD,10,5130,1.0,0.8558726456777855,1,1.0,0.8321477507938186,1,1.0,0.8321477507938186,1,1.0,0.8321477507938186,1,1.0,0.8321477507938186,1,1.0,0.7983045964810928,1,1.0,0.8558726456777855,1,1.0,0.8913588725404356,1,1.0,0.8985679141081261,1,1.0,0.9080200788004417,1,-1.3963366605518608,-1.4982969624103604
POLG_PESV_Tsuboyama_2023_2MXD,20,5130,1.0,0.8229211123145298,1,1.0,0.8151031762501778,1,1.0,0.8066728860012845,1,1.0,0.8157065690520697,1,1.0,0.8096273536364008,1,0.8836995898541864,0.7505782527348505,1,1.0,0.8278175351608233,1,1.0,0.8604635194224307,1,1.0,0.8690172195302868,1,1.0,0.881722908748744,1,-1.0202910764173234,-1.1010051274936137
POLG_PESV_Tsuboyama_2023_2MXD,30,5130,1.0,0.8131578137813301,1,1.0,0.8106125035345136,1,1.0,0.8081342867559875,1,1.0,0.8082578633010713,1,1.0,0.8008647891134788,1,0.9039983341734983,0.807592525763916,1,1.0,0.8283843735649995,1,1.0,0.8463520061463942,1,1.0,0.8468810231129053,1,1.0,0.8672538736387242,1,-0.7778406869104156,-0.6539815159792772
POLG_PESV_Tsuboyama_2023_2MXD,40,5130,1.0,0.8122105607216232,1,1.0,0.8054442952877313,1,1.0,0.800027315690828,1,1.0,0.794832627247917,1,1.0,0.7819362020192564,1,0.9149108001289544,0.7982478396731243,1,1.0,0.8276146188288958,1,1.0,0.8340935680751915,1,1.0,0.8380099094750141,1,1.0,0.856313174003818,1,-0.671928803987747,-0.47372237770842757
PPARG_HUMAN_Majithia_2016,10,9576,0.8057342657342655,0.7383566433566432,0,0.8057342657342655,0.7383566433566432,0,0.8776923076923077,0.7498181818181818,0,0.8776923076923077,0.743965034965035,0,0.8776923076923077,0.7415244755244754,0,0.8441958041958041,0.7794965034965033,0,0.8916783216783216,0.787041958041958,1,0.8797902097902097,0.8495174825174825,0,0.8721678321678321,0.8154055944055943,0,0.8916783216783216,0.8623076923076922,1,-0.8652075464570551,-1.0834162516382595
PPARG_HUMAN_Majithia_2016,20,9576,0.8776923076923077,0.7654755244755244,0,0.8776923076923077,0.76206993006993,0,0.8776923076923077,0.7610244755244755,0,0.8776923076923077,0.7610244755244755,0,0.8797902097902097,0.757632867132867,0,0.8916783216783216,0.7742587412587412,1,0.8916783216783216,0.7900174825174825,1,0.8797902097902097,0.8266153846153845,0,0.8916783216783216,0.8144685314685314,1,0.8916783216783216,0.8485349650349651,1,-0.8141411171889839,-0.7321299894204177
PPARG_HUMAN_Majithia_2016,30,9576,0.8776923076923077,0.7556293706293706,0,0.8797902097902097,0.7653449883449882,0,0.8797902097902097,0.7663216783216782,0,0.8797902097902097,0.7655454545454545,0,0.8797902097902097,0.7677785547785547,0,0.8916783216783216,0.7717109557109556,1,0.8916783216783216,0.7991981351981352,1,0.8797902097902097,0.810121212121212,0,0.8916783216783216,0.8067365967365967,1,0.8916783216783216,0.8372820512820511,1,-0.5809474205093889,-0.623672652927128
PPARG_HUMAN_Majithia_2016,40,9576,0.8797902097902097,0.7624580419580419,0,0.8797902097902097,0.7624580419580419,0,0.8797902097902097,0.7639353146853146,0,0.8797902097902097,0.7705961538461538,0,0.8797902097902097,0.7707395104895105,0,0.8916783216783216,0.7830594405594404,1,0.8916783216783216,0.7918811188811187,1,0.8797902097902097,0.7978339160839161,0,0.8797902097902097,0.8039702797202797,0,0.8916783216783216,0.8271940559440559,1,-0.592441449808563,-0.5641293845108347
PPM1D_HUMAN_Miller_2022,10,7889,0.7335640138408306,0.5865017301038062,0,0.7335640138408306,0.5865017301038062,0,0.7335640138408306,0.5810726643598617,0,0.7335640138408306,0.5874186851211074,0,0.7335640138408306,0.5806193771626298,0,0.7920415224913495,0.5517543252595156,1,0.7335640138408306,0.5865017301038062,0,0.7335640138408306,0.6876470588235294,0,0.7920415224913495,0.6876297577854672,1,0.813840830449827,0.7195501730103807,1,-1.1782728248604735,-1.0122706333724274
PPM1D_HUMAN_Miller_2022,20,7889,0.7335640138408306,0.5655051903114188,0,0.7335640138408306,0.5616384083044983,0,0.7335640138408306,0.5766435986159171,0,0.7335640138408306,0.5715743944636679,0,0.7335640138408306,0.5715743944636679,0,0.7920415224913495,0.59666384083045,1,0.813840830449827,0.5949221453287198,1,0.7335640138408306,0.6533391003460208,0,0.813840830449827,0.6341920415224914,1,0.813840830449827,0.6856920415224915,1,-0.9079778512510038,-0.5684841290376632
PPM1D_HUMAN_Miller_2022,30,7889,0.7335640138408306,0.5683621683967706,0,0.7335640138408306,0.5703748558246828,0,0.7335640138408306,0.5639331026528259,0,0.7335640138408306,0.5709700115340254,0,0.7335640138408306,0.5729077277970012,0,0.7138408304498269,0.5809630911188005,0,0.813840830449827,0.6115282583621685,1,0.7335640138408306,0.6226089965397925,0,0.813840830449827,0.6213690888119955,1,0.813840830449827,0.6638985005767014,1,-0.6827442637659422,-0.4869045415519936
PPM1D_HUMAN_Miller_2022,40,7889,0.7335640138408306,0.5600960207612458,0,0.7335640138408306,0.5668624567474049,0,0.7335640138408306,0.5713347750865053,0,0.7335640138408306,0.5702707612456748,0,0.7335640138408306,0.5710233564013841,0,0.7221453287197231,0.5603568339100347,0,0.813840830449827,0.6021678200692042,1,0.7335640138408306,0.6044117647058824,0,0.7335640138408306,0.6078408304498271,0,0.813840830449827,0.6478460207612458,1,-0.6481125359979938,-0.537380012481214
PR40A_HUMAN_Tsuboyama_2023_1UZC,10,2033,0.8695613171259708,0.8020014757711326,0,0.8695613171259708,0.8020014757711326,0,0.8695613171259708,0.8048376262835336,0,0.8695613171259708,0.8048376262835336,0,0.8695613171259708,0.8048376262835336,0,0.8622507467645835,0.7822495212410052,0,0.8695613171259708,0.8020014757711326,0,0.8695613171259708,0.8290935972410791,0,0.9116591020380276,0.8391765573555993,1,0.9116591020380276,0.8708719898131453,1,-1.1953879137644232,-1.2443584707056716
PR40A_HUMAN_Tsuboyama_2023_1UZC,20,2033,0.8695613171259708,0.7944134379744907,0,0.8695613171259708,0.7918880753598577,0,0.8695613171259708,0.7929873505619842,0,0.8695613171259708,0.7904585078084718,0,0.8695613171259708,0.7903010926752724,0,0.8695613171259708,0.795514314189668,0,0.9116591020380276,0.8226906829539149,1,0.8695613171259708,0.8205987474644584,0,0.8695613171259708,0.8210007851154669,0,0.9116591020380276,0.8517620816625621,1,-0.6206232902810804,-1.1198215112734862
PR40A_HUMAN_Tsuboyama_2023_1UZC,30,2033,0.8695613171259708,0.790254396795507,0,0.8695613171259708,0.7924790348585523,0,0.8695613171259708,0.7941010490226401,0,0.8695613171259708,0.7935828149722496,0,0.8695613171259708,0.7905055629187365,0,0.9116591020380276,0.8046493917350196,1,0.9116591020380276,0.8261992290583436,1,0.8695613171259708,0.813201208959413,0,0.9116591020380276,0.8213580612224931,1,0.9116591020380276,0.8410163018720099,1,-0.38110558888591656,-1.0363522664832117
PR40A_HUMAN_Tsuboyama_2023_1UZC,40,2033,0.9116591020380276,0.7895089871940472,1,0.9116591020380276,0.7922317915668843,1,0.9116591020380276,0.7953952406586667,1,0.8695613171259708,0.7932161113130862,0,0.8695613171259708,0.7942846681305215,0,0.8897827374286988,0.8038095127815847,0,0.9116591020380276,0.8190448960610441,1,0.8931196833183623,0.8047722723253634,0,0.8931196833183623,0.8087377222904144,0,0.9116591020380276,0.8340318063602048,1,-0.18058124507900186,-0.6931977565173493
PRKN_HUMAN_Clausen_2023,10,8756,0.810122294699377,0.7477931899970839,0,0.810122294699377,0.7463897941320241,0,0.810122294699377,0.7463897941320239,0,0.810122294699377,0.7430567003453827,0,0.810122294699377,0.735384585154213,0,0.7721129586214759,0.735378692339646,0,0.9867423896788176,0.8359865894203128,1,0.9960682876052642,0.7957304256392751,1,0.9960682876052642,0.8238527823706102,1,0.9960682876052642,0.8747483871524767,1,-1.2445438215441076,-0.6580437286373757
PRKN_HUMAN_Clausen_2023,20,8756,0.9867423896788176,0.7527816323935501,1,0.810122294699377,0.7396685335953013,0,0.810122294699377,0.7396685335953013,0,0.810122294699377,0.7358366417640183,0,0.810122294699377,0.7325991793479038,0,0.9833760965456622,0.746934636980198,1,0.9867423896788176,0.7970428637470398,1,0.9960682876052642,0.7740699450189427,1,0.9867423896788176,0.792060047542666,1,0.9960682876052642,0.8228088150527874,1,-0.854769157357071,-0.5279321069330954
PRKN_HUMAN_Clausen_2023,30,8756,0.9867423896788176,0.7528998135462771,1,0.9867423896788176,0.7443265099770158,1,0.9867423896788176,0.7443265099770158,1,0.9960682876052642,0.755558867926741,1,0.9960682876052642,0.7468515941454416,1,0.8483642107012641,0.7374463396881888,0,0.9867423896788176,0.7824189097915317,1,0.9960682876052642,0.7777539733652071,1,0.9867423896788176,0.7729174632824968,1,0.9960682876052642,0.801797616039989,1,-0.872622206162179,-0.4477535668721944
PRKN_HUMAN_Clausen_2023,40,8756,0.9960682876052642,0.7534126627653253,1,0.9960682876052642,0.7559503033211513,1,0.9960682876052642,0.7554805005712382,1,0.9960682876052642,0.7560100434618091,1,0.9960682876052642,0.7494447737254939,1,0.9804747962694466,0.7475541151737508,1,0.9867423896788176,0.7709325456988866,1,0.9960682876052642,0.7661925799990233,1,0.9960682876052642,0.7652999831361464,1,0.9960682876052642,0.7891259566668769,1,-0.6570042332822575,-0.3620957630781869
PSAE_PICP2_Tsuboyama_2023_1PSE,10,1579,0.5063022238795608,0.4624213248425395,0,0.5063022238795608,0.45714746315999466,0,0.5063022238795608,0.45714746315999466,0,0.5063022238795608,0.45714746315999466,0,0.5063022238795608,0.4631852006976108,0,0.5066107721878764,0.46011421654355694,0,0.5063022238795608,0.4624213248425395,0,0.5268463231487179,0.5000752461394153,0,0.5268463231487179,0.4879396296082353,0,0.5268463231487179,0.5036377393379096,0,-1.3175679449968536,-1.4256071012633582
PSAE_PICP2_Tsuboyama_2023_1PSE,20,1579,0.5063022238795608,0.4620800131993637,0,0.5063022238795608,0.4620800131993637,0,0.5063022238795608,0.4606867952666765,0,0.5063022238795608,0.4606867952666765,0,0.5063022238795608,0.45833303276555176,0,0.5063022238795608,0.4552820249919747,0,0.5066107721878764,0.46244795185108933,0,0.5268463231487179,0.48667482966052994,0,0.5117742350705081,0.481915576988226,0,0.5268463231487179,0.49496145506582706,0,-1.1191696088448633,-1.1049138186545868
PSAE_PICP2_Tsuboyama_2023_1PSE,30,1579,0.5063022238795608,0.4619844715867927,0,0.5063022238795608,0.46018723952880075,0,0.5063022238795608,0.46018723952880075,0,0.5063022238795608,0.4590040053703937,0,0.5063022238795608,0.45858139091669287,0,0.5268463231487179,0.45823349073829783,0,0.5066107721878764,0.46884987090661395,0,0.5268463231487179,0.4795086994643894,0,0.5268463231487179,0.48224140672902094,0,0.5268463231487179,0.4880374691170607,0,-0.6872486725779733,-0.8916660614763137
PSAE_PICP2_Tsuboyama_2023_1PSE,40,1579,0.5268463231487179,0.4540065917446437,0,0.5268463231487179,0.455910893731317,0,0.5268463231487179,0.4592298167504901,0,0.5268463231487179,0.462288915330155,0,0.5268463231487179,0.460768100853486,0,0.5066107721878764,0.45155624898298163,0,0.5066107721878764,0.46907105323758047,0,0.5268463231487179,0.4700504242983308,0,0.5063022238795608,0.46890519481647147,0,0.5268463231487179,0.48301183790151025,0,-0.5435419695740094,-0.7879109349840424
PTEN_HUMAN_Matreyek_2021,10,5083,0.786260899949089,0.6068853594888137,0,0.786260899949089,0.6416716351117688,0,0.786260899949089,0.6416716351117688,0,0.786260899949089,0.6416716351117688,0,0.786260899949089,0.6421223831513543,0,0.8089034825653749,0.6576552849171146,0,0.786260899949089,0.6068853594888137,0,0.8177174951212361,0.7585336436432791,0,0.8089034825653749,0.7552100551408728,0,0.8177174951212361,0.7819296616135262,0,-0.9367669721754104,-1.1656275603704596
PTEN_HUMAN_Matreyek_2021,20,5083,0.786260899949089,0.6253424723990766,0,0.786260899949089,0.6304349670362417,0,0.786260899949089,0.6304349670362417,0,0.8089034825653749,0.6386225744812397,0,0.8089034825653749,0.639814028144469,0,0.7773314899953141,0.6304196763491673,0,0.7903323571054603,0.658937903358801,0,0.8177174951212361,0.7217239409345383,0,0.8177174951212361,0.7092047870340902,0,0.8177174951212361,0.7466262249398314,0,-0.898080466302003,-0.7864056179225861
PTEN_HUMAN_Matreyek_2021,30,5083,0.7903323571054603,0.6072502346958382,0,0.8089034825653749,0.6026357876960862,0,0.8089034825653749,0.6057311454030492,0,0.8089034825653749,0.6046081827131174,0,0.8089034825653749,0.6096868598577767,0,0.7882691143022673,0.5931870406422102,0,0.7903323571054603,0.6559586319947984,0,0.8177174951212361,0.6929912035554033,0,0.8089034825653749,0.6733466988965616,0,0.8177174951212361,0.7271291888876061,0,-0.629237662625831,-0.3398447625688964
PTEN_HUMAN_Matreyek_2021,40,5083,0.8089034825653749,0.6014087252127449,0,0.8089034825653749,0.601606644220683,0,0.8089034825653749,0.6138034128798794,0,0.8089034825653749,0.6012195646475635,0,0.8089034825653749,0.6032772996861191,0,0.8089034825653749,0.6169784812436875,0,0.8089034825653749,0.6482802925204967,0,0.8177174951212361,0.6798787809271818,0,0.8089034825653749,0.6558060637757424,0,0.8177174951212361,0.7127792367496509,0,-0.498008653663493,-0.3226470395314976
PTEN_HUMAN_Mighell_2018,10,7260,0.9367340018289679,0.6280084256157881,1,0.9367340018289679,0.6334342972697519,1,0.9367340018289679,0.6334342972697519,1,0.9367340018289679,0.6589489964959683,1,0.7532074320777266,0.6592061189745494,0,0.7173280936074496,0.6759335127921344,0,0.9367340018289679,0.6389758713788801,1,0.9367340018289679,0.7770662437304774,1,0.9367340018289679,0.7253153850539479,1,0.9367340018289679,0.7770662437304774,1,-0.7568250889709169,-0.9644514994255199
PTEN_HUMAN_Mighell_2018,20,7260,0.9367340018289679,0.6367236232747869,1,0.9367340018289679,0.6367236232747869,1,0.9367340018289679,0.6408253178484393,1,0.9367340018289679,0.6648308296689228,1,0.9367340018289679,0.6746938737677837,1,0.7875280362791455,0.631873356355399,0,0.9367340018289679,0.6756992750955406,1,0.9367340018289679,0.7439199968136796,1,0.7929256612236785,0.6999193223036314,1,0.9367340018289679,0.7484410665983833,1,-0.591874709578758,-1.0351768702182822
PTEN_HUMAN_Mighell_2018,30,7260,0.9367340018289679,0.6564804026567977,1,0.9367340018289679,0.6608672394239149,1,0.9367340018289679,0.6636480506429953,1,0.9367340018289679,0.665332868578868,1,0.9367340018289679,0.666212425072161,1,0.9367340018289679,0.6711704382467135,1,0.9367340018289679,0.670620619250494,1,0.9367340018289679,0.7182307152212728,1,0.9367340018289679,0.6869689788185162,1,0.9367340018289679,0.7340867557280437,1,-0.4013322734833203,-0.7333177274442172
PTEN_HUMAN_Mighell_2018,40,7260,0.9367340018289679,0.6605687171027017,1,0.9367340018289679,0.6644816735550128,1,0.9367340018289679,0.6667436890445099,1,0.9367340018289679,0.6658013564214983,1,0.9367340018289679,0.6625264553107376,1,0.9367340018289679,0.6663468838303102,1,0.9367340018289679,0.6794224583380241,1,0.9367340018289679,0.7021004731509826,1,0.9367340018289679,0.6915814365307582,1,0.9367340018289679,0.7237782362232029,1,-0.25010381859386116,-0.5970759804552601
Q2N0S5_9HIV1_Haddox_2018,10,12729,0.9326867611671651,0.8034118594333889,1,0.9326867611671651,0.8034118594333889,1,0.9326867611671651,0.8025288466888524,1,0.9326867611671651,0.8025288466888524,1,0.9326867611671651,0.7718531353665148,1,0.9213950192866698,0.779228558150422,1,0.9326867611671651,0.8034118594333889,1,0.9425742245832346,0.879670231740693,1,0.9425742245832346,0.8757083543192683,1,0.9425742245832346,0.896113518876078,1,-1.2075353108508438,-0.7490795897913604
Q2N0S5_9HIV1_Haddox_2018,20,12729,0.9326867611671651,0.7792832372804622,1,0.9326867611671651,0.7592252356162285,1,0.9326867611671651,0.7592252356162285,1,0.9326867611671651,0.7709393353720075,1,0.9425742245832346,0.772669974673304,1,0.8503202509702117,0.7465891881653067,0,0.9326867611671651,0.7902333641497767,1,0.9425742245832346,0.8532920471937555,1,0.9326867611671651,0.8358713102292583,1,0.9425742245832346,0.8695973102286961,1,-0.7356505984525372,-0.49083902138987
Q2N0S5_9HIV1_Haddox_2018,30,12729,0.9326867611671651,0.7658321083785901,1,0.9326867611671651,0.7704028582986567,1,0.9425742245832346,0.7706874514532494,1,0.9425742245832346,0.772032899748996,1,0.9425742245832346,0.765781930788985,1,0.9213950192866698,0.7410523075248483,1,0.9326867611671651,0.7903174636694863,1,0.9425742245832346,0.8326747965197988,1,0.9425742245832346,0.8124330498991256,1,0.9425742245832346,0.8524480501425838,1,-0.6148873145423817,-0.4619054414733763
Q2N0S5_9HIV1_Haddox_2018,40,12729,0.9326867611671651,0.7675824499772137,1,0.9425742245832346,0.7750643610394993,1,0.9425742245832346,0.7722295019215147,1,0.9425742245832346,0.7688862108795886,1,0.9425742245832346,0.7678190522717339,1,0.8959575655671308,0.7606166843582566,0,0.9326867611671651,0.790568762340808,1,0.9425742245832346,0.8219735133913152,1,0.9326867611671651,0.8112971953471918,1,0.9425742245832346,0.8395291384167901,1,-0.5302264820530259,-0.4860134724127828
Q53Z42_HUMAN_McShan_2019_binding-TAPBPR,10,3344,0.7100392596747055,0.5824453168816601,0,0.7100392596747055,0.5940549635445878,0,0.7100392596747055,0.5940549635445878,0,0.7100392596747055,0.5940549635445878,0,0.7100392596747055,0.5775659001682558,0,0.7509814918676387,0.5978687605159844,0,0.7100392596747055,0.5824453168816601,0,0.8154795288839035,0.7233875490745934,1,0.8154795288839035,0.6781267526640493,1,0.8154795288839035,0.7497476163768929,1,-1.1748504963953343,-1.2493287006641145
Q53Z42_HUMAN_McShan_2019_binding-TAPBPR,20,3344,0.8081884464385867,0.5881940549635446,1,0.7100392596747055,0.5755748738081884,0,0.7100392596747055,0.5755748738081884,0,0.7100392596747055,0.5738923163208076,0,0.7100392596747055,0.5930454290521593,0,0.7229388670779584,0.5806786315199102,0,0.7711721817162086,0.6054122265844083,1,0.8154795288839035,0.6833987661245093,1,0.7509814918676387,0.6470274817722939,0,0.8154795288839035,0.7179192372406057,1,-0.9517306599875542,-0.8457812646719619
Q53Z42_HUMAN_McShan_2019_binding-TAPBPR,30,3344,0.8081884464385867,0.5918676388109927,1,0.8081884464385867,0.595008412787437,1,0.8081884464385867,0.595008412787437,1,0.8081884464385867,0.5893811927463077,1,0.8081884464385867,0.5896616189942046,1,0.7100392596747055,0.5610394466255375,0,0.8081884464385867,0.6295756216115161,1,0.8154795288839035,0.6634885025238363,1,0.8081884464385867,0.6445877734155917,1,0.8154795288839035,0.6975322490185081,1,-0.8281972623710837,-0.46829688070411163
Q53Z42_HUMAN_McShan_2019_binding-TAPBPR,40,3344,0.8081884464385867,0.5924284913067863,1,0.8081884464385867,0.5906337633202468,1,0.8081884464385867,0.5909001682557486,1,0.8081884464385867,0.5914189568143579,1,0.8081884464385867,0.5915451486259115,1,0.7229388670779584,0.5836932136848009,0,0.8081884464385867,0.6269629837352776,1,0.8154795288839035,0.6408020190689848,1,0.8154795288839035,0.6481772293886708,1,0.8154795288839035,0.6788979248457655,1,-0.53693699894677,-0.39385891836464204
Q53Z42_HUMAN_McShan_2019_expression,10,3344,0.7026634382566587,0.6410169491525424,0,0.7026634382566587,0.6416949152542373,0,0.7026634382566587,0.6302179176755448,0,0.7355932203389831,0.6280871670702179,0,0.7355932203389831,0.6280871670702179,0,0.711864406779661,0.6018401937046005,0,0.7767554479418887,0.6844552058111381,1,0.8561743341404359,0.727360774818402,1,0.8561743341404359,0.7389346246973366,1,0.8561743341404359,0.754043583535109,1,-0.800214458665323,-0.9730234104657406
Q53Z42_HUMAN_McShan_2019_expression,20,3344,0.7355932203389831,0.6134866828087168,0,0.7355932203389831,0.6186440677966102,0,0.7355932203389831,0.6251573849878935,0,0.7365617433414045,0.6328329297820824,0,0.7365617433414045,0.621041162227603,0,0.7167070217917676,0.5615496368038742,0,0.7767554479418887,0.6654479418886199,1,0.8561743341404359,0.6914285714285715,1,0.8561743341404359,0.6849878934624698,1,0.8561743341404359,0.7261016949152542,1,-0.503764826716196,-0.9022858839438305
Q53Z42_HUMAN_McShan_2019_expression,30,3344,0.8561743341404359,0.6172719935431801,1,0.8561743341404359,0.6218724778046812,1,0.8561743341404359,0.6197578692493947,1,0.8561743341404359,0.6241485068603713,1,0.7365617433414045,0.6151735270379338,0,0.8561743341404359,0.6060694108151735,1,0.8561743341404359,0.668861985472155,1,0.8561743341404359,0.6571589991928976,1,0.8561743341404359,0.6649717514124294,1,0.8561743341404359,0.7072154963680387,1,-0.28005657304914866,-0.7002326246050964
Q53Z42_HUMAN_McShan_2019_expression,40,3344,0.8561743341404359,0.6088498789346247,1,0.8561743341404359,0.6147941888619854,1,0.8561743341404359,0.6120944309927361,1,0.8561743341404359,0.614455205811138,1,0.8561743341404359,0.6226997578692495,1,0.8561743341404359,0.6002663438256659,1,0.8561743341404359,0.6622760290556902,1,0.8561743341404359,0.6412953995157386,1,0.8561743341404359,0.6555205811138015,1,0.8561743341404359,0.688995157384988,1,-0.15761081178594077,-0.5297673829488942
Q59976_STRSQ_Romero_2015,10,2999,0.7067539627842867,0.6025327360441075,1,0.7067539627842867,0.6025327360441075,1,0.7067539627842867,0.6025327360441075,1,0.7067539627842867,0.6039627842866988,1,0.7067539627842867,0.6039627842866988,1,0.6430048242591316,0.6063059958649207,0,0.7067539627842867,0.6025327360441075,1,0.7067539627842867,0.6558407994486561,1,0.7067539627842867,0.6435217091660924,1,0.7067539627842867,0.6787732598208132,1,-1.1076408516783056,-1.0486872901113968
Q59976_STRSQ_Romero_2015,20,2999,0.7067539627842867,0.6082529290144727,1,0.7067539627842867,0.6096226740179187,1,0.7067539627842867,0.6049362508614748,1,0.7067539627842867,0.606762577532736,1,0.7067539627842867,0.606762577532736,1,0.6745348035837353,0.5970451412818746,0,0.7067539627842867,0.6299448656099241,1,0.7067539627842867,0.6321416264645072,1,0.7067539627842867,0.6304359062715369,1,0.7067539627842867,0.6625344589937974,1,-0.6016526092150203,-0.655262813708723
Q59976_STRSQ_Romero_2015,30,2999,0.7067539627842867,0.6058465426142889,1,0.7067539627842867,0.6056168159889731,1,0.7067539627842867,0.6052435102228348,1,0.7067539627842867,0.6053009418791638,1,0.7067539627842867,0.604060418102458,1,0.6984838042729152,0.5993337927865839,1,0.7067539627842867,0.6275786813691707,1,0.7067539627842867,0.6261371467953135,1,0.7067539627842867,0.6289742706179646,1,0.7067539627842867,0.649776016540317,1,-0.49777674004460576,-0.48833838953410713
Q59976_STRSQ_Romero_2015,40,2999,0.7067539627842867,0.603566505858029,1,0.7067539627842867,0.6013439007580978,1,0.7067539627842867,0.6029160923501033,1,0.7067539627842867,0.603092694693315,1,0.7067539627842867,0.6043719848380427,1,0.7067539627842867,0.600185217091661,1,0.7067539627842867,0.6235053411440385,1,0.7067539627842867,0.6202489662301861,1,0.7067539627842867,0.6270287732598208,1,0.7067539627842867,0.6391368022053756,1,-0.3888482485680833,-0.35486838663881104
Q6WV12_9MAXI_Somermeyer_2022,10,31401,0.6715590474113706,0.5703520106421734,0,0.6715590474113706,0.5703520106421734,0,0.6715590474113706,0.5653728213205778,0,0.6715590474113706,0.585472722937758,0,0.6715590474113706,0.6024411836525605,0,0.6699166565550635,0.5417093007742845,0,0.7108731254680591,0.6397744750501168,0,0.6715590474113706,0.6207373579839095,0,0.695258602269121,0.6278122259552915,0,0.7108731254680591,0.6638297136594965,0,0.5480402162790067,-1.055901190994046
Q6WV12_9MAXI_Somermeyer_2022,20,31401,0.6715590474113706,0.5565908113487956,0,0.6715590474113706,0.570831123965922,0,0.6715590474113706,0.570831123965922,0,0.6715590474113706,0.5777413894575525,0,0.6715590474113706,0.5684143683939282,0,0.6699166565550635,0.5172710315726966,0,0.7108731254680591,0.6262314019031563,0,0.6715590474113706,0.6010196373617392,0,0.7108731254680591,0.6147886011128592,0,0.7108731254680591,0.6431637422028549,0,0.2109527671249039,-0.7555820835030657
Q6WV12_9MAXI_Somermeyer_2022,30,31401,0.6715590474113706,0.5425132881515684,0,0.6715590474113706,0.5322610136006167,0,0.6715590474113706,0.5387017289866992,0,0.6715590474113706,0.5460561337623697,0,0.6715590474113706,0.5596610973258166,0,0.6576739061064797,0.5246374484880827,0,0.7108731254680591,0.6088583720353685,0,0.6715590474113706,0.5915160997051329,0,0.7108731254680591,0.6045843753885768,0,0.7108731254680591,0.6283668180326758,0,-0.1798695758036819,-0.6091825690076601
Q6WV12_9MAXI_Somermeyer_2022,40,31401,0.7108731254680591,0.5353388801610426,0,0.7108731254680591,0.5401003598080554,0,0.6715590474113706,0.5369850908212713,0,0.6715590474113706,0.5368179620403347,0,0.6715590474113706,0.5534713897460486,0,0.695258602269121,0.5045074806900559,0,0.7108731254680591,0.5860435330444546,0,0.6715590474113706,0.5813758568367381,0,0.695258602269121,0.5837747671642555,0,0.7108731254680591,0.6162033859917532,0,-0.053582563973792026,-0.6060013853529211
Q837P4_ENTFA_Meier_2023,10,697,0.9592223122938371,0.8963582549531973,0,0.9592223122938371,0.897289680983427,0,0.9592223122938371,0.897289680983427,0,0.9592223122938371,0.8883275155090442,0,0.9592223122938371,0.8896142283075673,0,0.9509811648550593,0.8931039802361462,0,1.0,0.9020495637727765,1,0.9744946855490522,0.9574318443001844,0,1.0,0.9329600395448904,1,1.0,0.971285124838782,1,-1.1712131812657633,-1.2072629547003708
Q837P4_ENTFA_Meier_2023,20,697,1.0,0.9106750904294882,1,1.0,0.9123990639928801,1,0.9592223122938371,0.905538039861014,0,0.9631364741887695,0.9055655875800009,0,0.9661167599495534,0.9094329325946199,0,0.9571116983351208,0.8791483525065306,0,1.0,0.9214104317889952,1,1.0,0.9502855481307341,1,1.0,0.940618742929248,1,1.0,0.9616293420183186,1,-0.7229901728168178,-0.6767086250925872
Q837P4_ENTFA_Meier_2023,30,697,1.0,0.9077012849319964,1,1.0,0.9085914395992508,1,1.0,0.9103122965747411,1,1.0,0.9146310540909738,1,0.9744946855490522,0.9116375443278921,0,1.0,0.8769502346180876,1,1.0,0.92854948406927,1,1.0,0.9375035837276702,1,1.0,0.942677104353877,1,1.0,0.955381907179941,1,-0.5542187713433817,-0.6134193073470313
Q837P4_ENTFA_Meier_2023,40,697,1.0,0.9050073370370935,1,1.0,0.9088595690774595,1,1.0,0.9090490109310968,1,1.0,0.9132626458178892,1,1.0,0.9140596271198609,1,1.0,0.8927101364021878,1,1.0,0.9295799362559268,1,1.0,0.9240984275952128,1,1.0,0.9291461333468106,1,1.0,0.9497165921930882,1,-0.4467133004373839,-0.5631796438107979
Q837P5_ENTFA_Meier_2023,10,747,0.9784870308759716,0.8816021254816939,1,0.9784870308759716,0.889042889564962,1,0.9784870308759716,0.8836721266159232,1,0.9784870308759716,0.8846624053206243,1,0.9784870308759716,0.8908663316509136,1,0.9460111832087394,0.8265832594236713,0,0.9821187199986106,0.9029952633737857,1,0.9784870308759716,0.9491564684313765,1,0.9821187199986106,0.9066801088419594,1,0.9821187199986106,0.9612852577558195,1,-0.5696618838000944,-1.1951670177982159
Q837P5_ENTFA_Meier_2023,20,747,0.9784870308759716,0.8682778650855784,1,0.9784870308759716,0.8686023405707469,1,0.9784870308759716,0.8904670099955293,1,0.9784870308759716,0.8968867513238363,1,0.9784870308759716,0.902124414586323,1,0.9425768148883664,0.861457060527299,0,0.9821187199986106,0.9054781320101359,1,0.9784870308759716,0.9132194590273298,1,0.9784870308759716,0.9279056810656731,1,0.9821187199986106,0.9460515224695183,1,-0.6353634430725904,-0.9200030729983368
Q837P5_ENTFA_Meier_2023,30,747,0.9784870308759716,0.8707035416088895,1,0.9784870308759716,0.8772403623269666,1,0.9784870308759716,0.8772403623269666,1,0.9784870308759716,0.882617948983972,1,0.9784870308759716,0.888069394154538,1,0.973862750318277,0.8503493604428902,1,0.9821187199986106,0.9060956709889767,1,0.9784870308759716,0.9046940151331464,1,0.9821187199986106,0.907125667386009,1,0.9821187199986106,0.9357689620246206,1,-0.5714537515760394,-0.8011378568667531
Q837P5_ENTFA_Meier_2023,40,747,0.9784870308759716,0.8703276872759093,1,0.9784870308759716,0.8649647434501497,1,0.9784870308759716,0.8675734588734464,1,0.9784870308759716,0.8718137800962655,1,0.9784870308759716,0.8712316076234681,1,0.9821187199986106,0.8436237466171408,1,0.9821187199986106,0.9024281217143258,1,0.9784870308759716,0.8964987421746102,1,0.9821187199986106,0.9000224906076922,1,0.9821187199986106,0.9280546554189042,1,-0.5751187072376522,-0.7018343750756684
Q8WTC7_9CNID_Somermeyer_2022,10,33510,0.5437989325253128,0.42482971588643087,0,0.49779000967884923,0.4202288236017845,0,0.49779000967884923,0.4155585647889692,0,0.49779000967884923,0.37705868491869643,0,0.49779000967884923,0.37592203498254223,0,0.7729598438292334,0.49075372189697486,1,0.5437989325253128,0.42482971588643087,0,0.7506433035136768,0.5521081634861894,1,0.7562813083206336,0.6136605852431689,1,0.7729598438292334,0.6721892633524212,1,-1.073462186757825,-0.7544340710450546
Q8WTC7_9CNID_Somermeyer_2022,20,33510,0.6062070516727645,0.4544932675817479,0,0.6062070516727645,0.4331003458313926,0,0.6062070516727645,0.4331003458313926,0,0.6062070516727645,0.43255199324104293,0,0.6062070516727645,0.41916293824015316,0,0.7188393518302106,0.4369494599014305,0,0.7729598438292334,0.5087555666260465,1,0.7506433035136768,0.5190728386462706,1,0.7729598438292334,0.511926680398886,1,0.7729598438292334,0.5972884243934817,1,-1.0293859918825956,-0.668598114194409
Q8WTC7_9CNID_Somermeyer_2022,30,33510,0.7729598438292334,0.45125640837035924,1,0.7729598438292334,0.45131068490224374,1,0.7729598438292334,0.45131068490224363,1,0.7729598438292334,0.4441983052787986,1,0.6062070516727645,0.4415000361893837,0,0.6501674028347058,0.4482342487842945,0,0.7729598438292334,0.5184358036181085,1,0.7729598438292334,0.508891573219872,1,0.7729598438292334,0.5218753664849894,1,0.7729598438292334,0.565645867206688,1,-0.7643783177232885,-0.515820467841779
Q8WTC7_9CNID_Somermeyer_2022,40,33510,0.7729598438292334,0.4620728845472713,1,0.7729598438292334,0.46563962968309563,1,0.7729598438292334,0.4593221552630922,1,0.7729598438292334,0.4614954945703652,1,0.7506433035136768,0.45090704890184946,1,0.7506433035136768,0.4583541662640133,1,0.7729598438292334,0.5024833561539901,1,0.7729598438292334,0.4967295562857027,1,0.7729598438292334,0.5130200045348122,1,0.7729598438292334,0.5467660431546102,1,-0.39290780527122504,-0.29777957743494715
R1AB_SARS2_Flynn_2022,10,5725,0.989678291847439,0.951369862087118,1,0.989678291847439,0.9479760308717663,1,0.989678291847439,0.9479760308717663,1,0.989678291847439,0.9434534413195377,1,0.989678291847439,0.9473927528878379,1,0.9741930489797439,0.9242391101548219,0,0.989678291847439,0.9534759573859591,1,0.989678291847439,0.9738221672203013,1,0.989678291847439,0.9697275271861314,1,0.989678291847439,0.9790492716002269,1,-0.8826771504243385,-0.870376311342419
R1AB_SARS2_Flynn_2022,20,5725,0.989678291847439,0.9422002091953062,1,0.989678291847439,0.946846704446873,1,0.989678291847439,0.9451364837617312,1,0.989678291847439,0.9296502190818031,1,0.989678291847439,0.9264697453203243,1,0.9768512449506649,0.9194309347618864,0,0.989678291847439,0.9593086878227411,1,0.989678291847439,0.9655126387685232,1,0.989678291847439,0.9675215653404706,1,0.989678291847439,0.9733434291498029,1,-0.34162844938212306,-0.7586951874074765
R1AB_SARS2_Flynn_2022,30,5725,0.989678291847439,0.9352528362485141,1,0.989678291847439,0.934031536891648,1,0.989678291847439,0.9342245705223405,1,0.989678291847439,0.9342575955572063,1,0.989678291847439,0.9248845197352054,1,0.9788621967763697,0.9301063803272196,0,0.989678291847439,0.957918923946144,1,0.989678291847439,0.959643103490474,1,0.989678291847439,0.9631052224844397,1,0.989678291847439,0.9688724141450957,1,-0.33665438022673905,-0.6586698484698866
R1AB_SARS2_Flynn_2022,40,5725,0.989678291847439,0.9234867118982613,1,0.989678291847439,0.9197994180538029,1,0.989678291847439,0.9173428681404955,1,0.989678291847439,0.9239738624656612,1,0.989678291847439,0.9242118151562557,1,0.989678291847439,0.9246326097904622,1,0.989678291847439,0.950412824699224,1,0.989678291847439,0.9528620022717497,1,0.989678291847439,0.9562020221918774,1,0.989678291847439,0.9653086597740232,1,-0.2538809254440534,-0.5780746729930253
RAD_ANTMA_Tsuboyama_2023_2CJJ,10,912,0.8792929352425991,0.6956961008739393,0,0.8792929352425991,0.6956961008739393,0,0.8792929352425991,0.6956961008739393,0,0.8792929352425991,0.6956961008739393,0,0.7466134478136704,0.6874685306115631,0,0.8792929352425991,0.6744876976805909,0,0.8792929352425991,0.6956961008739393,0,0.8792929352425991,0.7633171096485355,0,0.8878231450416268,0.7828299200895232,1,0.8878231450416268,0.835094054083507,1,-1.0334808521624343,-0.8288313562252414
RAD_ANTMA_Tsuboyama_2023_2CJJ,20,912,0.8878231450416268,0.7011713548153433,1,0.8878231450416268,0.7038706762054118,1,0.8878231450416268,0.6929393536155217,1,0.8878231450416268,0.6773148418266371,1,0.8792929352425991,0.6602191276205736,0,0.8792929352425991,0.6552494185593657,0,0.8878231450416268,0.7575680226756096,1,0.8878231450416268,0.7465905870193777,1,0.8878231450416268,0.7448659848267746,1,0.8878231450416268,0.7924753985180536,1,-0.4934076222410194,-0.47684957457822214
RAD_ANTMA_Tsuboyama_2023_2CJJ,30,912,0.8878231450416268,0.6733272670072816,1,0.8878231450416268,0.6765119218700892,1,0.8878231450416268,0.6723756052805718,1,0.8878231450416268,0.6690948439712313,1,0.8878231450416268,0.6594550228411459,1,0.8878231450416268,0.6800356729459738,1,0.8878231450416268,0.7222815305855547,1,0.8878231450416268,0.7262703838506407,1,0.8878231450416268,0.7353209935272733,1,0.8878231450416268,0.7674593923370117,1,-0.36574152268131205,-0.5564237806390468
RAD_ANTMA_Tsuboyama_2023_2CJJ,40,912,0.8878231450416268,0.6694905607134812,1,0.8878231450416268,0.6690963607044625,1,0.8878231450416268,0.6656583873042802,1,0.8878231450416268,0.6653058484822036,1,0.8878231450416268,0.6635964203176812,1,0.8594506834114628,0.6778721617068343,0,0.8878231450416268,0.7066495890947728,1,0.8878231450416268,0.7156998542694566,1,0.8878231450416268,0.7107593201469625,1,0.8878231450416268,0.7481954339636588,1,-0.3272699719936377,-0.4317306279572268
RASH_HUMAN_Bandaru_2017,10,3134,0.24942991977615422,0.22530366357690998,0,0.24942991977615422,0.22865392235870108,0,0.24942991977615422,0.22865392235870108,0,0.26341247756002406,0.23314646251992555,0,0.2806843843666237,0.23819318463933833,0,0.2659094183466248,0.23839589986362109,0,0.24942991977615422,0.22530366357690998,0,0.33679427096584946,0.2842360445103571,1,0.33679427096584946,0.2812765914297487,1,0.6883448086182373,0.332262350646903,1,-1.1712022376375215,-1.2030634896115273
RASH_HUMAN_Bandaru_2017,20,3134,0.2806843843666237,0.23715846292579246,0,0.2806843843666237,0.23746811248294206,0,0.2806843843666237,0.23745116125127208,0,0.2806843843666237,0.23978530914759563,0,0.2806843843666237,0.23968481863898852,0,0.3019329855254802,0.24435730269111566,0,0.6883448086182373,0.2591687748478655,1,0.33679427096584946,0.2685728039725758,1,0.30128445513707436,0.2567287079560877,0,0.6883448086182373,0.2998992953339944,1,-1.1280303060824932,-0.9820495846596786
RASH_HUMAN_Bandaru_2017,30,3134,0.2954706991535392,0.24061405015384302,0,0.2806843843666237,0.23898449970645227,0,0.2806843843666237,0.23926730366937307,0,0.2806843843666237,0.23869124618377502,0,0.2806843843666237,0.23698922151698687,0,0.2954706991535392,0.24032792405928963,0,0.6883448086182373,0.25920922394308527,1,0.33679427096584946,0.25905368289080866,1,0.6883448086182373,0.2716841421909454,1,0.6883448086182373,0.2849485598583824,1,-1.012707370365901,-0.8170646741124542
RASH_HUMAN_Bandaru_2017,40,3134,0.3019329855254802,0.24187086562077234,0,0.2954706991535392,0.24057104211595093,0,0.2954706991535392,0.24057104211595093,0,0.2954706991535392,0.24141967271139894,0,0.33679427096584946,0.2423764232580023,1,0.33679427096584946,0.24026272374840082,1,0.6883448086182373,0.2597467195254962,1,0.33679427096584946,0.253547297524301,1,0.6883448086182373,0.26241134734782107,1,0.6883448086182373,0.2758607612226024,1,-0.8813674524928341,-0.6811490421152337
RASK_HUMAN_Weng_2022_abundance,10,26012,0.7939638830199965,0.49895364283445415,1,0.7939638830199965,0.46705598650501423,1,0.7939638830199965,0.49695984356534434,1,0.7939638830199965,0.5122962351371882,1,0.6106677012370367,0.4822461955710825,0,0.6731685772028251,0.5006942559627621,0,0.7939638830199965,0.6096677291699354,1,0.7939638830199965,0.6572525711623377,1,0.7939638830199965,0.5975196747190903,1,0.7939638830199965,0.7017418638184422,1,-0.6428345241266452,-0.6936721213589631
RASK_HUMAN_Weng_2022_abundance,20,26012,0.7939638830199965,0.47739439974382997,1,0.7939638830199965,0.49181299819620283,1,0.7939638830199965,0.48997325449085416,1,0.7939638830199965,0.4807496460708859,1,0.7939638830199965,0.5015102289429703,1,0.6691656634274773,0.49035103460378143,0,0.7939638830199965,0.5478256087712216,1,0.7939638830199965,0.5998395548542268,1,0.7939638830199965,0.5653451070236729,1,0.7939638830199965,0.6594822553501201,1,-0.7194711205987981,-0.7208464261788236
RASK_HUMAN_Weng_2022_abundance,30,26012,0.7939638830199965,0.5034241231766783,1,0.7939638830199965,0.5034241231766784,1,0.7939638830199965,0.5007455309268938,1,0.7939638830199965,0.4946325070816363,1,0.7939638830199965,0.493702876399534,1,0.7598219997560308,0.463225002054419,1,0.7939638830199965,0.563285617801982,1,0.7939638830199965,0.5718627943296559,1,0.7939638830199965,0.5528283430340822,1,0.7939638830199965,0.6348153096612998,1,-0.5461866012809868,-0.6704288789395876
RASK_HUMAN_Weng_2022_abundance,40,26012,0.7939638830199965,0.49330540866481093,1,0.7939638830199965,0.49769228151282685,1,0.7939638830199965,0.49769228151282685,1,0.7939638830199965,0.5024366213774748,1,0.7939638830199965,0.5001016063769381,1,0.7939638830199965,0.47019659481311876,1,0.7939638830199965,0.5640320399039412,1,0.7939638830199965,0.5535675174434199,1,0.7939638830199965,0.5589143711076376,1,0.7939638830199965,0.6155981222222467,1,-0.5371854037851617,-0.6400711443342746
RASK_HUMAN_Weng_2022_binding-DARPin_K55,10,24873,0.8592757985650085,0.8178616506811095,0,0.8692213043756802,0.8292269873273889,0,0.8692213043756802,0.8292269873273889,0,0.8643367418787107,0.8282805290314301,0,0.8643367418787107,0.8230159260484411,0,0.8658489645907719,0.833028260462459,0,0.8680248771234592,0.8311401515135404,0,0.8822086656095592,0.8638363044401932,0,0.8822086656095592,0.8476874546608935,0,0.8822086656095592,0.8688321597976574,0,-0.8972622787529435,-0.703193491838898
RASK_HUMAN_Weng_2022_binding-DARPin_K55,20,24873,0.8697271887122757,0.8258054216265668,0,0.8697271887122757,0.8282450155066959,0,0.8697271887122757,0.8282450155066959,0,0.8697271887122757,0.8245255233967074,0,0.8697271887122757,0.8264756762034208,0,0.8692213043756802,0.8321470740117634,0,0.8692213043756802,0.8449585455718536,0,0.8822086656095592,0.8455404447085477,0,0.8822086656095592,0.8460481191310802,0,0.8822086656095592,0.8624793156403109,0,-0.7543709984792967,-0.6063642092075694
RASK_HUMAN_Weng_2022_binding-DARPin_K55,30,24873,0.8707855733588319,0.8270521910135843,0,0.8707855733588319,0.8249391156740711,0,0.8697271887122757,0.8236672869456199,0,0.8697271887122757,0.821248554759429,0,0.8697271887122757,0.8238740014881134,0,0.8697271887122757,0.8242582198883095,0,0.8697271887122757,0.8416361779983031,0,0.8822086656095592,0.8414425640878336,0,0.8822086656095592,0.8398813549750829,0,0.8822086656095592,0.8564300523986352,0,-0.6304010644696697,-0.504518264792423
RASK_HUMAN_Weng_2022_binding-DARPin_K55,40,24873,0.8707855733588319,0.825924618073419,0,0.8707855733588319,0.8262128415447615,0,0.8707855733588319,0.8254409122614628,0,0.8707855733588319,0.8253748634229573,0,0.8707855733588319,0.8229796431094866,0,0.8692213043756802,0.8209541932475564,0,0.8707855733588319,0.8387656535842484,0,0.8822086656095592,0.836907308617168,0,0.8707855733588319,0.8383886526830628,0,0.8822086656095592,0.8507470726113131,0,-0.643156592291483,-0.42143099458223915
RBP1_HUMAN_Tsuboyama_2023_2KWH,10,1332,0.7518917454406422,0.6978194988222828,0,0.7518917454406422,0.682963961993013,0,0.7518917454406422,0.6809658078681856,0,0.7518917454406422,0.6629109448787895,0,0.7131037034288771,0.653511356524529,0,0.7287532193099756,0.6636680341483467,0,0.8762411853123026,0.7619520740477512,1,0.7518917454406422,0.7279311782218961,0,0.7844382840199592,0.7339534162757555,0,0.8762411853123026,0.7674581948323184,1,-0.6330602044260673,-0.2692818823821419
RBP1_HUMAN_Tsuboyama_2023_2KWH,20,1332,0.7844382840199592,0.6934598422822821,0,0.7518917454406422,0.6887591572507538,0,0.7518917454406422,0.6794049398384049,0,0.7518917454406422,0.6716818849334241,0,0.7518917454406422,0.6615432022434499,0,0.7682498379983178,0.6537973267825262,0,0.8762411853123026,0.7370028079204413,1,0.7518917454406422,0.7166738671620311,0,0.8762411853123026,0.7285590448432705,1,0.8762411853123026,0.7472523247389925,1,-0.47818809313399574,-0.10094980799173087
RBP1_HUMAN_Tsuboyama_2023_2KWH,30,1332,0.7844382840199592,0.6902242063024411,0,0.7844382840199592,0.6812644150917738,0,0.7844382840199592,0.677501055016885,0,0.7518917454406422,0.6736144978592098,0,0.7518917454406422,0.6687511540546897,0,0.7844382840199592,0.6683198727680554,0,0.8762411853123026,0.7219733010602157,1,0.7844382840199592,0.7091431027288736,0,0.7844382840199592,0.7040015720524957,0,0.8762411853123026,0.7359096275848316,1,-0.5832872642193462,0.06459916217110505
RBP1_HUMAN_Tsuboyama_2023_2KWH,40,1332,0.7844382840199592,0.6853485975540996,0,0.7844382840199592,0.6814956941389767,0,0.7844382840199592,0.6783868939744712,0,0.7844382840199592,0.6760604785046884,0,0.7518917454406422,0.6680331047121282,0,0.8762411853123026,0.6746948214389545,1,0.8762411853123026,0.7054463136272588,1,0.7844382840199592,0.7029391971893495,0,0.7844382840199592,0.7009412393548945,0,0.8762411853123026,0.7242871365230614,1,-0.6106256843632691,0.10055211692805512
RCD1_ARATH_Tsuboyama_2023_5OAO,10,1261,0.8028974135070641,0.6891934291931122,0,0.8028974135070641,0.7014617390087234,0,0.8028974135070641,0.7014617390087234,0,0.8028974135070641,0.7086050808815947,0,0.8028974135070641,0.7178158256014022,0,0.8287600195270624,0.6774353773537233,0,0.8287600195270624,0.7108546965632073,0,0.8290353072515296,0.7764471098942362,0,0.8290353072515296,0.7769093213077136,0,0.8290353072515296,0.8010384493888651,0,-0.6026079659029481,-1.259028776267854
RCD1_ARATH_Tsuboyama_2023_5OAO,20,1261,0.8028974135070641,0.6824117922010611,0,0.8028974135070641,0.6788592345934913,0,0.8028974135070641,0.6829352127787722,0,0.8028974135070641,0.6810219130451065,0,0.8140499403242512,0.6908943664854538,0,0.8140499403242512,0.6380443825985795,0,0.8287600195270624,0.7293641998307673,0,0.8290353072515296,0.736019041288789,0,0.8287600195270624,0.7282902597912725,0,0.8290353072515296,0.7725478182522784,0,-0.24026067776303014,-1.2191689173155613
RCD1_ARATH_Tsuboyama_2023_5OAO,30,1261,0.8028974135070641,0.6692934929033253,0,0.8028974135070641,0.6609133656843243,0,0.8028974135070641,0.6643697620706319,0,0.8140499403242512,0.672816376295166,0,0.8140499403242512,0.6748097076240608,0,0.8290353072515296,0.6663304564485507,0,0.8287600195270624,0.7219351611227213,0,0.8290353072515296,0.7140073631235788,0,0.8290353072515296,0.7204596734932166,0,0.8290353072515296,0.7560038197235003,0,-0.3060718409110055,-0.7768934255666111
RCD1_ARATH_Tsuboyama_2023_5OAO,40,1261,0.8287600195270624,0.670645689304564,0,0.8287600195270624,0.6703211060081453,0,0.8140499403242512,0.6655015521048077,0,0.8140499403242512,0.6686263732703385,0,0.8290353072515296,0.6745836327145516,0,0.8287600195270624,0.6715046833819889,0,0.8287600195270624,0.704902943884277,0,0.8290353072515296,0.7103228542876551,0,0.8290353072515296,0.7078090295919925,0,0.8290353072515296,0.7428705678920914,0,-0.40699682705391343,-0.7083849058634636
RCRO_LAMBD_Tsuboyama_2023_1ORC,10,2278,0.9035354644489074,0.8824821546457975,0,0.9035354644489074,0.8824821546457975,0,0.9035354644489074,0.8824821546457975,0,0.9030712420326248,0.8813229343455281,0,0.9030712420326248,0.8821635037679098,0,0.925100386356898,0.859860420480112,0,0.9035354644489074,0.8824821546457975,0,0.9528676073608733,0.9294843772506771,1,0.95986270279591,0.936424277947492,1,0.95986270279591,0.9429933150250454,1,-1.5035280825799593,-1.5306991215103634
RCRO_LAMBD_Tsuboyama_2023_1ORC,20,2278,0.9528676073608733,0.8863746434383586,1,0.9528676073608733,0.8877457288593414,1,0.9528676073608733,0.8877457288593414,1,0.9528676073608733,0.8877457288593414,1,0.9528676073608733,0.8865102571805308,1,0.95986270279591,0.8671709884916581,1,0.95986270279591,0.8901566842169126,1,0.9528676073608733,0.9135256068559323,1,0.95986270279591,0.913298401388208,1,0.95986270279591,0.9294256482737583,1,-1.3144431935845162,-1.1781076810121425
RCRO_LAMBD_Tsuboyama_2023_1ORC,30,2278,0.9528676073608733,0.8820313438807498,1,0.9528676073608733,0.8851259888887685,1,0.9528676073608733,0.885508200242036,1,0.9528676073608733,0.885508200242036,1,0.9528676073608733,0.8857245484237801,1,0.9491726638019233,0.8670609656547725,1,0.95986270279591,0.9007837145650971,1,0.9528676073608733,0.9004192614650673,1,0.95986270279591,0.9005637497306725,1,0.95986270279591,0.9197958306035832,1,-0.8384536630496701,-1.0630950427203338
RCRO_LAMBD_Tsuboyama_2023_1ORC,40,2278,0.9528676073608733,0.8769745681033324,1,0.9528676073608733,0.8779016547627165,1,0.9528676073608733,0.8767754762749019,1,0.9528676073608733,0.8777244133424598,1,0.9528676073608733,0.8815038117552181,1,0.9173455546399476,0.865630315238733,0,0.95986270279591,0.8977439407958487,1,0.9528676073608733,0.8913960602605892,1,0.9528676073608733,0.8972305241066308,1,0.95986270279591,0.912202931710806,1,-0.6490729217359315,-0.7836582616677356
RD23A_HUMAN_Tsuboyama_2023_1IFY,10,1019,0.8764793696726387,0.8127830466364474,0,0.8764793696726387,0.8127830466364474,0,0.8764793696726387,0.8083211429101138,0,0.8466353223377054,0.8053367381766204,0,0.8466353223377054,0.800467199792019,0,0.8757382334643381,0.7704060402874789,0,0.8764793696726387,0.8127830466364474,0,0.8764793696726387,0.8583881364555358,0,0.9061746151760448,0.847583395032606,1,0.9061746151760448,0.8734518099784151,1,-1.6060394273412428,-1.293686533711857
RD23A_HUMAN_Tsuboyama_2023_1IFY,20,1019,0.9061746151760448,0.8155128843731916,1,0.8920555842996722,0.8110825613975006,0,0.8764793696726387,0.8042964138214894,0,0.8764793696726387,0.8072049177115949,0,0.8764793696726387,0.8095226447327608,0,0.8764793696726387,0.7690309883110741,0,0.9061746151760448,0.8254149017687354,1,0.8920555842996722,0.8422615123306996,0,0.9061746151760448,0.8321640436920905,1,0.9061746151760448,0.8543873063238375,1,-1.3716756322230685,-0.9708004547302485
RD23A_HUMAN_Tsuboyama_2023_1IFY,30,1019,0.9061746151760448,0.8017533655748459,1,0.9061746151760448,0.8042797791138474,1,0.9061746151760448,0.8037234736609346,1,0.8764793696726387,0.7918489664206608,0,0.8764793696726387,0.7900684923977505,0,0.8920555842996722,0.768166981229676,0,0.9061746151760448,0.8098848890636201,1,0.9061746151760448,0.827808713489953,1,0.9061746151760448,0.8220056614688919,1,0.9061746151760448,0.8373322232186682,1,-0.8612589017962367,-0.6309072865805341
RD23A_HUMAN_Tsuboyama_2023_1IFY,40,1019,0.9061746151760448,0.7961993210560351,1,0.9061746151760448,0.7962388534147786,1,0.9061746151760448,0.7933864166752282,1,0.8920555842996722,0.7872219265167948,0,0.8764793696726387,0.7838112902289684,0,0.8577119282244139,0.7285479056358413,0,0.9061746151760448,0.8084279097799456,1,0.9061746151760448,0.8117587425557503,1,0.9061746151760448,0.815415288459978,1,0.9061746151760448,0.8246789658721762,1,-0.7677121143440662,-0.46108745861125766
RDRP_I33A0_Li_2023,10,12003,0.8801644431993775,0.6556942143952611,1,0.8801644431993775,0.667037935702255,1,0.8801644431993775,0.6326298737076117,1,0.8801644431993775,0.6326298737076117,1,0.8801644431993775,0.6326298737076117,1,0.784714827278715,0.5252483272199395,1,0.8801644431993775,0.6556942143952611,1,0.8902719263748045,0.7911880118495656,1,0.8902719263748045,0.6840237779764952,1,0.8902719263748045,0.8269938841369617,1,-1.2632618981305215,-1.1635346231500223
RDRP_I33A0_Li_2023,20,12003,0.8801644431993775,0.6218389742072247,1,0.8801644431993775,0.6167881250221606,1,0.8801644431993775,0.6248655067795258,1,0.8801644431993775,0.636842522900818,1,0.8801644431993775,0.6269365412075741,1,0.8902719263748045,0.6196312459222649,1,0.8801644431993775,0.6876859694848313,1,0.8902719263748045,0.7296046944996958,1,0.8902719263748045,0.7459759637200507,1,0.8902719263748045,0.7950961922254136,1,-0.8264776227346438,-0.8135329438185729
RDRP_I33A0_Li_2023,30,12003,0.8801644431993775,0.6302737288415202,1,0.8801644431993775,0.6391306467685491,1,0.8801644431993775,0.6390427193530571,1,0.8801644431993775,0.6144172692473159,1,0.8801644431993775,0.6114991964834627,1,0.8801644431993775,0.6128534051033675,1,0.8801644431993775,0.6930122279644849,1,0.8902719263748045,0.7090605745194921,1,0.8801644431993775,0.6759051353561976,1,0.8902719263748045,0.7704477458924511,1,-0.7153217579443096,-0.6504860554466373
RDRP_I33A0_Li_2023,40,12003,0.8801644431993775,0.6397285396481788,1,0.8801644431993775,0.6234473735381102,1,0.8801644431993775,0.6174680616878078,1,0.8902719263748045,0.6269516065589033,1,0.8902719263748045,0.6070034674373402,1,0.8801644431993775,0.6321800833237873,1,0.8801644431993775,0.693151871898882,1,0.8902719263748045,0.677680497559365,1,0.8902719263748045,0.7070318767797559,1,0.8902719263748045,0.7499889234523889,1,-0.3838778875472983,-0.38803911591912277
REV_HV1H2_Fernandes_2016,10,2147,0.6055931734400563,0.43616452198528366,0,0.6055931734400563,0.47176752332468197,0,0.6055931734400563,0.47096830748007656,0,0.6055931734400563,0.4680678557344793,0,0.6055931734400563,0.4680678557344793,0,0.4857998698481924,0.43335785495249024,0,0.6082170922223843,0.5207769719526784,0,0.660395256755342,0.5486842129224511,0,0.660395256755342,0.5464883596671267,0,0.660395256755342,0.5916789816761635,0,-0.45343256264355974,-1.0553050654061786
REV_HV1H2_Fernandes_2016,20,2147,0.6055931734400563,0.4400383619580797,0,0.6055931734400563,0.43805754093188426,0,0.6055931734400563,0.43805754093188426,0,0.6055931734400563,0.45742444416669026,0,0.6055931734400563,0.46453800327039807,0,0.5193643272135897,0.4162293036400187,0,0.6082170922223843,0.5094069630787397,0,0.660395256755342,0.49220442491057836,0,0.610718605697392,0.5214400499273933,0,0.660395256755342,0.5482322879163573,0,-0.5779955339038215,-0.9604786115799072
REV_HV1H2_Fernandes_2016,30,2147,0.6055931734400563,0.43574123151308924,0,0.6055931734400563,0.4334971603817979,0,0.6055931734400563,0.43646301824028316,0,0.6055931734400563,0.4394220560159765,0,0.6055931734400563,0.4557063828086291,0,0.6082170922223843,0.43830314630298856,0,0.6082170922223843,0.4884169071985355,0,0.660395256755342,0.47874230237479726,0,0.6074937875121076,0.48054970377301093,0,0.660395256755342,0.5252414522003397,0,-0.43755791979670855,-0.7587137242232342
REV_HV1H2_Fernandes_2016,40,2147,0.6082170922223843,0.433425325725862,0,0.6082170922223843,0.4382966741798138,0,0.6055931734400563,0.43261846238245244,0,0.6055931734400563,0.4321654634356864,0,0.6055931734400563,0.43653079737164235,0,0.6074937875121076,0.440733717945228,0,0.6082170922223843,0.4805197310193307,0,0.660395256755342,0.4662800448274881,0,0.6074937875121076,0.471713377148064,0,0.660395256755342,0.5086847272000192,0,-0.2062102719309227,-0.6635139890244608
RFAH_ECOLI_Tsuboyama_2023_2LCL,10,1326,0.8107333334578162,0.46405424794977224,1,0.5045308518859252,0.42401140511272817,0,0.4875024208731717,0.4133231834909506,0,0.4875024208731717,0.41020326076551666,0,0.4875024208731717,0.41025330373223,0,0.8107333334578162,0.40939183368494697,1,0.9257709799917689,0.6227259681078137,1,0.8107333334578162,0.5660449238838481,1,0.8725982599492057,0.5422752045256535,1,0.9257709799917689,0.7332945802082546,1,-0.11444100832551138,-1.033607365511471
RFAH_ECOLI_Tsuboyama_2023_2LCL,20,1326,0.9257709799917689,0.49439407560277765,1,0.8594067825648849,0.4656633521379711,1,0.8107333334578162,0.4413784171224331,1,0.8107333334578162,0.4415838748721439,1,0.7141503009877304,0.40819917642437853,1,0.9257709799917689,0.43929030753303255,1,0.9257709799917689,0.5609540365999737,1,0.8107333334578162,0.5041191566716781,1,0.9257709799917689,0.5416856797731241,1,0.9257709799917689,0.6070560979742781,1,-0.5660667477319948,-0.6106667282899342
RFAH_ECOLI_Tsuboyama_2023_2LCL,30,1326,0.9257709799917689,0.46914456796343107,1,0.9257709799917689,0.4706157253309059,1,0.9257709799917689,0.4574249274179453,1,0.8594067825648849,0.4383569957032605,1,0.8107333334578162,0.4200700332415829,1,0.7103469517251586,0.4021122744353193,1,0.9257709799917689,0.5095056875679977,1,0.9257709799917689,0.5004740884072987,1,0.9257709799917689,0.5220346591744282,1,0.9257709799917689,0.5498783049160032,1,-0.48351548235924735,-0.4823968083937995
RFAH_ECOLI_Tsuboyama_2023_2LCL,40,1326,0.9257709799917689,0.44310977482113556,1,0.9257709799917689,0.4399818508170505,1,0.9257709799917689,0.4399712513537664,1,0.9257709799917689,0.43667907393494576,1,0.8107333334578162,0.40685008199578027,1,0.9257709799917689,0.4151525249651008,1,0.9257709799917689,0.4842807667343414,1,0.9257709799917689,0.47449339139983326,1,0.9257709799917689,0.47086466105779534,1,0.9257709799917689,0.514877771043597,1,-0.15285304293817698,-0.375203700571048
RL20_AQUAE_Tsuboyama_2023_1GYZ,10,1461,0.9277498697966677,0.8926528505953064,0,0.9232629530981262,0.8874086327273737,0,0.9232629530981262,0.8874086327273737,0,0.9232629530981262,0.8874086327273737,0,0.9232629530981262,0.8874086327273737,0,0.947202680001296,0.8822266462185122,0,0.9277498697966677,0.8926528505953064,0,0.9277498697966677,0.9174696462267794,0,0.947202680001296,0.9183194987243091,0,0.9566275698749773,0.933437564845302,0,-1.3412746145564856,-1.1362753114133834
RL20_AQUAE_Tsuboyama_2023_1GYZ,20,1461,0.9277498697966677,0.8942559807436652,0,0.9277498697966677,0.8937512830514774,0,0.9277498697966677,0.8945730959532322,0,0.9277498697966677,0.8933399876231195,0,0.9277498697966677,0.8942819173955999,0,0.947202680001296,0.8980884588733654,0,0.9566275698749773,0.9037969006597288,0,0.9277498697966677,0.9128556521472297,0,0.9425790216788384,0.9142928749503777,0,0.9566275698749773,0.9260148401789334,0,-1.0748698496539277,-0.7867124952869543
RL20_AQUAE_Tsuboyama_2023_1GYZ,30,1461,0.9277498697966677,0.8962915977701381,0,0.9277498697966677,0.8948716603560475,0,0.9277498697966677,0.8939428977032116,0,0.9277498697966677,0.8946640201045476,0,0.9277498697966677,0.8945186642088139,0,0.947202680001296,0.8855669123018156,0,0.9566275698749773,0.906462476853506,0,0.9277498697966677,0.9089540337065293,0,0.9373648346128242,0.9070846881575065,0,0.9566275698749773,0.9217708637528947,0,-0.47118729861956143,-0.6851173423082757
RL20_AQUAE_Tsuboyama_2023_1GYZ,40,1461,0.9286207695076396,0.8958145367687715,0,0.9286207695076396,0.8954460716815213,0,0.9277498697966677,0.8942170110152186,0,0.9277498697966677,0.896154492359926,0,0.9277498697966677,0.8955279565183897,0,0.9566275698749773,0.8849585809422456,0,0.9566275698749773,0.9078505285751075,0,0.9286207695076396,0.9032447713733665,0,0.9566275698749773,0.9068876338315621,0,0.9566275698749773,0.917854553729811,0,-0.4117198288966284,-0.42585828993416525
RL40A_YEAST_Mavor_2016,10,1253,0.697190007844739,0.6596025128243326,0,0.6883856371925151,0.6581636279866889,0,0.6883856371925151,0.6573289035750599,0,0.6896725479990886,0.6596779569980942,0,0.6896725479990886,0.6609593350714399,0,0.7215957379985133,0.6690281702328692,0,0.7341655087468701,0.685559665241207,0,0.7303040728662651,0.6890851750117598,0,0.7215957379985133,0.6840926046553469,0,0.7341655087468701,0.7111495791132011,0,-0.29756642933863225,-0.3416558968146789
RL40A_YEAST_Mavor_2016,20,1253,0.697190007844739,0.6590440303469495,0,0.697190007844739,0.6593733683318408,0,0.697190007844739,0.6612320247956962,0,0.6896725479990886,0.6611931787762545,0,0.7303040728662651,0.6666425167163169,0,0.7341655087468701,0.6519517315606747,0,0.7341655087468701,0.6875281415782059,0,0.7303040728662651,0.6854541027775289,0,0.7341655087468701,0.6768884652844782,0,0.7341655087468701,0.7011261417089908,0,-0.45491528421572663,0.009113653247490028
RL40A_YEAST_Mavor_2016,30,1253,0.697190007844739,0.6603087664214785,0,0.697190007844739,0.6591236763175365,0,0.7303040728662651,0.6631667522178526,0,0.7303040728662651,0.664386135148313,0,0.7303040728662651,0.6638263854383047,0,0.7341655087468701,0.665753264167276,0,0.7341655087468701,0.6817343545734441,0,0.7303040728662651,0.6783288726602276,0,0.7341655087468701,0.6837711849073022,0,0.7341655087468701,0.6958320442791555,0,-0.422193454435047,-0.06881205624238715
RL40A_YEAST_Mavor_2016,40,1253,0.697190007844739,0.661350012705627,0,0.7303040728662651,0.6629707932696757,0,0.7303040728662651,0.6621536947659366,0,0.7303040728662651,0.6611075986806905,0,0.7303040728662651,0.656862647828694,0,0.7303040728662651,0.6500114056620117,0,0.7341655087468701,0.6783493499919789,0,0.7303040728662651,0.6756813556623658,0,0.7341655087468701,0.6780790340804277,0,0.7341655087468701,0.6916323627064754,0,-0.33035385016758784,-0.13351571859763992
RL40A_YEAST_Roscoe_2013,10,1195,0.9721231973566588,0.9588407898805892,0,0.9721231973566588,0.9549590704815407,0,0.9721231973566588,0.9554352320150776,0,0.9721231973566588,0.9507911757785861,0,0.9721231973566588,0.9525819756271986,0,0.977602192609316,0.9485361411218156,0,0.9957580707944526,0.9741559849408636,1,0.9963789611227372,0.9682535304233748,1,0.9963789611227372,0.9725510065676597,1,0.9963789611227372,0.982668419222318,1,0.40699345608218757,-0.5515298423687626
RL40A_YEAST_Roscoe_2013,20,1195,0.9772719755244829,0.9491523086644787,0,0.9772719755244829,0.950060940627517,0,0.9772719755244829,0.9494285335521678,0,0.9721231973566588,0.95042231761759,0,0.9721231973566588,0.9537557501503307,0,0.9720089108161911,0.919797246067122,0,0.9957580707944526,0.9698547704258559,1,0.9963789611227372,0.9660652170542549,1,0.9963789611227372,0.9678706337277676,1,0.9963789611227372,0.9779111772159584,1,0.09672929845923477,-0.46973655765887123
RL40A_YEAST_Roscoe_2013,30,1195,0.9963789611227372,0.9503627504982957,1,0.9963789611227372,0.9508037618479226,1,0.9963789611227372,0.9521467620205456,1,0.9963789611227372,0.9511338390341446,1,0.9963789611227372,0.951085857670106,1,0.9799682519909056,0.9539889867734976,0,0.9957580707944526,0.9683496466448077,1,0.9963789611227372,0.9630374674582665,1,0.9799682519909056,0.9663595373475389,0,0.9963789611227372,0.9747570204160436,1,0.07207644761228994,-0.3429245642018987
RL40A_YEAST_Roscoe_2013,40,1195,0.9963789611227372,0.9494078470683606,1,0.9963789611227372,0.9485573939482186,1,0.9963789611227372,0.9502347952314593,1,0.9963789611227372,0.9528042452213804,1,0.9963789611227372,0.9510630549229013,1,0.9963789611227372,0.9532417711387471,1,0.9963789611227372,0.9647665905427905,1,0.9963789611227372,0.9596862566888119,1,0.9963789611227372,0.9647715420153097,1,0.9963789611227372,0.9721751503418207,1,-0.1336296372539048,-0.37519810302110135
RL40A_YEAST_Roscoe_2014,10,1380,0.917935293055431,0.8918842427180017,0,0.917935293055431,0.8905026151724211,0,0.917935293055431,0.8905026151724211,0,0.917935293055431,0.8895496345710131,0,0.9093610290178361,0.8853706680997725,0,0.917935293055431,0.8865924748353293,0,0.9248403978621578,0.9009165456186925,0,0.9320253934921778,0.9062616483749625,0,0.917935293055431,0.9032487407382755,0,0.9320253934921778,0.9130465641365213,0,-0.3406452238886587,-0.1021737401467033
RL40A_YEAST_Roscoe_2014,20,1380,0.917935293055431,0.8924178464519089,0,0.917935293055431,0.8917604457159503,0,0.917935293055431,0.8904915576164917,0,0.917935293055431,0.8809086290869405,0,0.917935293055431,0.8823965063609459,0,0.917935293055431,0.8877998996758564,0,0.9248403978621578,0.8986243209176907,0,0.9320253934921778,0.9021343384855435,0,0.9320253934921778,0.9006092446778452,0,0.9320253934921778,0.9068623763857104,0,-0.3405048797246388,-0.10777830440419756
RL40A_YEAST_Roscoe_2014,30,1380,0.917935293055431,0.8874440838703884,0,0.917935293055431,0.886607422583744,0,0.917935293055431,0.8857224861152647,0,0.917935293055431,0.8859717614993033,0,0.917935293055431,0.8860756366694219,0,0.910794048099911,0.8858726195458811,0,0.9248403978621578,0.8967400728246473,0,0.9320253934921778,0.8983814580328483,0,0.9248403978621578,0.8973559413545924,0,0.9320253934921778,0.9031930325532344,0,-0.4497904311174024,-0.09774497585536207
RL40A_YEAST_Roscoe_2014,40,1380,0.917935293055431,0.8882022426872205,0,0.917935293055431,0.8879846793727335,0,0.917935293055431,0.8877504982773137,0,0.917935293055431,0.8872044338101703,0,0.917935293055431,0.886966214865684,0,0.9320253934921778,0.8906421419208987,0,0.9248403978621578,0.8924380228371575,0,0.9320253934921778,0.8964926737419233,0,0.9320253934921778,0.8969263064408295,0,0.9320253934921778,0.9004040391289277,0,-0.6148279771826518,-0.10282202721427543
RNC_ECOLI_Weeks_2023,10,4277,0.9458392503556816,0.8927680083444869,1,0.9458392503556816,0.8948820625851455,1,0.9458392503556816,0.8948820625851455,1,0.9458392503556816,0.8950428822433754,1,0.9458392503556816,0.900216879128316,1,0.9197152497762797,0.9006738392029333,0,0.9458392503556816,0.9085815500167155,1,0.9458392503556816,0.9210969626076337,1,0.9458392503556816,0.9218096956148785,1,0.9458392503556816,0.9277700184240789,1,-0.24724905747054657,-1.0080466960234924
RNC_ECOLI_Weeks_2023,20,4277,0.9458392503556816,0.9000241827734545,1,0.9458392503556816,0.9013028237451591,1,0.9458392503556816,0.9053910793234364,1,0.9458392503556816,0.9028470724798134,1,0.9458392503556816,0.9042011086167518,1,0.9401962447741461,0.902817432353041,1,0.9458392503556816,0.9079682912334143,1,0.9458392503556816,0.9176432995308809,1,0.9458392503556816,0.9187478969704099,1,0.9458392503556816,0.9230082589288405,1,-0.05244971724088658,-0.43138818461493855
RNC_ECOLI_Weeks_2023,30,4277,0.9458392503556816,0.8950320430239265,1,0.9458392503556816,0.9004985571507858,1,0.9458392503556816,0.9009056804677605,1,0.9458392503556816,0.9030298561154314,1,0.9458392503556816,0.903518086496547,1,0.9259525758660583,0.8970881696277565,0,0.9458392503556816,0.9100685839129982,1,0.9458392503556816,0.9156492294326504,1,0.9458392503556816,0.9072444341045465,1,0.9458392503556816,0.9200315450419673,1,0.09884184189201842,-0.40415611528415546
RNC_ECOLI_Weeks_2023,40,4277,0.9458392503556816,0.8969612125370314,1,0.9458392503556816,0.8983239015279453,1,0.9458392503556816,0.9009071515277872,1,0.9458392503556816,0.9017939567444926,1,0.9458392503556816,0.902700216484794,1,0.9259525758660583,0.9014553270553906,0,0.9458392503556816,0.9079452769229611,1,0.9458392503556816,0.9068791325000787,1,0.9458392503556816,0.9072315978093194,1,0.9458392503556816,0.9173649726960098,1,0.06303861855552743,-0.2533452215052192
RPC1_BP434_Tsuboyama_2023_1R69,10,1459,0.9448725467108054,0.8394063653082547,1,0.9115053468897819,0.8360696453261526,1,0.9115053468897819,0.8360696453261526,1,0.9115053468897819,0.8272279070049189,1,0.9115053468897819,0.8315270855411749,1,0.9019876244056929,0.7651542614883423,0,0.9587215600378566,0.8611711681015797,1,0.9448725467108054,0.8848267683857588,1,0.9587215600378566,0.874844972165948,1,0.9587215600378566,0.9055213780858068,1,-1.380056246763617,-0.93216581034769
RPC1_BP434_Tsuboyama_2023_1R69,20,1459,0.9587215600378566,0.8335568814870707,1,0.9587215600378566,0.8283619275842822,1,0.9448725467108054,0.8257167166721411,1,0.9115053468897819,0.8190581855080188,1,0.9115053468897819,0.824443450724024,1,0.9115053468897819,0.7762919225419821,1,0.9587215600378566,0.8417285920188468,1,0.9587215600378566,0.860149253958503,1,0.9587215600378566,0.8548531412854516,1,0.9587215600378566,0.8749363429803799,1,-0.7728922605236522,-0.849841172914416
RPC1_BP434_Tsuboyama_2023_1R69,30,1459,0.9587215600378566,0.8282475259415514,1,0.9587215600378566,0.8245417993418931,1,0.9587215600378566,0.8246613664742568,1,0.9448725467108054,0.8197215292588187,1,0.9115053468897819,0.8146550106499653,1,0.9587215600378566,0.7870029592134146,1,0.9587215600378566,0.8405245778470412,1,0.9587215600378566,0.8472746079005282,1,0.9587215600378566,0.8409424124103414,1,0.9587215600378566,0.8579418921947192,1,-0.7401995835388123,-0.6749659557312316
RPC1_BP434_Tsuboyama_2023_1R69,40,1459,0.9587215600378566,0.8161563628654361,1,0.9587215600378566,0.8165583364745674,1,0.9587215600378566,0.8150871682508268,1,0.9587215600378566,0.8172440117976949,1,0.9448725467108054,0.8042760217023541,1,0.9448725467108054,0.7826492025469043,1,0.9587215600378566,0.8321355824580886,1,0.9587215600378566,0.8286905426730545,1,0.9587215600378566,0.826115351825271,1,0.9587215600378566,0.8469221628803071,1,-0.33367124102563583,-0.5845596436059947
RPC1_LAMBD_Li_2019_high-expression,10,351,0.9144608423393751,0.8742728641733528,0,0.9642414479842256,0.8792509247378378,0,0.9642414479842256,0.8780368439176776,0,0.9642414479842256,0.8743703216611476,0,0.9642414479842256,0.8826635644330248,0,0.9970897809299694,0.8844766569300898,1,1.0,0.9049448372129867,1,0.9884965679602404,0.9556046929193519,0,1.0,0.9411899081138007,1,1.0,0.976622218223074,1,-0.9971315897416879,-0.2989669224354354
RPC1_LAMBD_Li_2019_high-expression,20,351,0.9642414479842256,0.8858145399518342,0,0.966300984402082,0.888791047759958,0,0.9642414479842256,0.8873609026280467,0,0.966300984402082,0.8925704852201187,0,0.966300984402082,0.8822288389723068,0,1.0,0.8991092615126278,1,1.0,0.9178622597136008,1,0.9884965679602404,0.9347458744288293,0,1.0,0.9335716627375441,1,1.0,0.962159359597343,1,-0.929919891040095,-0.4494728347611788
RPC1_LAMBD_Li_2019_high-expression,30,351,0.9706972021941104,0.8948962386916959,0,0.966300984402082,0.886184332116774,0,0.966300984402082,0.8882438270299998,0,0.966300984402082,0.8824443339846082,0,0.966300984402082,0.8790221920515358,0,0.9754665323795997,0.8913579467249371,0,1.0,0.9143713834992748,1,0.9884965679602404,0.92476357618736,0,0.9884965679602404,0.9180370213845968,0,1.0,0.9505001051097678,1,-0.5239350029504117,-0.19676517807205668
RPC1_LAMBD_Li_2019_high-expression,40,351,0.9754665323795997,0.8914865529939752,0,0.9706972021941104,0.8900500049383887,0,0.966300984402082,0.8845853050232865,0,0.966300984402082,0.8825854909582685,0,0.966300984402082,0.8829290011319482,0,0.9884965679602404,0.8985918450601111,0,1.0,0.915973066661173,1,0.9884965679602404,0.9188428019972414,0,1.0,0.9114587159205458,1,1.0,0.9400626383565789,1,-0.5450521695737406,-0.23652403510991965
RPC1_LAMBD_Li_2019_low-expression,10,351,0.8856051562138995,0.8136293316307963,0,0.8856051562138995,0.7921252036479337,0,0.8856051562138995,0.7994504898111853,0,0.8856051562138995,0.797600822587486,0,0.8856051562138995,0.7924733391269451,0,0.8803666339860613,0.7181577769786408,0,0.8856051562138995,0.8136293316307963,0,0.8865760858508492,0.8744899157187778,0,1.0,0.8583409303534774,1,1.0,0.8982988650678425,1,-0.8265125272899834,-0.9808674533549026
RPC1_LAMBD_Li_2019_low-expression,20,351,0.8856051562138995,0.7958682937219648,0,0.8856051562138995,0.7958111013971365,0,0.8856051562138995,0.7958111013971366,0,0.8856051562138995,0.8097673233951681,0,0.8865760858508492,0.802529618893476,0,1.0,0.799969435138631,1,1.0,0.8372033057616901,1,0.8865760858508492,0.8219854999518328,0,1.0,0.8496323580934239,1,1.0,0.8840765989889903,1,-0.810466849396537,-0.7034194032062295
RPC1_LAMBD_Li_2019_low-expression,30,351,0.8856051562138995,0.7701889567127952,0,0.8856051562138995,0.7893079445030456,0,0.8865760858508492,0.7803981595072504,0,0.8865760858508492,0.7949658424812367,0,0.8865760858508492,0.7873547930995869,0,0.9020407156505724,0.7198470392721539,0,1.0,0.8387662229155392,1,0.8865760858508492,0.8143373750912197,0,0.8906669498029114,0.8393980943628493,0,1.0,0.8735887466086654,1,-0.3473544149022934,-0.506125006274483
RPC1_LAMBD_Li_2019_low-expression,40,351,0.8856051562138995,0.7506161329416425,0,0.8865760858508492,0.7786732992293305,0,0.8865760858508492,0.7867270388759616,0,0.8865760858508492,0.786241357637841,0,0.8865760858508492,0.7838277049284424,0,1.0,0.721094552192757,1,1.0,0.8371416629742728,1,0.8865760858508492,0.7787802838478353,0,0.8906669498029114,0.8211249983331455,0,1.0,0.8625727579437846,1,-0.22868184095197114,-0.47227491990548204
RS15_GEOSE_Tsuboyama_2023_1A32,10,1195,0.8536323429935897,0.804052455833757,0,0.8536323429935897,0.8009612650190902,0,0.8536323429935897,0.8009612650190902,0,0.8536323429935897,0.7959881433870457,0,0.8536323429935897,0.7994234376892445,0,0.8537841550547467,0.7519526314641484,0,0.8586956774716575,0.8252857375078947,0,0.9466950678665287,0.8309885706563543,1,0.9466950678665287,0.8350282777510768,1,0.9466950678665287,0.8491996664539624,1,,
RS15_GEOSE_Tsuboyama_2023_1A32,20,1195,0.8536323429935897,0.7938260350511411,0,0.8536323429935897,0.7942477147593201,0,0.8536323429935897,0.7940642847935666,0,0.8536323429935897,0.7886328437473819,0,0.8536323429935897,0.7892971416307459,0,0.8240690837445915,0.7424168777582735,0,0.8586956774716575,0.8077790413899603,0,0.9466950678665287,0.8168372546458301,1,0.9466950678665287,0.8143121792701414,1,0.9466950678665287,0.8283012029258487,1,0.5279304567882606,-0.8217780392582289
RS15_GEOSE_Tsuboyama_2023_1A32,30,1195,0.8536323429935897,0.7853830214199597,0,0.8536323429935897,0.7858161690693524,0,0.8536323429935897,0.7826023844403697,0,0.8536323429935897,0.7824244023087087,0,0.8536323429935897,0.7851064438910412,0,0.8537841550547467,0.7574482822875179,0,0.8586956774716575,0.7987508455369727,0,0.9466950678665287,0.8045429703739119,1,0.8586956774716575,0.7971615978786092,0,0.9466950678665287,0.8167022067597384,1,-0.32779283497977346,-0.7637963476372343
RS15_GEOSE_Tsuboyama_2023_1A32,40,1195,0.8536323429935897,0.7832790696149564,0,0.8536323429935897,0.7808575309646509,0,0.8536323429935897,0.7804744846046743,0,0.8536323429935897,0.779200117917853,0,0.8536323429935897,0.7790264666341623,0,0.9466950678665287,0.7693401121794686,1,0.8586956774716575,0.7928082862674635,0,0.9466950678665287,0.7971067512677907,1,0.8586956774716575,0.7951354768718915,0,0.9466950678665287,0.80800628402849,1,-0.31775610354365397,-0.6715038141722833
S22A1_HUMAN_Yee_2023_abundance,10,9803,0.8006371593857113,0.7376973421597723,0,0.8006371593857113,0.7376973421597723,0,0.8006371593857113,0.7362035721280755,0,0.8006371593857113,0.7477466878671905,0,0.8006371593857113,0.7477466878671905,0,0.9216121988163493,0.7553020639282274,1,0.9517459235782156,0.7680131721789123,1,0.8388914401633979,0.8031531059701004,1,0.9004549088426496,0.7939675560280328,1,0.9517459235782156,0.8554528599358057,1,-1.0064199992228873,-1.3929458807878425
S22A1_HUMAN_Yee_2023_abundance,20,9803,0.8006371593857113,0.7196948880658899,0,0.8006371593857113,0.7187322320166827,0,0.8006371593857113,0.7187322320166827,0,0.8388914401633979,0.7229617621062512,1,0.8388914401633979,0.7279394728498028,1,0.8040268626771593,0.7511628769677976,0,0.9517459235782156,0.7935146576702952,1,0.8388914401633979,0.7781002539755019,1,0.9517459235782156,0.7928872031847165,1,0.9517459235782156,0.8250770690690815,1,-0.8444352100961208,-0.6918665364805584
S22A1_HUMAN_Yee_2023_abundance,30,9803,0.9004549088426496,0.7216449664227467,1,0.9004549088426496,0.7250781912291443,1,0.9004549088426496,0.7313204541175514,1,0.8388914401633979,0.7317065760893912,1,0.8388914401633979,0.7344512583547602,1,0.9517459235782156,0.7314070980463153,1,0.9517459235782156,0.7723727852749757,1,0.8388914401633979,0.7647969675656177,1,0.9517459235782156,0.792730123729171,1,0.9517459235782156,0.8092882924713819,1,-0.5133245445566457,-0.4972786897471359
S22A1_HUMAN_Yee_2023_abundance,40,9803,0.9004549088426496,0.7337556254867945,1,0.9004549088426496,0.7346342060754861,1,0.9004549088426496,0.7347306129378752,1,0.9004549088426496,0.7369654797534034,1,0.8388914401633979,0.7303615085739563,1,0.9216121988163493,0.7450992922801389,1,0.9517459235782156,0.7691314132003559,1,0.9004549088426496,0.7554618545462551,1,0.9004549088426496,0.7633724230548035,1,0.9517459235782156,0.798019939519912,1,-0.4974676594467362,-0.3436679627338945
S22A1_HUMAN_Yee_2023_activity,10,10094,0.7437381585983303,0.636630581184068,0,0.7437381585983303,0.636630581184068,0,0.7437381585983303,0.636630581184068,0,0.7437381585983303,0.6375950180971162,0,0.7437381585983303,0.660351464510061,0,0.700303582264092,0.6042830016169212,0,0.7437381585983303,0.636630581184068,0,0.774645122964786,0.7262915656030515,0,0.8777277382639344,0.7262866818330775,1,0.8777277382639344,0.756604594357588,1,-0.8071161781444236,-1.5203984393769807
S22A1_HUMAN_Yee_2023_activity,20,10094,0.7437381585983303,0.6245577999974953,0,0.7437381585983303,0.6239760174407624,0,0.7437381585983303,0.6371226123975154,0,0.7437381585983303,0.6390583906313929,0,0.7437381585983303,0.6150935364765139,0,0.7148142290187347,0.6105398967414777,0,0.8777277382639344,0.678488452224972,1,0.774645122964786,0.7036490596069725,0,0.8777277382639344,0.7172624034850302,1,0.8777277382639344,0.7320917479104023,1,-0.6587580464320604,-1.014053983210345
S22A1_HUMAN_Yee_2023_activity,30,10094,0.8777277382639344,0.622975395072589,1,0.8777277382639344,0.6223753997501262,1,0.7437381585983303,0.6076828914413953,0,0.7437381585983303,0.6257753516591161,0,0.7437381585983303,0.6257597043864002,0,0.8093042092503061,0.6010810422179937,1,0.8777277382639344,0.6687871876137486,1,0.774645122964786,0.6773503635636221,0,0.8777277382639344,0.6830901544896871,1,0.8777277382639344,0.717781095734375,1,-0.4321084854221224,-0.8303265510078275
S22A1_HUMAN_Yee_2023_activity,40,10094,0.8777277382639344,0.6194438272308568,1,0.8777277382639344,0.6161389407518811,1,0.774645122964786,0.6078439634362358,0,0.774645122964786,0.6094650427788953,0,0.774645122964786,0.6173954456674018,0,0.7306125419171827,0.6189865128651834,0,0.8777277382639344,0.6662464186979975,1,0.8777277382639344,0.6602614315817061,1,0.8777277382639344,0.6655916030678628,1,0.8777277382639344,0.7055892657440466,1,-0.339164230292602,-0.5847297735200592
SAV1_MOUSE_Tsuboyama_2023_2YSB,10,965,0.8228062680808337,0.6361329289182398,1,0.8228062680808337,0.6545245548577223,1,0.8228062680808337,0.6527937278316249,1,0.8228062680808337,0.6401013439201015,1,0.7100295403222138,0.6351636217564264,0,0.8509110866810802,0.6301783559978952,1,0.8228062680808337,0.6361329289182398,1,0.8228062680808337,0.7030108807730081,1,0.8509110866810802,0.7289371135782121,1,1.0,0.8029702852206283,1,-0.37292251967511475,-1.3021132017053798
SAV1_MOUSE_Tsuboyama_2023_2YSB,20,965,0.8228062680808337,0.6266696478297991,1,0.8228062680808337,0.6293404202259738,1,0.8228062680808337,0.6293404202259738,1,0.8228062680808337,0.6366274284692748,1,0.8228062680808337,0.6270376820984475,1,0.8509110866810802,0.6043218715422333,1,1.0,0.6649180545271802,1,0.8228062680808337,0.6705513437201052,1,1.0,0.7106577180890268,1,1.0,0.7480022573915611,1,-0.33873451397652526,-1.024778072436544
SAV1_MOUSE_Tsuboyama_2023_2YSB,30,965,0.8228062680808337,0.6269815831592893,1,0.8228062680808337,0.6278595531054139,1,0.8228062680808337,0.6278595531054139,1,0.8228062680808337,0.6130251919747628,1,0.8228062680808337,0.6143802177488701,1,0.8143286951765115,0.6102029774658629,1,1.0,0.682223071117439,1,0.8228062680808337,0.652050775099685,1,1.0,0.6708407443038938,1,1.0,0.7125609803424037,1,-0.39310460153807725,-0.8608221852375566
SAV1_MOUSE_Tsuboyama_2023_2YSB,40,965,1.0,0.6369906979503516,1,0.8228062680808337,0.6252853329270575,1,0.8228062680808337,0.6227422914151585,1,0.8228062680808337,0.614210205317445,1,0.8228062680808337,0.603739688635317,1,0.7758544953460347,0.5898779877338463,1,1.0,0.6714086956667411,1,0.8228062680808337,0.6408424913358484,1,0.8509110866810802,0.6549259430420838,1,1.0,0.6908161012281837,1,-0.11090838283517561,-0.6551118443818073
SBI_STAAM_Tsuboyama_2023_2JVG,10,1025,0.8011714230076498,0.7673062559792475,0,0.8011714230076498,0.7595160835278569,0,0.8011714230076498,0.7620634877107063,0,0.8008407262243241,0.7518746953794427,0,0.7899194353325321,0.7384056192003149,0,0.7692337902825918,0.6893055675828116,0,0.9059900948836599,0.8281803406647865,1,0.9246750176513254,0.8236748590003768,1,0.9059900948836599,0.833483159617869,1,0.9246750176513254,0.8639762848064526,1,-1.480832765627192,-0.8712321040699242
SBI_STAAM_Tsuboyama_2023_2JVG,20,1025,0.8870736226485268,0.7526553914531992,0,0.8870736226485268,0.757648163881857,0,0.8870736226485268,0.7593867449316144,0,0.8870736226485268,0.7539259089334751,0,0.9246750176513254,0.7384142555592873,1,0.9246750176513254,0.7128390814149442,1,0.9059900948836599,0.8034319164634955,1,0.9246750176513254,0.7901687863062509,1,0.9246750176513254,0.8089258626231597,1,0.9246750176513254,0.8316162179740602,1,-1.0076455585626998,-0.7088094538822293
SBI_STAAM_Tsuboyama_2023_2JVG,30,1025,0.9246750176513254,0.7427123035602786,1,0.9246750176513254,0.7427123035602786,1,0.9246750176513254,0.7411013125866452,1,0.9246750176513254,0.7396800109288559,1,0.9246750176513254,0.7300194823788357,1,0.9059900948836599,0.7021332122927959,1,0.9059900948836599,0.7908938793097189,1,0.9246750176513254,0.7677497237354942,1,0.8870736226485268,0.7774026070100102,0,0.9246750176513254,0.8117454532659666,1,-0.8839817208976154,-0.6364728535446077
SBI_STAAM_Tsuboyama_2023_2JVG,40,1025,0.9246750176513254,0.7430468535347298,1,0.9246750176513254,0.741299709085874,1,0.9246750176513254,0.7290252793159727,1,0.9246750176513254,0.7258681166134086,1,0.9246750176513254,0.7146278468293918,1,0.9059900948836599,0.7110529108605369,1,0.9059900948836599,0.7757601470332434,1,0.9246750176513254,0.7610506842935668,1,0.9246750176513254,0.7711465342447694,1,0.9246750176513254,0.7941709426575464,1,-0.729678271953144,-0.38914610635736196
SC6A4_HUMAN_Young_2021,10,11576,0.7757383804811063,0.6750695354772105,0,0.7757383804811063,0.6750695354772105,0,0.7757383804811063,0.6925190384992277,0,0.7757383804811063,0.6925190384992277,0,0.7757383804811063,0.6925486398922375,0,0.7475033523472148,0.6704741204527085,0,0.8264248384359129,0.7155673801321641,1,0.7983146996807274,0.7563702527338475,1,0.8264248384359129,0.7611126608888701,1,0.8264248384359129,0.7744252690059795,1,-0.7210856909675567,-0.8765199596773643
SC6A4_HUMAN_Young_2021,20,11576,0.7983146996807274,0.6890686620071489,1,0.7983146996807274,0.6898605887041042,1,0.7983146996807274,0.6941151797006854,1,0.7983146996807274,0.6919924803786688,1,0.7757383804811063,0.7028755228950716,0,0.7757383804811063,0.689970212565756,0,0.8264248384359129,0.727031951668542,1,0.7983146996807274,0.735105187578417,1,0.8264248384359129,0.7299288741736965,1,0.8264248384359129,0.7569026216527059,1,-0.5003802971374945,-0.7965738442443411
SC6A4_HUMAN_Young_2021,30,11576,0.7983146996807274,0.6934921668451525,1,0.7983146996807274,0.6931221100610885,1,0.7983146996807274,0.6965710462095278,1,0.7983146996807274,0.700654324363439,1,0.7983146996807274,0.6955340541678089,1,0.7660898528499189,0.6805597302204965,0,0.8264248384359129,0.7254597685525755,1,0.7983146996807274,0.7137974075428375,1,0.7983146996807274,0.7162061102506126,1,0.8264248384359129,0.7435983084419882,1,-0.27686753915016604,-0.6225893659433814
SC6A4_HUMAN_Young_2021,40,11576,0.7983146996807274,0.6946554694337952,1,0.7983146996807274,0.697523887884698,1,0.7983146996807274,0.698037785759411,1,0.7983146996807274,0.6970605454321808,1,0.7983146996807274,0.6907480685014847,1,0.773664778695575,0.6891778839166974,0,0.8264248384359129,0.7183704547481902,1,0.7983146996807274,0.7062211467726522,1,0.8264248384359129,0.7214963490966441,1,0.8264248384359129,0.7338437915447271,1,-0.3706183843094385,-0.519335964556315
SCIN_STAAR_Tsuboyama_2023_2QFF,10,1212,0.6979931987443437,0.610797038157722,0,0.6979931987443437,0.610797038157722,0,0.6806472748094485,0.6074765955451626,0,0.6806472748094485,0.5958038039932606,0,0.6806472748094485,0.5902652293797183,0,0.6506023635853263,0.552601772985144,0,0.6979931987443437,0.610797038157722,0,0.7557888118288711,0.6621048670304259,1,0.7321425898740046,0.6516430974267874,0,0.778497164845713,0.694349407582975,1,-1.2215161168257003,-1.2491270271741919
SCIN_STAAR_Tsuboyama_2023_2QFF,20,1212,0.7557888118288711,0.5991154416923596,1,0.7557888118288711,0.5991154416923596,1,0.7557888118288711,0.5970828485945531,1,0.7557888118288711,0.5970828485945531,1,0.7557888118288711,0.5941071394242232,1,0.7557888118288711,0.5678031189818649,1,0.7557888118288711,0.5991154416923596,1,0.7557888118288711,0.625981437727823,1,0.778497164845713,0.6471998836721558,1,0.778497164845713,0.664224500889535,1,-1.1210408334397095,-1.073096092888806
SCIN_STAAR_Tsuboyama_2023_2QFF,30,1212,0.7557888118288711,0.5855713309513686,1,0.7557888118288711,0.5837974599787646,1,0.7557888118288711,0.58598383496639,1,0.7557888118288711,0.58598383496639,1,0.7557888118288711,0.5802264128971392,1,0.778497164845713,0.5716639211799085,1,0.778497164845713,0.6015450983268922,1,0.7557888118288711,0.6000133791624792,1,0.7557888118288711,0.6080078514058945,1,0.778497164845713,0.6442824524363532,1,-0.814612400859449,-0.9871054947989716
SCIN_STAAR_Tsuboyama_2023_2QFF,40,1212,0.7557888118288711,0.5710024647938555,1,0.7557888118288711,0.5720293334663107,1,0.7557888118288711,0.5722717266341771,1,0.7557888118288711,0.5727616990074217,1,0.7557888118288711,0.5747252839252298,1,0.7557888118288711,0.5725213823004558,1,0.778497164845713,0.6053000291011408,1,0.7557888118288711,0.5880068403389639,1,0.7557888118288711,0.6031056900178283,1,0.778497164845713,0.6287560399401069,1,-0.638794442607001,-0.8884353398003945
SDA_BACSU_Tsuboyama_2023_1PV0,10,2770,0.8732821781430536,0.8116700681370912,1,0.8569505544790191,0.8012606612184544,1,0.8569505544790191,0.8012606612184544,1,0.8569505544790191,0.7983655423744199,1,0.850008784279753,0.7850684990728123,1,0.8212819428361957,0.758555306982169,0,0.8732821781430536,0.8339054297359346,1,0.8569505544790191,0.8310834017460677,1,0.8732821781430536,0.8330983116941926,1,0.8732821781430536,0.8439517005443983,1,-0.7491618814321098,-0.6906195051526642
SDA_BACSU_Tsuboyama_2023_1PV0,20,2770,0.8732821781430536,0.7927264396445171,1,0.8732821781430536,0.7921185971999533,1,0.8732821781430536,0.79439291688783,1,0.8569505544790191,0.7900877448781893,1,0.8569505544790191,0.7842571085412732,1,0.8732821781430536,0.7788650602649464,1,0.8732821781430536,0.8162307974141417,1,0.8732821781430536,0.8223637989900661,1,0.8569505544790191,0.8143439384637781,1,0.8732821781430536,0.8312133557539557,1,-0.5558897318733064,-0.5468997999436493
SDA_BACSU_Tsuboyama_2023_1PV0,30,2770,0.8732821781430536,0.7951328625855391,1,0.8732821781430536,0.7899507381871661,1,0.8732821781430536,0.7899507381871661,1,0.8732821781430536,0.788649359003906,1,0.8569505544790191,0.7776762959167728,1,0.8352937418456929,0.762575640535756,0,0.8732821781430536,0.8123076819552927,1,0.8732821781430536,0.8118073864486516,1,0.8732821781430536,0.8124449405215173,1,0.8732821781430536,0.8242056545946432,1,-0.5981859554309813,-0.2568676122426956
SDA_BACSU_Tsuboyama_2023_1PV0,40,2770,0.8732821781430536,0.7847655084371372,1,0.8732821781430536,0.7857266924630052,1,0.8732821781430536,0.7840505521405849,1,0.8732821781430536,0.7772406558825682,1,0.8732821781430536,0.7753450233357297,1,0.8732821781430536,0.7836048451059072,1,0.8732821781430536,0.8055399693974913,1,0.8732821781430536,0.8036005778731714,1,0.8732821781430536,0.8065736157427089,1,0.8732821781430536,0.8193447870898444,1,-0.33268365726309784,-0.23056247596387106
SERC_HUMAN_Xie_2023,10,1914,0.9113202012974936,0.808193000060879,1,0.9113202012974936,0.808193000060879,1,0.9113202012974936,0.808193000060879,1,0.9113202012974936,0.8036843781921736,1,0.9113202012974936,0.8036843781921734,1,0.8408998343975023,0.7814763376275738,0,0.9113202012974936,0.808193000060879,1,0.9113202012974936,0.8583221158346421,1,0.9497748683088494,0.8716381541798113,1,0.9497748683088494,0.8877186837192063,1,-0.7584393559708302,-1.208024441759245
SERC_HUMAN_Xie_2023,20,1914,0.9113202012974936,0.7915795767584453,1,0.9113202012974936,0.7934132146128462,1,0.9113202012974936,0.7934132146128462,1,0.9113202012974936,0.7965900690557459,1,0.9113202012974936,0.7977275855748368,1,0.8312376882648779,0.775841575408013,0,0.9497748683088494,0.8309319610280856,1,0.9113202012974936,0.832487234314293,1,0.9497748683088494,0.842595472342913,1,0.9497748683088494,0.8604705070804458,1,-0.6220567448840831,-1.1414637409559107
SERC_HUMAN_Xie_2023,30,1914,0.9113202012974936,0.7926491679577758,1,0.9113202012974936,0.792221176360176,1,0.9113202012974936,0.7888707318644417,1,0.9113202012974936,0.788457198257429,1,0.9113202012974936,0.7949687893928471,1,0.8827399206534237,0.7957448832590233,0,0.9497748683088494,0.816236108277319,1,0.9113202012974936,0.8158899873639596,1,0.9113202012974936,0.807236503480859,1,0.9497748683088494,0.8462463622612777,1,-0.38772611984306415,-0.8630991648104439
SERC_HUMAN_Xie_2023,40,1914,0.9113202012974936,0.7901208258452346,1,0.9113202012974936,0.7893168516650529,1,0.9113202012974936,0.7871182822385103,1,0.9113202012974936,0.7893556444207519,1,0.9113202012974936,0.7887992966023074,1,0.9113202012974936,0.7969647304278084,1,0.9497748683088494,0.8162592303446382,1,0.9113202012974936,0.808925997469928,1,0.9497748683088494,0.8145082869076822,1,0.9497748683088494,0.8352729743523561,1,-0.33711658770602104,-0.7808719061239691
SHOC2_HUMAN_Kwon_2022,10,10972,0.5105426279871561,0.48872084508042984,0,0.5105426279871561,0.48872084508042984,0,0.5105426279871561,0.48872084508042984,0,0.5105426279871561,0.48128431128002735,0,0.5105426279871561,0.4746130979900563,0,0.6090524130401876,0.481089112796386,1,0.6156682506647079,0.5372627129040722,1,0.6241841427459316,0.5544167637687236,1,0.6241841427459316,0.551635432348218,1,0.6241841427459316,0.5804942519409131,1,-1.28607533714271,-0.6887839663725092
SHOC2_HUMAN_Kwon_2022,20,10972,0.541925474907182,0.4823330071872849,0,0.541925474907182,0.476657329038944,0,0.541925474907182,0.476657329038944,0,0.6241841427459316,0.4781785451699689,1,0.6241841427459316,0.47748036559647106,1,0.5427860960982244,0.48309169037751926,0,0.6156682506647079,0.5264284456175007,1,0.6241841427459316,0.5343379275129346,1,0.6241841427459316,0.5341104281769118,1,0.6241841427459316,0.5593312469361141,1,-0.6906582454701697,-0.6851680085846471
SHOC2_HUMAN_Kwon_2022,30,10972,0.5523213309492166,0.47176245014818335,0,0.6241841427459316,0.48100899517683343,1,0.6241841427459316,0.48454319335384255,1,0.6241841427459316,0.4824326886137333,1,0.6241841427459316,0.47998008102602197,1,0.6090524130401876,0.481258587226185,1,0.6156682506647079,0.5200248201237779,1,0.6241841427459316,0.5193248299169406,1,0.6156682506647079,0.5253949534820482,1,0.6241841427459316,0.5469555587043182,1,-0.5260608616741812,-0.6837307630961779
SHOC2_HUMAN_Kwon_2022,40,10972,0.6241841427459316,0.48299572362868926,1,0.6241841427459316,0.47855369049307367,1,0.6241841427459316,0.4766652702659314,1,0.6241841427459316,0.47626571137830415,1,0.6241841427459316,0.4806630464996973,1,0.6156682506647079,0.4989413791324033,1,0.6156682506647079,0.5099090865189552,1,0.6241841427459316,0.5100904002523234,1,0.57974598142004,0.5135940381818639,0,0.6241841427459316,0.5376087195621809,1,-0.5188286958175121,-0.6178654223747979
SOX30_HUMAN_Tsuboyama_2023_7JJK,10,1010,0.7606228732479929,0.7260189526762373,0,0.7606228732479929,0.7260189526762373,0,0.7606228732479929,0.7217727278204525,0,0.7606228732479929,0.7181702593953255,0,0.7606228732479929,0.71432582337448,0,0.7600786948933289,0.6993863491334489,0,0.7606228732479929,0.7260189526762373,0,0.8168838560512952,0.7595468663077211,0,0.8819368071625129,0.7766333654649852,1,0.8819368071625129,0.8209381152277837,1,,
SOX30_HUMAN_Tsuboyama_2023_7JJK,20,1010,0.8184770350498558,0.7251979644032789,0,0.8184770350498558,0.7251979644032789,0,0.7606228732479929,0.7187128177270059,0,0.7606228732479929,0.7152352564655857,0,0.7606228732479929,0.7152829648108536,0,0.7847369748038892,0.699130221071149,0,0.8819368071625129,0.75518877503956,1,0.8168838560512952,0.743935083475714,0,0.8819368071625129,0.7502206116983251,1,0.8819368071625129,0.7842679298689269,1,-1.3627691927697063,-0.895117907589205
SOX30_HUMAN_Tsuboyama_2023_7JJK,30,1010,0.8261709089207484,0.7243426176509228,0,0.8184770350498558,0.7212079085208748,0,0.8184770350498558,0.7212079085208748,0,0.8184770350498558,0.7195901585178865,0,0.7606228732479929,0.7128157361107237,0,0.8819368071625129,0.7024584386994092,1,0.8819368071625129,0.751366346638045,1,0.8184770350498558,0.7373076694880176,0,0.8549902782076193,0.7363371690555323,1,0.8819368071625129,0.7671396004108655,1,-1.1593479309403638,-0.7942341447695793
SOX30_HUMAN_Tsuboyama_2023_7JJK,40,1010,0.8261709089207484,0.716546373381132,0,0.8261709089207484,0.7185725481079559,0,0.8261709089207484,0.7157918030796451,0,0.8261709089207484,0.7168191349913524,0,0.8184770350498558,0.7154396095945148,0,0.8287647950672767,0.702288555948176,0,0.8819368071625129,0.7428217352261888,1,0.8261709089207484,0.7297598136189801,0,0.8549902782076193,0.7359887227720776,1,0.8819368071625129,0.7553051983151292,1,-0.4242489797633979,-0.6489096268808775
SPA_STAAU_Tsuboyama_2023_1LP1,10,2105,0.8301887630941875,0.5924401566245273,1,0.8301887630941875,0.6366403454206527,1,0.8301887630941875,0.6640292984045114,1,0.8301887630941875,0.6656724495488765,1,0.8301887630941875,0.6720217851163219,1,0.7688656747709637,0.5541324720080801,0,1.0,0.643684862791315,1,0.8301887630941875,0.7331356401838182,1,0.8301887630941875,0.7326890244902468,1,1.0,0.8013084226198293,1,-0.6218549895359934,-1.5489754255746668
SPA_STAAU_Tsuboyama_2023_1LP1,20,2105,0.8301887630941875,0.5678882138263468,1,0.8301887630941875,0.5885459952314386,1,0.8301887630941875,0.5910795969130946,1,0.8301887630941875,0.6115645123442328,1,0.8301887630941875,0.6549755111595159,1,0.7688656747709637,0.611486575002638,0,1.0,0.6406956375529169,1,0.8301887630941875,0.6920361167735596,1,0.8301887630941875,0.6879846785097176,1,1.0,0.7694503024523897,1,-0.30069850249421565,-1.641776596358588
SPA_STAAU_Tsuboyama_2023_1LP1,30,2105,0.8301887630941875,0.5876533110763006,1,0.8301887630941875,0.5974967731847729,1,0.8301887630941875,0.6004285727814216,1,0.8301887630941875,0.6049060808902424,1,0.8301887630941875,0.6178229849938945,1,0.7729042393317329,0.6039902429446813,0,1.0,0.6517954993731473,1,0.8301887630941875,0.6766260473078265,1,1.0,0.6600214847833343,1,1.0,0.7437970882617734,1,-0.3723585261358642,-1.219042486601116
SPA_STAAU_Tsuboyama_2023_1LP1,40,2105,0.8301887630941875,0.6043029312026845,1,0.8301887630941875,0.6134864182665097,1,0.8301887630941875,0.6080598192493251,1,0.8301887630941875,0.6176238428053229,1,0.8301887630941875,0.6226610703567309,1,0.7949162386682099,0.6272915319323152,0,1.0,0.6609514634429234,1,0.8301887630941875,0.6595839736143859,1,1.0,0.6716552850701009,1,1.0,0.7257195700405735,1,-0.23259180625877263,-1.058175752035187
SPG1_STRSG_Olson_2014,10,536962,0.7464224496672567,0.6142153177521434,0,0.7464224496672567,0.6142153177521434,0,0.7528399803635383,0.6215715071676814,0,0.7528399803635383,0.6215715071676814,0,0.7734497700650091,0.6277421353144504,0,0.7445856381956091,0.6235344131874808,0,0.7464224496672567,0.6142153177521434,0,0.8411306777355068,0.7578305221758477,1,0.8411306777355068,0.7018580585408496,1,0.8420239149468809,0.7801659378756041,1,-1.1219027783480693,-1.0145861370902507
SPG1_STRSG_Olson_2014,20,536962,0.7734497700650091,0.6601488341212652,0,0.7734497700650091,0.6601488341212652,0,0.7734497700650091,0.6462310634847787,0,0.7734497700650091,0.6503597874121119,0,0.7734497700650091,0.6507612529105935,0,0.7541917451660989,0.6039333553572385,0,0.8420239149468809,0.6783318541173853,1,0.8411306777355068,0.7449142231163143,1,0.8411306777355068,0.7162897243351776,1,0.8420239149468809,0.7621788046939102,1,-0.9155332172508122,-0.7979364950832816
SPG1_STRSG_Olson_2014,30,536962,0.8411306777355068,0.6536865850666767,1,0.8411306777355068,0.6557542002160128,1,0.8411306777355068,0.6567511437698333,1,0.8411306777355068,0.6765914888246017,1,0.8411306777355068,0.6553774120465024,1,0.8420239149468809,0.6169897348739675,1,0.8420239149468809,0.6965539724227775,1,0.8411306777355068,0.716459210572521,1,0.8411306777355068,0.7239554316491247,1,0.8420239149468809,0.7535479900485025,1,-0.5532298181603146,-0.5614633964342224
SPG1_STRSG_Olson_2014,40,536962,0.8411306777355068,0.6629506049652275,1,0.8411306777355068,0.6649465394411659,1,0.8411306777355068,0.6718404064084005,1,0.8411306777355068,0.6551564896548561,1,0.8411306777355068,0.6549232328568466,1,0.8411306777355068,0.6770566315208715,1,0.8420239149468809,0.699528902115223,1,0.8411306777355068,0.7084719524460573,1,0.8420239149468809,0.7063394180839052,1,0.8420239149468809,0.746655173212809,1,-0.40521102118144436,-0.6366060349480374
SPG1_STRSG_Wu_2016,10,149360,0.25881175908309856,0.1864099476947161,1,0.25881175908309856,0.1864099476947161,1,0.25881175908309856,0.17617577769501255,1,0.25881175908309856,0.17617577769501258,1,0.25881175908309856,0.17617577769501258,1,0.4441310595795376,0.15352533054633358,1,0.25881175908309856,0.1864099476947161,1,0.5792421058033397,0.3416994089272533,1,0.5007717974174657,0.33994633791230466,1,0.5792421058033397,0.38016919446850767,1,-1.2222716745876798,-1.3492163626763602
SPG1_STRSG_Wu_2016,20,149360,0.4441310595795376,0.17692314196139527,1,0.2740530595637701,0.15832881228663487,1,0.2740530595637701,0.15832881228663487,1,0.5792421058033397,0.18064021036916467,1,0.5792421058033397,0.18214639426268397,1,0.5007717974174657,0.1517614402000928,1,0.4441310595795376,0.17692314196139527,1,0.5792421058033397,0.27442075853282505,1,0.38312886466775115,0.2170486923433387,1,0.5792421058033397,0.3079672346007779,1,-1.099054825703079,-1.163625247060891
SPG1_STRSG_Wu_2016,30,149360,0.5792421058033397,0.16309435982136777,1,0.5792421058033397,0.16309435982136777,1,0.5792421058033397,0.17188597596581132,1,0.5792421058033397,0.16879357246878224,1,0.5792421058033397,0.16879357246878224,1,0.4598358715380649,0.12636853774290197,1,0.5792421058033397,0.1807848342555933,1,0.5792421058033397,0.23013716145390092,1,0.5007717974174657,0.19643689148324975,1,0.5792421058033397,0.26824837355827436,1,-0.8777514066366474,-1.0555631392247806
SPG1_STRSG_Wu_2016,40,149360,0.5792421058033397,0.1584870317035184,1,0.5792421058033397,0.15901683643252057,1,0.5792421058033397,0.15901683643252057,1,0.5792421058033397,0.1673470463435449,1,0.5792421058033397,0.1611764320527475,1,0.5792421058033397,0.13070751231409594,1,0.5792421058033397,0.1914807087499761,1,0.5792421058033397,0.19167441463698437,1,0.5792421058033397,0.20429540115182354,1,0.5792421058033397,0.23679392909884972,1,-0.7290433008112605,-0.9142198500564541
SPG2_STRSG_Tsuboyama_2023_5UBS,10,1451,0.8184459952584879,0.736360442795878,0,0.8184459952584879,0.7316889385931387,0,0.8184459952584879,0.7316889385931387,0,0.8249315503755221,0.7359236321635864,0,0.8249315503755221,0.7297872722785701,0,0.8024355283441672,0.6922670444766306,0,0.8184459952584879,0.736360442795878,0,0.8265694118257181,0.797730106527554,0,0.8368667844981754,0.7908474137695984,0,0.8368667844981754,0.8158842760509392,0,-1.453383564377137,-0.9326056582124007
SPG2_STRSG_Tsuboyama_2023_5UBS,20,1451,0.8184459952584879,0.7236550245421258,0,0.8249315503755221,0.7371550669953586,0,0.8249315503755221,0.7362843760838351,0,0.8249315503755221,0.7323329261121203,0,0.8249315503755221,0.7315651674038657,0,0.8184459952584879,0.7328844100469001,0,0.8368667844981754,0.7395556085770202,0,0.8265694118257181,0.7660006706403416,0,0.8368667844981754,0.7762816518403653,0,0.8368667844981754,0.8032851898407398,0,-0.9589246089621252,-0.8074642049849292
SPG2_STRSG_Tsuboyama_2023_5UBS,30,1451,0.8249315503755221,0.7326639183073548,0,0.8249315503755221,0.7326331028706434,0,0.8249315503755221,0.7320682878283515,0,0.8249315503755221,0.7294850068267209,0,0.8265694118257181,0.7338155377627082,0,0.8249315503755221,0.7258834197262156,0,0.8368667844981754,0.7502265384715809,0,0.8265694118257181,0.755466616826524,0,0.8221159863688376,0.7544791962376841,0,0.8368667844981754,0.7897185924933585,0,-0.9035664118222976,-0.7248823403338307
SPG2_STRSG_Tsuboyama_2023_5UBS,40,1451,0.8249315503755221,0.7272069482748355,0,0.8249315503755221,0.727545766118439,0,0.8265694118257181,0.7300525160634715,0,0.8265694118257181,0.7301768981912267,0,0.8265694118257181,0.7275915860876985,0,0.8265694118257181,0.7223691945609334,0,0.8368667844981754,0.7514816460282974,0,0.8265694118257181,0.7457686081746432,0,0.8368667844981754,0.758903552811064,0,0.8368667844981754,0.7780404103356005,0,-0.7022170380096946,-0.630389504608963
SPIKE_SARS2_Starr_2020_binding,10,3802,0.9533073929961089,0.9299610894941636,0,0.9533073929961089,0.932295719844358,0,0.9533073929961089,0.9319066147859922,0,0.9533073929961089,0.9319066147859922,0,0.9533073929961089,0.930544747081712,0,0.943579766536965,0.8597276264591439,0,0.961089494163424,0.930933852140078,1,0.9669260700389105,0.9478599221789884,1,0.9533073929961089,0.9498054474708171,0,0.9669260700389105,0.9544747081712063,1,-1.5762048571253648,-0.5379484685309553
SPIKE_SARS2_Starr_2020_binding,20,3802,0.9533073929961089,0.9246108949416342,0,0.9533073929961089,0.9251945525291828,0,0.9533073929961089,0.9236381322957198,0,0.9533073929961089,0.9216926070038911,0,0.9533073929961089,0.9228599221789884,0,0.9513618677042801,0.8804474708171207,0,0.961089494163424,0.9374513618677044,1,0.9669260700389105,0.9432879377431906,1,0.9533073929961089,0.9440661478599223,0,0.9669260700389105,0.9512645914396888,1,-0.9576478894967466,-0.5860619986767757
SPIKE_SARS2_Starr_2020_binding,30,3802,0.9533073929961089,0.9249675745784696,0,0.9533073929961089,0.9239299610894941,0,0.9533073929961089,0.9228274967574579,0,0.9533073929961089,0.9223086900129702,0,0.9533073929961089,0.9241245136186771,0,0.9533073929961089,0.9166666666666667,0,0.961089494163424,0.938651102464332,1,0.9669260700389105,0.9394941634241245,1,0.9669260700389105,0.9404669260700389,1,0.9669260700389105,0.948443579766537,1,-0.8128812954198088,-0.43026365540969347
SPIKE_SARS2_Starr_2020_binding,40,3802,0.9533073929961089,0.919260700389105,0,0.9533073929961089,0.9123540856031128,0,0.9533073929961089,0.9156614785992219,0,0.9533073929961089,0.9145914396887159,0,0.9669260700389105,0.9139105058365758,1,0.9669260700389105,0.9204766536964981,1,0.961089494163424,0.936284046692607,1,0.9669260700389105,0.9329280155642025,1,0.9533073929961089,0.9374513618677044,0,0.9669260700389105,0.9461089494163424,1,-0.5852620416876575,-0.22637266283651072
SPIKE_SARS2_Starr_2020_expression,10,3798,0.8339920948616601,0.7887351778656125,0,0.8339920948616601,0.7887351778656125,0,0.8339920948616601,0.7845849802371541,0,0.8339920948616601,0.7845849802371541,0,0.8339920948616601,0.7841897233201581,0,0.8221343873517786,0.7869565217391304,0,0.8339920948616601,0.7887351778656125,0,0.932806324110672,0.8565217391304348,1,0.932806324110672,0.8162055335968379,1,0.932806324110672,0.8683794466403162,1,-1.627947679821073,-0.8409501434824982
SPIKE_SARS2_Starr_2020_expression,20,3798,0.932806324110672,0.8053359683794465,1,0.932806324110672,0.8025691699604742,1,0.932806324110672,0.8013833992094862,1,0.932806324110672,0.8013833992094862,1,0.932806324110672,0.7991106719367588,1,0.8992094861660079,0.7977272727272727,1,0.932806324110672,0.8151185770750988,1,0.932806324110672,0.8322134387351778,1,0.8992094861660079,0.8261857707509881,1,0.932806324110672,0.850691699604743,1,-1.4447822798817171,-0.49468822725448286
SPIKE_SARS2_Starr_2020_expression,30,3798,0.932806324110672,0.8038866930171278,1,0.932806324110672,0.8028326745718051,1,0.932806324110672,0.8001317523056652,1,0.932806324110672,0.8028985507246377,1,0.932806324110672,0.8014492753623188,1,0.8992094861660079,0.7808300395256916,1,0.932806324110672,0.816798418972332,1,0.932806324110672,0.8239789196310935,1,0.932806324110672,0.8216073781291172,1,0.932806324110672,0.8395915678524375,1,-0.9714246535801252,-0.4474316447920065
SPIKE_SARS2_Starr_2020_expression,40,3798,0.932806324110672,0.7929841897233201,1,0.932806324110672,0.7999505928853755,1,0.932806324110672,0.7994565217391304,1,0.932806324110672,0.7962450592885375,1,0.932806324110672,0.7976778656126481,1,0.932806324110672,0.7933794466403161,1,0.932806324110672,0.8162055335968379,1,0.932806324110672,0.8148715415019763,1,0.932806324110672,0.8186758893280631,1,0.932806324110672,0.8312252964426877,1,-0.5700624425468304,-0.20387903861135612
SPTN1_CHICK_Tsuboyama_2023_1TUD,10,3201,0.9631567705582237,0.8638861632960227,1,0.9631567705582237,0.8638861632960227,1,0.9488861593510294,0.8537765434668283,1,0.9488861593510294,0.849694436192442,1,0.9488861593510294,0.8491437923195295,1,0.8941944109397476,0.784953656108881,0,0.9631567705582237,0.8638861632960227,1,0.9631567705582237,0.914793117508932,1,0.9707993296269353,0.909948393319615,1,0.9707993296269353,0.9364951267786303,1,-1.519874402603561,-0.9643877147260459
SPTN1_CHICK_Tsuboyama_2023_1TUD,20,3201,0.9631567705582237,0.865058728007176,1,0.9631567705582237,0.8632081686030523,1,0.9631567705582237,0.8677017387028044,1,0.9631567705582237,0.8653422121448883,1,0.9488861593510294,0.8563488846230675,1,0.9035618187526525,0.8249797375040848,0,0.9707993296269353,0.8799368476914606,1,0.9631567705582237,0.8919741150491695,1,0.9707993296269353,0.896451677019934,1,0.9707993296269353,0.9143068430254526,1,-0.9434193787181231,-0.695251989240245
SPTN1_CHICK_Tsuboyama_2023_1TUD,30,3201,0.9631567705582237,0.8578690784235464,1,0.9631567705582237,0.8535393085914038,1,0.9631567705582237,0.8535393085914038,1,0.9631567705582237,0.8531011024179358,1,0.9631567705582237,0.8550909720152186,1,0.9707993296269353,0.8241732680271553,1,0.9707993296269353,0.8794664241901315,1,0.9631567705582237,0.8799228924871031,1,0.9631567705582237,0.8789107327621322,1,0.9707993296269353,0.9009930666612602,1,-0.7091442215075909,-0.6869533049713756
SPTN1_CHICK_Tsuboyama_2023_1TUD,40,3201,0.9631567705582237,0.8418713090089135,1,0.9631567705582237,0.8418713090089135,1,0.9631567705582237,0.842208440042023,1,0.9631567705582237,0.8477895420685988,1,0.9631567705582237,0.8433480566739107,1,0.9707993296269353,0.8514818126079626,1,0.9707993296269353,0.8715994420615153,1,0.9631567705582237,0.865154557449487,1,0.9631567705582237,0.8719193629271665,1,0.9707993296269353,0.8902565577908134,1,-0.4837451062875851,-0.6714213563803236
SQSTM_MOUSE_Tsuboyama_2023_2RRU,10,707,0.8782624203431136,0.8022574931159377,0,0.8832772216770822,0.8077315996281935,0,0.8832772216770822,0.8108754429925352,0,0.8832772216770822,0.8054923036167929,0,0.8832772216770822,0.7909899065405426,0,0.8371827558123736,0.7341495530350861,0,0.9117561694394586,0.8327145599375604,1,0.8832772216770822,0.8419480597440736,0,0.9117561694394586,0.8323482743014547,1,0.9117561694394586,0.8785168534698007,1,-1.1895696210541578,-0.7061569338998939
SQSTM_MOUSE_Tsuboyama_2023_2RRU,20,707,0.8832772216770822,0.7855187623590002,0,0.8832772216770822,0.7863559652740927,0,0.8832772216770822,0.7855340861309185,0,0.8832772216770822,0.7797222496717433,0,0.8832772216770822,0.7798546773251303,0,0.9051161072798778,0.7381377618975753,0,0.9117561694394586,0.8273812420170491,1,0.8832772216770822,0.8149797126970089,0,0.9117561694394586,0.8230901698595696,1,0.9117561694394586,0.8550660600294695,1,-0.6876687704042334,-0.7099346408530762
SQSTM_MOUSE_Tsuboyama_2023_2RRU,30,707,0.8832772216770822,0.7678476775526121,0,0.8832772216770822,0.7742462141647273,0,0.8832772216770822,0.7708932597307709,0,0.8832772216770822,0.770961143600242,0,0.8832772216770822,0.7702913475749743,0,0.9117561694394586,0.7520677360037332,1,0.9117561694394586,0.82058455138002,1,0.8832772216770822,0.8013426376602412,0,0.8900749088358215,0.8099364945902011,0,0.9117561694394586,0.8368089091338531,1,-0.5720338861486944,-0.5491719004144653
SQSTM_MOUSE_Tsuboyama_2023_2RRU,40,707,0.8832772216770822,0.7674016162541607,0,0.8832772216770822,0.7657042161393841,0,0.8832772216770822,0.7737120368583789,0,0.8832772216770822,0.7679015334853311,0,0.8832772216770822,0.7582395695467011,0,0.9051161072798778,0.7352122954064987,0,0.9117561694394586,0.807171440936218,1,0.8832772216770822,0.7849971058456516,0,0.9051161072798778,0.7955971916493884,0,0.9117561694394586,0.8241332201131417,1,-0.5537599044423548,-0.4656736868952287
SR43C_ARATH_Tsuboyama_2023_2N88,10,1583,0.9261628014680154,0.8079943732885184,1,0.9261628014680154,0.7935844388133718,1,0.9261628014680154,0.7964864130589601,1,0.9261628014680154,0.7964864130589601,1,0.9261628014680154,0.8004108319486242,1,0.9250119074990696,0.8048918451296507,1,0.9261628014680154,0.8079943732885184,1,0.9516487288661588,0.9033528547199436,1,0.9354020955839912,0.8921374054582063,1,0.9516487288661588,0.9191513673115886,1,-1.0955080100066785,-0.9543727797090892
SR43C_ARATH_Tsuboyama_2023_2N88,20,1583,0.9261628014680154,0.7976314946490916,1,0.9354020955839912,0.808509575425387,1,0.9354020955839912,0.8110270234687468,1,0.9354020955839912,0.8037259005685178,1,0.9261628014680154,0.795050202754673,1,0.9302059257283042,0.7944245141916519,1,0.9261628014680154,0.8158735436880508,1,0.9516487288661588,0.8788573245209911,1,0.9516487288661588,0.8558614447507669,1,0.9516487288661588,0.8925592295930769,1,-0.7935669492603231,-0.5807655053363268
SR43C_ARATH_Tsuboyama_2023_2N88,30,1583,0.9354020955839912,0.798169726568878,1,0.9354020955839912,0.799524541478339,1,0.9354020955839912,0.804513183328835,1,0.9354020955839912,0.8057035698662858,1,0.9354020955839912,0.8037848505372321,1,0.9354020955839912,0.8017404654852758,1,0.9354020955839912,0.830067744481389,1,0.9516487288661588,0.854142769032439,1,0.9354020955839912,0.840467287788609,1,0.9516487288661588,0.8777650388340937,1,-0.6505386506247635,-0.6587118639398535
SR43C_ARATH_Tsuboyama_2023_2N88,40,1583,0.9354020955839912,0.8016130203566817,1,0.9354020955839912,0.7998590929567999,1,0.9516487288661588,0.8047392886229612,1,0.9516487288661588,0.8055183750214238,1,0.9516487288661588,0.8079885957479979,1,0.9516487288661588,0.7826288031939429,1,0.9354020955839912,0.8215685120671277,1,0.9516487288661588,0.8400980512610609,1,0.9516487288661588,0.8295497839089854,1,0.9516487288661588,0.8643203515806588,1,-0.5294838126498138,-0.610240676162273
SRBS1_HUMAN_Tsuboyama_2023_2O2W,10,1556,0.8592508752755281,0.8157956110239705,0,0.8592508752755281,0.8157956110239705,0,0.8564453059553107,0.8111660361635822,0,0.8564453059553107,0.8063609214594677,0,0.8597726623353672,0.8066936570974732,0,0.8809345458646476,0.8218229450449429,0,0.9041308713693492,0.8298986024208375,0,0.9243159392262084,0.8593256968130999,1,0.9041308713693492,0.8531367979978803,0,0.9243159392262084,0.8772912752178097,1,-0.8217546410634907,-0.7613646697331152
SRBS1_HUMAN_Tsuboyama_2023_2O2W,20,1556,0.8731451706994955,0.8191292760184794,0,0.8731451706994955,0.8183623576285649,0,0.8731451706994955,0.8168515116122186,0,0.8731451706994955,0.8156466416593043,0,0.8597726623353672,0.8092762493967159,0,0.8517389848899004,0.7938624599325941,0,0.9041308713693492,0.8381240437375391,0,0.9243159392262084,0.8426410582034006,1,0.9041308713693492,0.8497833037262204,0,0.9243159392262084,0.8628528443404281,1,-0.6479069695325206,-0.5439893851568922
SRBS1_HUMAN_Tsuboyama_2023_2O2W,30,1556,0.8809345458646476,0.8145643048906344,0,0.8809345458646476,0.8136262218912268,0,0.8809345458646476,0.8122888658989403,0,0.8809345458646476,0.8123550635106577,0,0.8731451706994955,0.8062204759014112,0,0.9243159392262084,0.7983514013337627,1,0.9041308713693492,0.8347494744918947,0,0.9243159392262084,0.8340059912719743,1,0.9243159392262084,0.8418592195082586,1,0.9243159392262084,0.8513674429093241,1,-0.518362315982374,-0.4439640761413428
SRBS1_HUMAN_Tsuboyama_2023_2O2W,40,1556,0.8809345458646476,0.8101014555560594,0,0.8809345458646476,0.8095775604312111,0,0.8809345458646476,0.8108910399260711,0,0.8809345458646476,0.8083267674212511,0,0.8809345458646476,0.8001301853358743,0,0.9041308713693492,0.8102440304392574,0,0.9041308713693492,0.8282528970858402,0,0.9243159392262084,0.8267343306985223,1,0.8874135048160606,0.8303496144685538,0,0.9243159392262084,0.8430981517904858,1,-0.37864500763511005,-0.5217370434755013
SRC_HUMAN_Ahler_2019,10,3372,0.3551810095370563,0.29929925869560037,0,0.3551810095370563,0.29929925869560037,0,0.3551810095370563,0.29929925869560037,0,0.3551810095370563,0.29392220116927564,0,0.3551810095370563,0.29392220116927564,0,0.41562156634181485,0.3183459064816116,0,0.3551810095370563,0.29929925869560037,0,0.4760725430733645,0.3656797646910991,0,0.4760725430733645,0.37170655002231634,0,0.4760725430733645,0.40834503023974966,0,-1.2560591208529857,-1.3161899919447257
SRC_HUMAN_Ahler_2019,20,3372,0.41562156634181485,0.2915224725733479,0,0.3626705815161047,0.28986275648809917,0,0.3626705815161047,0.28416059501938407,0,0.3626705815161047,0.2945837718071418,0,0.3626705815161047,0.295225318021134,0,0.4008121147473257,0.28579784912426903,0,0.4525023619546932,0.32010699856494984,0,0.4760725430733645,0.33415287720837855,0,0.4760725430733645,0.35085268371051975,0,0.4760725430733645,0.3815009650623289,0,-0.9493867562878474,-0.8554009646233154
SRC_HUMAN_Ahler_2019,30,3372,0.43995093913981137,0.29776458500340314,0,0.43995093913981137,0.29776458500340314,0,0.43995093913981137,0.3006040524861469,0,0.39687562779641006,0.29614104633252525,0,0.37557948981929,0.2997491524296991,0,0.4525023619546932,0.2892556080112785,0,0.4525023619546932,0.32569136903598034,0,0.4760725430733645,0.32860896363519804,0,0.4760725430733645,0.33393567760330134,0,0.4760725430733645,0.3632885311129786,0,-0.7704158612697171,-0.6651213083375939
SRC_HUMAN_Ahler_2019,40,3372,0.43995093913981137,0.2958445872978355,0,0.43995093913981137,0.2968315557149503,0,0.43995093913981137,0.2967711802518568,0,0.43995093913981137,0.29419159093338454,0,0.39687562779641006,0.2890590994951776,0,0.4760725430733645,0.30541108977256093,0,0.4525023619546932,0.32231882076856855,0,0.4760725430733645,0.32040880421940454,0,0.43995093913981137,0.3243945926745929,0,0.4760725430733645,0.3505687473919291,0,-0.6060315119201719,-0.4692008366008288
SRC_HUMAN_Chakraborty_2023_binding-DAS_25uM,10,3637,0.39143665865900984,0.3634170907277424,0,0.3943092408418364,0.36377171297216837,0,0.42573599489565916,0.37409023217964615,0,0.42573599489565916,0.37409023217964615,0,0.4295394833220361,0.3782859515362426,0,0.4086433798741231,0.3758491211082009,0,0.39143665865900984,0.3634170907277424,0,0.6543859765263667,0.4553144233211661,0,0.6543859765263667,0.4410582958938449,0,0.6543859765263667,0.4893112264508064,0,-0.9417236078826816,-1.434006188124705
SRC_HUMAN_Chakraborty_2023_binding-DAS_25uM,20,3637,0.47252113267467444,0.3779920453622586,0,0.47252113267467444,0.37752996452838866,0,0.47252113267467444,0.3781537008779699,0,0.47252113267467444,0.37639511691953165,0,0.4388999607706002,0.3786152636073314,0,0.47364168595669215,0.3717399579079975,0,0.5601537911615975,0.39217723228319995,0,0.6543859765263667,0.42624040862047663,0,0.6543859765263667,0.40711636193470196,0,0.6543859765263667,0.4572091277482662,0,-0.8575479389562097,-1.1216174890595942
SRC_HUMAN_Chakraborty_2023_binding-DAS_25uM,30,3637,0.47252113267467444,0.37993167941898154,0,0.47252113267467444,0.37795630479262066,0,0.47252113267467444,0.37946695176070766,0,0.47252113267467444,0.38368165046473013,0,0.47252113267467444,0.38160308622422906,0,0.5601537911615975,0.38369223623888393,0,0.5601537911615975,0.4045096381216221,0,0.6543859765263667,0.41008693778824556,0,0.6543859765263667,0.41781913650351094,0,0.6543859765263667,0.4395096306018843,0,-0.5470265086623587,-0.5874903256264339
SRC_HUMAN_Chakraborty_2023_binding-DAS_25uM,40,3637,0.47252113267467444,0.38136351810693714,0,0.47252113267467444,0.38094170991711873,0,0.47252113267467444,0.3814651221612926,0,0.47252113267467444,0.3814378953566638,0,0.47252113267467444,0.3849201759012971,0,0.6543859765263667,0.38743885548831214,0,0.5601537911615975,0.40287831266020196,0,0.6543859765263667,0.40449697070331725,0,0.6543859765263667,0.4063550677299269,0,0.6543859765263667,0.42754092875932675,0,-0.5680087655711382,-0.4366859180979101
SRC_HUMAN_Nguyen_2022,10,3366,0.5746254850470683,0.4358494169401195,0,0.5746254850470683,0.43592596883220763,0,0.5746254850470683,0.4467324416886086,0,0.5746254850470683,0.4467324416886086,0,0.5746254850470683,0.4467324416886086,0,0.46378163455078214,0.403020356828044,0,0.5851772153534469,0.45734783779678634,0,0.5746254850470683,0.48646845327704213,0,0.5746254850470683,0.47904934025463686,0,0.5851772153534469,0.5117649507070027,0,-1.1220209643153143,-1.2605691704677096
SRC_HUMAN_Nguyen_2022,20,3366,0.5746254850470683,0.42307368127404366,0,0.5746254850470683,0.42323569704738756,0,0.5746254850470683,0.4212691683787067,0,0.5746254850470683,0.4263466800633353,0,0.5746254850470683,0.4241194390402139,0,0.4579704272043169,0.39483476955667784,0,0.5851772153534469,0.447346816665278,0,0.5746254850470683,0.45937113357024983,0,0.5746254850470683,0.4538435313223055,0,0.5851772153534469,0.4821738458359008,0,-0.7831037426743855,-1.0382068197135699
SRC_HUMAN_Nguyen_2022,30,3366,0.5746254850470683,0.41247760791047006,0,0.5746254850470683,0.41568421051505117,0,0.5746254850470683,0.41815810690949945,0,0.5746254850470683,0.41892084560412607,0,0.5746254850470683,0.42012953514657914,0,0.5345146407247053,0.4053686764380941,0,0.5851772153534469,0.44125185556600216,0,0.5746254850470683,0.4443923704104418,0,0.5851772153534469,0.4440134177462793,0,0.5851772153534469,0.4672686233837636,0,-0.4963772207795017,-0.8953420573425084
SRC_HUMAN_Nguyen_2022,40,3366,0.5746254850470683,0.409209962911378,0,0.5746254850470683,0.409313806702234,0,0.5746254850470683,0.40904720470394484,0,0.5746254850470683,0.4083666807440389,0,0.5746254850470683,0.4095917511977642,0,0.5851772153534469,0.4193689486837943,0,0.5851772153534469,0.4359853945939991,0,0.5746254850470683,0.4283460916863015,0,0.5851772153534469,0.42907861114886703,0,0.5851772153534469,0.4568740295557294,0,-0.32624848122077366,-0.7029915058185544
SUMO1_HUMAN_Weile_2017,10,1700,0.6471745358352563,0.57593752072268,0,0.6471745358352563,0.5690990075030491,0,0.6221139212513485,0.5665929460446583,0,0.6221139212513485,0.5665929460446584,0,0.5898640300879866,0.5426622823824644,0,0.6912497475591322,0.5697981605733046,0,0.6471745358352563,0.57593752072268,0,0.73450079051423,0.6744436187733142,0,0.7154355759188753,0.6669781143485689,0,0.7388482212757516,0.7026947501009885,0,-1.1586717027546947,-0.8810331710975767
SUMO1_HUMAN_Weile_2017,20,1700,0.6775507022963088,0.57694233116367,0,0.6775507022963088,0.5688484383023993,0,0.6775507022963088,0.5742214270206301,0,0.6775507022963088,0.5724645840610814,0,0.6775507022963088,0.5676993088721923,0,0.6512422253149128,0.5784677321573203,0,0.7388482212757516,0.5983978137905517,0,0.73450079051423,0.6427976034884906,0,0.7388482212757516,0.6414143394966153,0,0.7388482212757516,0.6786664757650441,0,-0.919290070891211,-0.5402883272565203
SUMO1_HUMAN_Weile_2017,30,1700,0.6775507022963088,0.5750313278684194,0,0.6775507022963088,0.5717456757112702,0,0.6775507022963088,0.5717456757112702,0,0.6902193314812433,0.5785624579368199,0,0.73450079051423,0.5842155821989194,0,0.73450079051423,0.5896927610552903,0,0.7388482212757516,0.6137475114598943,0,0.73450079051423,0.6187550677797878,0,0.7388482212757516,0.6226427649448806,0,0.7388482212757516,0.6619520862681314,0,-0.6921784224640135,-0.5228883713317842
SUMO1_HUMAN_Weile_2017,40,1700,0.6775507022963088,0.5752020934226767,0,0.6902193314812433,0.5792469977931404,0,0.73450079051423,0.5830744646676541,0,0.73450079051423,0.5832366700385386,0,0.73450079051423,0.5842096203570388,0,0.7005663949489354,0.5822278824913866,0,0.7388482212757516,0.6115882344772653,0,0.73450079051423,0.6089831073429559,0,0.73450079051423,0.6199190366085886,0,0.7388482212757516,0.6494417642156847,0,-0.5292392806784108,-0.44055442266970213
SYUA_HUMAN_Newberry_2020,10,2497,0.8096516345113429,0.7514718654755992,0,0.8096516345113429,0.7686352424536469,0,0.8096516345113429,0.7358001352189367,0,0.8096516345113429,0.734846794108837,0,0.8096516345113429,0.734846794108837,0,0.826581636946097,0.7722053457429817,0,0.9372574068204627,0.7974078190614993,1,0.8383683467086146,0.8152214205090386,0,0.9372574068204627,0.8327234380757458,1,0.9372574068204627,0.8377781484777906,1,-0.7266353355130871,-1.2162349218067743
SYUA_HUMAN_Newberry_2020,20,2497,0.8096516345113429,0.7426147885509914,0,0.8096516345113429,0.7392519531808144,0,0.8096516345113429,0.7392684886031781,0,0.8096516345113429,0.7519281455359734,0,0.8291804162276534,0.7559471699844726,0,0.9372574068204627,0.7369342933898947,1,0.9372574068204627,0.7974869879394016,1,0.8383683467086146,0.7952849008407041,0,0.9372574068204627,0.7972001417342468,1,0.9372574068204627,0.8246288855829778,1,-0.9496615861359615,-0.7150107300861769
SYUA_HUMAN_Newberry_2020,30,2497,0.8291804162276534,0.7514713958320746,0,0.8291804162276534,0.7514713958320746,0,0.8291804162276534,0.7517409593844123,0,0.8291804162276534,0.7520936636950457,0,0.8291804162276534,0.7586318166185965,0,0.8383683467086146,0.7587921358531363,0,0.9372574068204627,0.7803382484570923,1,0.8383683467086146,0.7932798354289087,0,0.9372574068204627,0.7936471656993942,1,0.9372574068204627,0.8176935468970187,1,-0.7217699560394857,-0.7641950848543886
SYUA_HUMAN_Newberry_2020,40,2497,0.9372574068204627,0.7565238109017288,1,0.9372574068204627,0.7592586306519797,1,0.8291804162276534,0.7537956227123893,0,0.8291804162276534,0.756005793542088,0,0.8291804162276534,0.759489893174953,0,0.8383683467086146,0.7557047461487582,0,0.9372574068204627,0.7827410559046748,1,0.8383683467086146,0.7847894944966337,0,0.8380033740078983,0.7746425274412393,0,0.9372574068204627,0.8110237193280291,1,-0.37254340124593366,-0.6095098143762403
TADBP_HUMAN_Bolognesi_2019,10,1196,0.508736426594188,0.42731235184601224,0,0.508736426594188,0.4297800227064053,0,0.46136138958192596,0.42504251900517914,0,0.44850620402217417,0.4237570004492039,0,0.47388550981942057,0.4294862121213733,0,0.5198656289122981,0.4464257832299893,0,0.5336813199564125,0.4633341486735495,0,0.5505549683192255,0.48948089238972187,0,0.5198656289122981,0.47623686455949704,0,0.5505549683192255,0.5112083948275248,0,-1.2269625893046832,-1.1678133521667478
TADBP_HUMAN_Bolognesi_2019,20,1196,0.508736426594188,0.43498763746809244,0,0.508736426594188,0.4288562742861189,0,0.508736426594188,0.43570236597041534,0,0.508736426594188,0.4396934470175834,0,0.508736426594188,0.43680913214596084,0,0.49977366650433486,0.4328518066369089,0,0.5336813199564125,0.4597939275575213,0,0.5505549683192255,0.46898517538985274,0,0.5336813199564125,0.4650581932276349,0,0.5505549683192255,0.4932727822203167,0,-0.886496513016176,-0.7602977782935856
TADBP_HUMAN_Bolognesi_2019,30,1196,0.508736426594188,0.42836360118723915,0,0.508736426594188,0.43443088392019835,0,0.508736426594188,0.43358283011300464,0,0.508736426594188,0.43175576767864376,0,0.508736426594188,0.42624950276516,0,0.5336813199564125,0.43211178467610567,0,0.5336813199564125,0.4589226021184606,0,0.5505549683192255,0.45969428662005785,0,0.5505549683192255,0.4578450547637976,0,0.5505549683192255,0.48167635855286683,0,-0.5550187795293718,-0.5616964683631421
TADBP_HUMAN_Bolognesi_2019,40,1196,0.508736426594188,0.4300872265052603,0,0.508736426594188,0.4336461677216868,0,0.508736426594188,0.4329452110136387,0,0.508736426594188,0.4309427055310632,0,0.508736426594188,0.43159445075245034,0,0.5198656289122981,0.4384024219471973,0,0.5336813199564125,0.4531170845164559,0,0.5505549683192255,0.4526634532145809,0,0.508736426594188,0.4476195484626689,0,0.5505549683192255,0.47355725471769083,0,-0.4095737754641929,-0.5481856909647669
TAT_HV1BR_Fernandes_2016,10,1577,0.48299575360211777,0.38047060131898897,0,0.48299575360211777,0.37208309049037275,0,0.48299575360211777,0.38211902112711443,0,0.48299575360211777,0.3933324481368103,0,0.48299575360211777,0.3942027890106935,0,0.7988825320476399,0.38544738260714106,1,0.7988825320476399,0.478836636831317,1,0.7443303829678347,0.497010619903532,1,0.5363430077055098,0.4581453540117235,0,0.7988825320476399,0.5512465621892081,1,-0.7642502358846408,-0.8816631928832014
TAT_HV1BR_Fernandes_2016,20,1577,0.48299575360211777,0.3694766349728462,0,0.48299575360211777,0.37026614495331356,0,0.48299575360211777,0.3647997648686241,0,0.5251641603101688,0.3653744651398657,0,0.5251641603101688,0.36882038452202226,0,0.4685397562072099,0.3601359575382302,0,0.7988825320476399,0.42851351135946164,1,0.7443303829678347,0.443631387331088,1,0.7988825320476399,0.4579418984393662,1,0.7988825320476399,0.48845923265362556,1,-0.5770231220092871,-0.828827018887577
TAT_HV1BR_Fernandes_2016,30,1577,0.7988825320476399,0.38362971429282133,1,0.48299575360211777,0.36452533749155464,0,0.5251641603101688,0.36656050786137095,0,0.5251641603101688,0.36627259278945745,0,0.5251641603101688,0.36249741031764643,0,0.48299575360211777,0.357459574034422,0,0.7988825320476399,0.40884431705099417,1,0.7443303829678347,0.4207092920964785,1,0.7443303829678347,0.4120582440327819,1,0.7988825320476399,0.4566175551585078,1,-0.39063969551765193,-0.5136999651820532
TAT_HV1BR_Fernandes_2016,40,1577,0.7988825320476399,0.3770569866058413,1,0.7988825320476399,0.3762011687761705,1,0.5251641603101688,0.36419895195928936,0,0.5251641603101688,0.3624798473056826,0,0.7443303829678347,0.37514053326899877,1,0.5363430077055098,0.36055627964275816,0,0.7988825320476399,0.39735618499272585,1,0.7988825320476399,0.4199611158978588,1,0.7988825320476399,0.40071785520473313,1,0.7988825320476399,0.43785652295440824,1,-0.40019689152322097,-0.4879872039156599
TCRG1_MOUSE_Tsuboyama_2023_1E0L,10,1058,0.8582978249896199,0.813156102195088,0,0.8546957157830601,0.7981989088883865,0,0.8546957157830601,0.7961159122056242,0,0.8546957157830601,0.7961159122056242,0,0.8546957157830601,0.7936857970075378,0,0.8870032765449501,0.761476751382212,0,0.9858683414432767,0.8589070966009714,1,0.8832727625161234,0.8419431120964413,0,0.9858683414432767,0.860908566514177,1,0.9858683414432767,0.8968451526900114,1,-1.1057856407978202,-0.9522030664071996
TCRG1_MOUSE_Tsuboyama_2023_1E0L,20,1058,0.8582978249896199,0.7943130377991559,0,0.8582978249896199,0.7952006467216813,0,0.8582978249896199,0.7939436619819684,0,0.8582978249896199,0.7863032033500006,0,0.8546957157830601,0.7825492769835809,0,0.9109178194220351,0.7855817543174503,0,0.9858683414432767,0.8452918644027125,1,0.8832727625161234,0.8148119396026611,0,0.8832727625161234,0.8148384711785939,0,0.9858683414432767,0.8695810315134784,1,-0.6099456339118291,-0.8447906767794968
TCRG1_MOUSE_Tsuboyama_2023_1E0L,30,1058,0.9858683414432767,0.792549225245147,1,0.8582978249896199,0.7830604913749049,0,0.8582978249896199,0.7833776749107801,0,0.8582978249896199,0.7841988492638347,0,0.8582978249896199,0.7767834130576837,0,0.9858683414432767,0.7757214054879364,1,0.9858683414432767,0.8310808818902305,1,0.9858683414432767,0.8080820199938982,1,0.9858683414432767,0.8207838294533841,1,0.9858683414432767,0.8461124611000065,1,-0.5444017007511278,-0.4669482489938239
TCRG1_MOUSE_Tsuboyama_2023_1E0L,40,1058,0.9858683414432767,0.7879929830925784,1,0.9858683414432767,0.7859183384071966,1,0.8582978249896199,0.7768195231348407,0,0.8582978249896199,0.7743566381735868,0,0.8582978249896199,0.773026629932504,0,0.9228451795410879,0.772324979451438,0,0.9858683414432767,0.8173686557032358,1,0.9858683414432767,0.800039319191295,1,0.9858683414432767,0.8102028466387365,1,0.9858683414432767,0.829468176532936,1,-0.41118424831435724,-0.4318664727681832
THO1_YEAST_Tsuboyama_2023_2WQG,10,1279,0.994429774007875,0.7828493706008108,1,0.994429774007875,0.7828493706008108,1,0.994429774007875,0.7828493706008108,1,0.994429774007875,0.8046995900398028,1,0.994429774007875,0.8102307379543147,1,0.8069504590540588,0.6056035416372135,0,0.994429774007875,0.7828493706008108,1,1.0,0.8722470564501513,1,0.994429774007875,0.8393355839211865,1,1.0,0.9225102054090651,1,-0.4963728939765243,-1.252036429668536
THO1_YEAST_Tsuboyama_2023_2WQG,20,1279,0.994429774007875,0.7857407157609999,1,0.994429774007875,0.7711198457143947,1,0.994429774007875,0.7711198457143947,1,0.994429774007875,0.7560990602054118,1,0.994429774007875,0.7584067626972467,1,1.0,0.7214083311850199,1,0.994429774007875,0.8046290682234744,1,1.0,0.8231848497551715,1,0.994429774007875,0.811191246733395,1,1.0,0.8635704243075382,1,-0.399635639728864,-0.7835032301401491
THO1_YEAST_Tsuboyama_2023_2WQG,30,1279,1.0,0.7372599366857796,1,1.0,0.7674342137183078,1,1.0,0.7546407961518025,1,1.0,0.7460899485776289,1,1.0,0.7403465365887362,1,0.9674207517228433,0.7172112763445213,1,0.994429774007875,0.7897580954366396,1,1.0,0.7818122152051846,1,1.0,0.8024115862867771,1,1.0,0.8281004666109393,1,0.2173740806546403,-0.7792023336883145
THO1_YEAST_Tsuboyama_2023_2WQG,40,1279,1.0,0.7248203262136111,1,1.0,0.7194213206864571,1,1.0,0.7366745150682578,1,1.0,0.738637061139788,1,1.0,0.7237337278101886,1,1.0,0.7083244327747895,1,1.0,0.7762953568770868,1,1.0,0.7553865815777563,1,1.0,0.7652756958368669,1,1.0,0.801968184972415,1,0.03802026858048682,-0.65130009976777
TNKS2_HUMAN_Tsuboyama_2023_5JRT,10,1479,0.8879702966802848,0.8304313929913365,0,0.8879702966802848,0.8333673059849,0,0.8879702966802848,0.8333673059849,0,0.9057175267746453,0.8436190439964938,0,0.9057175267746453,0.8406099293909159,0,0.9365216442282157,0.8315921198284641,0,0.9365216442282157,0.8524100379138888,0,0.9060846868430144,0.8968174779842536,0,0.9057175267746453,0.8821638518697836,0,0.9365216442282157,0.9028283008777709,0,-0.8765294101454586,-1.049631762939546
TNKS2_HUMAN_Tsuboyama_2023_5JRT,20,1479,0.9365216442282157,0.833259837023637,0,0.9057175267746453,0.8331385750706917,0,0.9057175267746453,0.8373991041397608,0,0.9057175267746453,0.8374128119506821,0,0.9057175267746453,0.841538875387657,0,0.9365216442282157,0.8200207284346218,0,0.9365216442282157,0.8487968759124759,0,0.9060846868430144,0.8804488155475172,0,0.9365216442282157,0.8718285291977035,0,0.9365216442282157,0.8900707698351698,0,-0.6306208114637172,-0.6664511871052737
TNKS2_HUMAN_Tsuboyama_2023_5JRT,30,1479,0.9365216442282157,0.840620086841189,0,0.9365216442282157,0.8442875097508531,0,0.9057175267746453,0.8365270057038858,0,0.9057175267746453,0.8417478269561771,0,0.9057175267746453,0.8340307646930004,0,0.9029779554264109,0.8128453077198061,0,0.9365216442282157,0.8540026835308384,0,0.9060846868430144,0.8616668464580396,0,0.9365216442282157,0.8567374182923339,0,0.9365216442282157,0.8796664815819596,0,-0.5400693574105359,-0.4937452764436029
TNKS2_HUMAN_Tsuboyama_2023_5JRT,40,1479,0.9365216442282157,0.8468897612027353,0,0.9365216442282157,0.8433846968106113,0,0.9365216442282157,0.8413313344425482,0,0.9057175267746453,0.8360110758797543,0,0.9060846868430144,0.8399534302820143,0,0.9365216442282157,0.826894580719868,0,0.9365216442282157,0.8531807006534967,0,0.9365216442282157,0.8556304629279425,0,0.9365216442282157,0.8503715972276494,0,0.9365216442282157,0.8703649852077615,0,-0.5400693574105359,-0.3186208120370844
TPK1_HUMAN_Weile_2017,10,3181,0.5712937461568018,0.4882473069218744,0,0.5712937461568018,0.4882473069218744,0,0.5712937461568018,0.4882473069218744,0,0.5712937461568018,0.4882473069218744,0,0.566496450883144,0.4766191727676263,0,0.7992497014970138,0.5319038056580557,0,0.5712937461568018,0.4882473069218744,0,0.8023750165464962,0.6379862513030436,0,0.8023750165464962,0.655421145100352,0,0.8023750165464962,0.7300368489148571,0,-1.3147159952757488,-0.9950582682418725
TPK1_HUMAN_Weile_2017,20,3181,0.7117482637801541,0.5313050935344873,0,0.6568508490684154,0.5199371953279378,0,0.6568508490684154,0.5158505442474861,0,0.7168869889010947,0.5093010026743778,0,0.7168869889010947,0.5093010026743778,0,0.7168869889010947,0.5290688740211791,0,0.8015771211474105,0.5735115647269653,0,0.8023750165464962,0.6098666275595424,0,0.8023750165464962,0.6010050656060563,0,0.8023750165464962,0.6858497820006794,0,-1.1223636672584534,-0.36137390195573765
TPK1_HUMAN_Weile_2017,30,3181,0.7117482637801541,0.5166739392636753,0,0.7168869889010947,0.5276486419735252,0,0.7168869889010947,0.5153394309233852,0,0.7168869889010947,0.522481088718522,0,0.8023750165464962,0.5302095134413036,0,0.7168869889010947,0.5075330772430243,0,0.8015771211474105,0.5937983404959284,0,0.8023750165464962,0.589039359155235,0,0.8015771211474105,0.6115574585590001,0,0.8023750165464962,0.6563086439300778,0,-0.6445754785313059,-0.41226965852462827
TPK1_HUMAN_Weile_2017,40,3181,0.7168869889010947,0.505529621119496,0,0.8023750165464962,0.5168991579471914,0,0.8023750165464962,0.5214479938269406,0,0.8023750165464962,0.5223236562184935,0,0.8023750165464962,0.5156212281115281,0,0.7117482637801541,0.4953029349179958,0,0.8015771211474105,0.5818200035537117,0,0.8023750165464962,0.5664673156570906,0,0.8023750165464962,0.5942302246351706,0,0.8023750165464962,0.6329991726110082,0,-0.511088666623463,-0.2842602918000983
TPMT_HUMAN_Matreyek_2018,10,3648,0.6697080183301296,0.5596941389001195,0,0.6697080183301296,0.5596941389001195,0,0.8137227617611832,0.5713929027353761,1,0.8137227617611832,0.5760909639936509,1,0.8137227617611832,0.5760909639936509,1,0.8696000560321856,0.6325069739883526,1,0.8696000560321856,0.6645205962039732,1,0.8137227617611832,0.7069137735940959,1,0.7298638432389571,0.6582751856395591,0,0.8696000560321856,0.7515725100688913,1,-0.41960163144895085,-0.6868480037301958
TPMT_HUMAN_Matreyek_2018,20,3648,0.7518261313592534,0.5459775204728382,0,0.8137227617611832,0.5562957600055005,1,0.8137227617611832,0.5459626638245108,1,0.8137227617611832,0.5538261219900639,1,0.8137227617611832,0.5550668123047431,1,0.8137227617611832,0.5911271200161836,1,0.8696000560321856,0.6356239970907884,1,0.8137227617611832,0.6674444541155723,1,0.8137227617611832,0.6653565656794083,1,0.8696000560321856,0.7144364536620738,1,-0.504510301560021,-0.43595177248945916
TPMT_HUMAN_Matreyek_2018,30,3648,0.8137227617611832,0.5766951355353541,1,0.8137227617611832,0.5766540182115018,1,0.8137227617611832,0.5724902917303333,1,0.8137227617611832,0.5689725207477722,1,0.8137227617611832,0.5694094091315781,1,0.7518261313592534,0.5983890416098688,0,0.8696000560321856,0.6252650527684704,1,0.8137227617611832,0.6479768906201252,1,0.7895412808212903,0.6400850567942857,1,0.8696000560321856,0.6917710937495889,1,-0.5236491879541523,-0.5113982637449667
TPMT_HUMAN_Matreyek_2018,40,3648,0.8137227617611832,0.5851345505704179,1,0.8137227617611832,0.5860520349409049,1,0.8137227617611832,0.5850986478756206,1,0.8137227617611832,0.5843168961346021,1,0.8137227617611832,0.5727776964545764,1,0.7895412808212903,0.5809819240889312,1,0.8696000560321856,0.6190700214105883,1,0.8137227617611832,0.637686786030258,1,0.8137227617611832,0.6362980976108569,1,0.8696000560321856,0.6750003750869661,1,-0.355937470563706,-0.48043668710528226
TPOR_HUMAN_Bridgford_2020,10,562,0.9085620052972746,0.5154024389317939,0,0.9085620052972746,0.4947550371394397,0,0.9085620052972746,0.5021907407848013,0,0.9085620052972746,0.4871283925822089,0,0.9085620052972746,0.4871283925822089,0,0.9479006490787205,0.5526699684973342,1,0.9085620052972746,0.5154024389317939,0,1.0,0.8876983379725571,1,1.0,0.664395595595469,1,1.0,0.9222713790710971,1,-1.330530918817397,-1.4876150464137898
TPOR_HUMAN_Bridgford_2020,20,562,1.0,0.5522137505078845,1,1.0,0.5522137505078845,1,1.0,0.5442471141941321,1,0.9479006490787205,0.5364332037125922,1,0.9085620052972746,0.5317878075142453,0,0.9241844885171876,0.5757767335921312,0,1.0,0.5718824406223031,1,1.0,0.7915176952124836,1,1.0,0.7306333639051144,1,1.0,0.8583404128824632,1,-1.2711397041816017,-0.9322974695671701
TPOR_HUMAN_Bridgford_2020,30,562,1.0,0.5773156192077016,1,1.0,0.5773156192077016,1,1.0,0.582572753388226,1,1.0,0.5795870939254192,1,1.0,0.5823362807603016,1,0.9241844885171876,0.6104218783991239,0,1.0,0.631415572414911,1,1.0,0.7005054073833544,1,1.0,0.7427874024303014,1,1.0,0.8126000600368022,1,-1.1252053283178127,-0.8646023677953261
TPOR_HUMAN_Bridgford_2020,40,562,1.0,0.5752213645024056,1,1.0,0.5769809700013891,1,1.0,0.5726254957275971,1,1.0,0.5710891248789277,1,1.0,0.5519147577052921,1,0.9479006490787205,0.5542778933158758,1,1.0,0.6467066610764322,1,1.0,0.6578413437586752,1,1.0,0.680365589977522,1,1.0,0.7735109010404253,1,-0.9098952473589407,-0.732536952157725
TRPC_SACS2_Chan_2017,10,1519,0.9282150308870796,0.8698391793387887,1,0.9282150308870796,0.8698391793387887,1,0.9282150308870796,0.8698391793387887,1,0.9282150308870796,0.8698391793387887,1,0.9282150308870796,0.8738319530264199,1,0.911831853195877,0.8032292327199102,1,0.9282150308870796,0.8698391793387887,1,0.9285440523893279,0.9082860690689781,1,0.9285440523893279,0.888083048509988,1,0.9285440523893279,0.9131017664668893,1,-0.8681356156476383,-1.2144819176291766
TRPC_SACS2_Chan_2017,20,1519,0.9282150308870796,0.8533222426892804,1,0.9282150308870796,0.8537792942286776,1,0.9282150308870796,0.8550277779489431,1,0.9282150308870796,0.8562441705800716,1,0.9282150308870796,0.853310657127866,1,0.9282150308870796,0.8285444239308947,1,0.9282150308870796,0.8743954983623479,1,0.9285440523893279,0.8806061584882823,1,0.9282150308870796,0.8760496823068614,1,0.9285440523893279,0.8939276950898949,1,-0.16541714778560532,-0.8647602617490112
TRPC_SACS2_Chan_2017,30,1519,0.9285440523893279,0.8498686224183508,1,0.9285440523893279,0.8491842782176834,1,0.9285440523893279,0.8317718927252714,1,0.9285440523893279,0.8333455443631743,1,0.9282150308870796,0.8346107158885119,1,0.8897808114400457,0.7963905119406589,1,0.9285440523893279,0.8647773659354667,1,0.9285440523893279,0.866150258088301,1,0.9285440523893279,0.8676939969290907,1,0.9285440523893279,0.8828234698181966,1,0.16110906139812703,-0.7662652628681385
TRPC_SACS2_Chan_2017,40,1519,0.9285440523893279,0.8346436384490357,1,0.9285440523893279,0.8332062402807557,1,0.9285440523893279,0.8324949273948168,1,0.9285440523893279,0.8329709941610727,1,0.9285440523893279,0.8352705362208973,1,0.9241642586076466,0.8159105343873385,1,0.9285440523893279,0.851150067533404,1,0.9285440523893279,0.8594283294039838,1,0.9285440523893279,0.8528666973036336,1,0.9285440523893279,0.8739504522942377,1,-0.10035323293522685,-0.6819229357486197
TRPC_THEMA_Chan_2017,10,1519,0.8778226930046696,0.6716028905335797,1,0.8778226930046696,0.6716028905335797,1,0.8778226930046696,0.6719530311454539,1,0.8778226930046696,0.6719530311454539,1,0.8778226930046696,0.6719530311454539,1,0.7553032775079889,0.5119213456167295,0,0.8778226930046696,0.6716028905335797,1,0.8778226930046696,0.7980965265168785,1,0.8778226930046696,0.7413961371746141,1,0.8778226930046696,0.8059228635579145,1,-1.153896910180807,-1.2523376530722583
TRPC_THEMA_Chan_2017,20,1519,0.8778226930046696,0.6119939537741165,1,0.8778226930046696,0.5921818195358711,1,0.8778226930046696,0.617482425636939,1,0.8778226930046696,0.6345855515574339,1,0.8778226930046696,0.6232555777156594,1,0.7706722275841721,0.502616339200322,0,0.8778226930046696,0.6688250038385878,1,0.8778226930046696,0.736521370793701,1,0.8778226930046696,0.7344325199806684,1,0.8778226930046696,0.7785706861635834,1,-0.34623641781600445,-0.9473506274756852
TRPC_THEMA_Chan_2017,30,1519,0.8778226930046696,0.5893327244008439,1,0.8778226930046696,0.5927441527736831,1,0.8778226930046696,0.6058697567973921,1,0.8778226930046696,0.6199472897029249,1,0.8778226930046696,0.6170345817783776,1,0.7898100540770749,0.5812443296901226,1,0.8778226930046696,0.6653219421562816,1,0.8778226930046696,0.6561666323332488,1,0.8778226930046696,0.6805104328542622,1,0.8778226930046696,0.7463302763208899,1,-0.4657094296290728,-0.6714542086907095
TRPC_THEMA_Chan_2017,40,1519,0.8778226930046696,0.5874373666955569,1,0.8778226930046696,0.5843466883654733,1,0.8778226930046696,0.5739650763408916,1,0.8778226930046696,0.5658591404916168,1,0.8778226930046696,0.5831305179965341,1,0.8778226930046696,0.5505776521252026,1,0.8778226930046696,0.6526288511451847,1,0.8778226930046696,0.6326363071745056,1,0.8778226930046696,0.6456727421673454,1,0.8778226930046696,0.715430951612706,1,-0.43217311392837976,-0.626954368998044
UBC9_HUMAN_Weile_2017,10,2563,0.30025498260671785,0.23140548215031329,0,0.30025498260671785,0.2191389736706862,0,0.30025498260671785,0.21913897367068624,0,0.30025498260671785,0.20508241638484473,0,0.30025498260671785,0.20916042990132389,0,0.4576674272698443,0.2547200041362645,1,0.5349966249931616,0.3027533920617565,1,0.4576674272698443,0.30640516626912717,1,0.5349966249931616,0.33955159109956595,1,0.5349966249931616,0.35748233931781387,1,-0.5128749748926243,-1.2086136974970627
UBC9_HUMAN_Weile_2017,20,2563,0.5349966249931616,0.2367738451434344,1,0.5349966249931616,0.22973972927516403,1,0.30025498260671785,0.2158011981203773,0,0.30916860803214696,0.22527716215028823,0,0.30916860803214696,0.22423660765963963,0,0.30916860803214696,0.24297697062592916,0,0.5349966249931616,0.27793906479505104,1,0.4576674272698443,0.2803559039831477,1,0.35174247533345065,0.27923281443953546,0,0.5349966249931616,0.3210748648038663,1,-0.7079569977120322,-0.7458509778703268
UBC9_HUMAN_Weile_2017,30,2563,0.5349966249931616,0.23307671889359574,1,0.5349966249931616,0.23307671889359574,1,0.5349966249931616,0.23435751359313695,1,0.30916860803214696,0.2246336570018852,0,0.30916860803214696,0.2242524496473874,0,0.5349966249931616,0.22796297963100098,1,0.5349966249931616,0.2663228523579069,1,0.5349966249931616,0.276449257059818,1,0.5349966249931616,0.27259849333541714,1,0.5349966249931616,0.3031775267276666,1,-0.6960548112778848,-0.6662031478915679
UBC9_HUMAN_Weile_2017,40,2563,0.5349966249931616,0.23875122354176967,1,0.5349966249931616,0.23747611030172774,1,0.5349966249931616,0.23747611030172774,1,0.5349966249931616,0.2388769464388989,1,0.4576674272698443,0.23305114857618295,1,0.4576674272698443,0.22917290928993012,1,0.5349966249931616,0.25870623020633765,1,0.5349966249931616,0.2657500238877203,1,0.5349966249931616,0.2669937186248042,1,0.5349966249931616,0.2908648803625564,1,-0.5140420487170978,-0.577907954921186
UBE4B_HUMAN_Tsuboyama_2023_3L1X,10,3622,0.7629865197469623,0.6588503298080229,1,0.7629865197469623,0.6501714556786499,1,0.7629865197469623,0.6501714556786499,1,0.7629865197469623,0.6494274831009357,1,0.7629865197469623,0.6494274831009357,1,0.742614284626432,0.616482336648323,1,0.7811119598281399,0.6681525161737454,1,0.7629865197469623,0.6792157281115035,1,0.7811119598281399,0.6900863351972344,1,0.7811119598281399,0.7309556016225608,1,-0.5743377259018304,-1.0868042725692844
UBE4B_HUMAN_Tsuboyama_2023_3L1X,20,3622,0.7629865197469623,0.6427388947808729,1,0.7629865197469623,0.645500307705584,1,0.7629865197469623,0.6375194031451954,1,0.7629865197469623,0.6342472933838742,1,0.7629865197469623,0.6213094347609999,1,0.7212659743712287,0.5887803177329578,1,0.7811119598281399,0.6742548991564289,1,0.7629865197469623,0.6616581538533844,1,0.7811119598281399,0.6756477106042618,1,0.7811119598281399,0.6999794713434482,1,-0.3242803600308622,-0.8735171265560031
UBE4B_HUMAN_Tsuboyama_2023_3L1X,30,3622,0.7629865197469623,0.62272515589608,1,0.7629865197469623,0.6229139559995013,1,0.7629865197469623,0.621182074944338,1,0.7629865197469623,0.6176591230769044,1,0.7629865197469623,0.6058289595981506,1,0.7120735753368408,0.5926093700365818,1,0.7811119598281399,0.6652442767203781,1,0.7629865197469623,0.6389356601378096,1,0.7629865197469623,0.652170294683959,1,0.7811119598281399,0.678403155480042,1,-0.16627051391655068,-0.7203587322789659
UBE4B_HUMAN_Tsuboyama_2023_3L1X,40,3622,0.7629865197469623,0.6190837998936675,1,0.7629865197469623,0.6082037301460143,1,0.7629865197469623,0.6082037301460143,1,0.7629865197469623,0.6014540789789448,1,0.7629865197469623,0.6010016240421108,1,0.7811119598281399,0.6012461558648282,1,0.7811119598281399,0.6506500528689645,1,0.7629865197469623,0.6268329067760917,1,0.7811119598281399,0.6430216055869241,1,0.7811119598281399,0.6627831984779293,1,0.010761386287330865,-0.5052916526943476
UBE4B_MOUSE_Starita_2013,10,899,0.47547092193539287,0.3985242419745541,0,0.47547092193539287,0.40056479987570454,0,0.47547092193539287,0.3908555682294627,0,0.47274386927558393,0.3838852897426631,0,0.47274386927558393,0.3498754001547419,0,0.47547092193539287,0.37751177023344296,0,0.560841817328204,0.42361581743996873,0,0.5038188897397052,0.4672874300574421,0,0.5038188897397052,0.4542093263024272,0,0.560841817328204,0.4828801055917634,0,-0.7430708481675781,-0.21597119525289324
UBE4B_MOUSE_Starita_2013,20,899,0.47547092193539287,0.3785808432169341,0,0.47547092193539287,0.3760975704567468,0,0.47547092193539287,0.37832643331234717,0,0.47547092193539287,0.37678291876339204,0,0.47547092193539287,0.3757846905884984,0,0.560841817328204,0.4061225462770972,0,0.560841817328204,0.41384562995006613,0,0.5038188897397052,0.44345638458427533,0,0.560841817328204,0.43856584200654436,0,0.560841817328204,0.46115006620664606,0,-0.8242411584716836,-0.19777260150076184
UBE4B_MOUSE_Starita_2013,30,899,0.5038188897397052,0.3888987278244404,0,0.5038188897397052,0.3889283233237013,0,0.5038188897397052,0.39093298587923436,0,0.5038188897397052,0.38854539752918754,0,0.47547092193539287,0.38630706644646734,0,0.560841817328204,0.38235648938846667,0,0.560841817328204,0.3977882551240629,0,0.5038188897397052,0.43022935340391855,0,0.560841817328204,0.41344209939538035,0,0.560841817328204,0.44480769208248494,0,-0.7309226437768926,-0.15924243621907525
UBE4B_MOUSE_Starita_2013,40,899,0.560841817328204,0.38950524239947104,0,0.5038188897397052,0.38605355583512174,0,0.5038188897397052,0.38904623551483747,0,0.5038188897397052,0.3916832419878404,0,0.5038188897397052,0.3934189074473965,0,0.5038188897397052,0.3896206031880102,0,0.560841817328204,0.4030532655164793,0,0.560841817328204,0.42047377301819516,0,0.560841817328204,0.4109169646794605,0,0.560841817328204,0.43419461521783576,0,-0.2577315072841804,-0.10587806324832755
UBR5_HUMAN_Tsuboyama_2023_1I2T,10,1453,0.8575203774599767,0.8060670014182011,0,0.8575203774599767,0.8051944374343932,0,0.8575203774599767,0.8051944374343932,0,0.8575203774599767,0.8051944374343932,0,0.8326982735754827,0.8020570816487786,0,0.8367179365429838,0.8089280838997251,0,0.8575203774599767,0.8060670014182011,0,0.8683658335698128,0.8454298173823783,0,0.8601508936943523,0.8319998786493852,0,0.9358509467261567,0.8683765993976151,1,-1.03594865705896,-1.2849025754182934
UBR5_HUMAN_Tsuboyama_2023_1I2T,20,1453,0.8575203774599767,0.7913761230712256,0,0.8575203774599767,0.7901216796523264,0,0.8575203774599767,0.7909801515529664,0,0.8601508936943523,0.8001548045394505,0,0.8683658335698128,0.8080129448825221,0,0.9358509467261567,0.7999605965957229,1,0.9358509467261567,0.8148076336462421,1,0.8683658335698128,0.8344242633277658,0,0.9358509467261567,0.8294256504656166,1,0.9358509467261567,0.8512964288480638,1,-0.4921129216897036,-1.1514038978409877
UBR5_HUMAN_Tsuboyama_2023_1I2T,30,1453,0.8575203774599767,0.7868982539081235,0,0.8601508936943523,0.790914802183553,0,0.8683658335698128,0.7967150103765371,0,0.8683658335698128,0.7985579695706078,0,0.8683658335698128,0.8015804042548279,0,0.9082143686922519,0.7962159041880452,0,0.9358509467261567,0.8103723847576498,1,0.8683658335698128,0.8195988929281314,0,0.9358509467261567,0.8171936116179713,1,0.9358509467261567,0.8413998216008316,1,-0.4022430535235271,-0.7666217289796972
UBR5_HUMAN_Tsuboyama_2023_1I2T,40,1453,0.9358509467261567,0.7923623644105002,1,0.8683658335698128,0.7890851952561386,0,0.8683658335698128,0.7933925584091688,0,0.8683658335698128,0.795235238634527,0,0.8683658335698128,0.7948916362856444,0,0.8601508936943523,0.7943223076646913,0,0.9358509467261567,0.8088916824461374,1,0.9358509467261567,0.8137456302637733,1,0.9082143686922519,0.8105751033859633,0,0.9358509467261567,0.8333663735821616,1,-0.32132663597669486,-0.596071112660522
VG08_BPP22_Tsuboyama_2023_2GP8,10,723,0.5649219251086891,0.5153510877431695,0,0.5649219251086891,0.5153510877431695,0,0.5649219251086891,0.5153510877431695,0,0.5649219251086891,0.5153510877431695,0,0.5649219251086891,0.5153510877431695,0,0.6601211195363964,0.515439511053295,0,0.5649219251086891,0.5153510877431695,0,0.5915714200039567,0.5652547675067835,0,0.6555854465642666,0.5420434712490947,0,0.6601211195363964,0.5949109271724499,0,-1.1268989126937259,-1.3958830637290913
VG08_BPP22_Tsuboyama_2023_2GP8,20,723,0.5649219251086891,0.5060312544054594,0,0.5649219251086891,0.507357927848434,0,0.5649219251086891,0.5025495490863715,0,0.5649219251086891,0.5004511082813083,0,0.5649219251086891,0.5014471281707436,0,0.616936950930218,0.49171139714195083,0,0.5649219251086891,0.5060312544054594,0,0.5915714200039567,0.5452920619898566,0,0.6601211195363964,0.5461164167666099,0,0.6601211195363964,0.5747633136345468,0,-0.7584364956409395,-1.1560019241205233
VG08_BPP22_Tsuboyama_2023_2GP8,30,723,0.5649219251086891,0.4976993068286445,0,0.5649219251086891,0.4998486838139102,0,0.5649219251086891,0.4998486838139102,0,0.5662257489223079,0.5036683712101717,0,0.5662257489223079,0.4973365726403998,0,0.616936950930218,0.5038762058971926,0,0.6601211195363964,0.5164963878666479,0,0.5915714200039567,0.5267564206868401,0,0.6555854465642666,0.5419289533329321,0,0.6601211195363964,0.5589346249089051,0,-0.6557642826446789,-0.9425544260414412
VG08_BPP22_Tsuboyama_2023_2GP8,40,723,0.5915714200039567,0.49850103499308585,0,0.5915714200039567,0.4992685337190735,0,0.5915714200039567,0.5016357012821666,0,0.5915714200039567,0.5020498996632424,0,0.5915714200039567,0.5016067371186167,0,0.6601211195363964,0.4866134812577437,0,0.6601211195363964,0.5187400482820701,0,0.5915714200039567,0.5174839837072441,0,0.6601211195363964,0.5188916842501197,0,0.6601211195363964,0.546620751841894,0,-0.5318013445806606,-0.7735146498934918
VILI_CHICK_Tsuboyama_2023_1YU5,10,2568,0.9319799044139163,0.8816572017482122,1,0.9319799044139163,0.8816572017482122,1,0.9319799044139163,0.8841118893375233,1,0.9319799044139163,0.8841118893375233,1,0.9319799044139163,0.8763377756101716,1,0.9876879645049281,0.8430697754920234,1,0.9876879645049281,0.8942367899134775,1,0.9319799044139163,0.9091750950608667,1,0.9876879645049281,0.9084477900199021,1,0.9876879645049281,0.9253274374771346,1,-1.2850525393786745,-0.5416281647964636
VILI_CHICK_Tsuboyama_2023_1YU5,20,2568,0.9876879645049281,0.8840532459630424,1,0.9876879645049281,0.8870982269642465,1,0.9876879645049281,0.8904737740412455,1,0.9876879645049281,0.8844841689091876,1,0.9319799044139163,0.8656988481219272,1,0.9876879645049281,0.8519054175843483,1,0.9876879645049281,0.8982631599922367,1,0.9876879645049281,0.89420627296166,1,0.9876879645049281,0.8992968091472746,1,0.9876879645049281,0.9092160417871191,1,-0.9059807035496383,-0.4017857528673409
VILI_CHICK_Tsuboyama_2023_1YU5,30,2568,0.9876879645049281,0.8763248960570287,1,0.9876879645049281,0.8755734496690958,1,0.9876879645049281,0.8755734496690958,1,0.9876879645049281,0.8702966503956548,1,0.9876879645049281,0.8649290565726637,1,0.923322648823155,0.8471284469670686,1,0.9876879645049281,0.8922807587800825,1,0.9876879645049281,0.8830920181509911,1,0.9876879645049281,0.8887735182141231,1,0.9876879645049281,0.8964710045627793,1,-0.2801034532324174,-0.3541913335336595
VILI_CHICK_Tsuboyama_2023_1YU5,40,2568,0.9876879645049281,0.8652540226509281,1,0.9876879645049281,0.8643261722143594,1,0.9876879645049281,0.86385996373834,1,0.9876879645049281,0.8608072415430211,1,0.9876879645049281,0.85550906797661,1,0.923322648823155,0.848259189609865,1,0.9876879645049281,0.8810176216981037,1,0.9876879645049281,0.8736187741108887,1,0.9876879645049281,0.8760086805941543,1,0.9876879645049281,0.8863787651970186,1,-0.5642563838785737,-0.38647440658348886
VKOR1_HUMAN_Chiasson_2020_abundance,10,2695,0.8128018868488621,0.7605918000055053,0,0.8128018868488621,0.7671971594320722,0,0.8128018868488621,0.771251766815663,0,0.8128018868488621,0.771251766815663,0,0.8557506852823293,0.7760838179131111,0,0.8094225513936589,0.7528703445005309,0,0.9268531163946921,0.7917649011785584,1,0.8557506852823293,0.8077171222565495,0,0.9268531163946921,0.8336454531642723,1,0.9268531163946921,0.8382782665531393,1,-0.6537361899084685,-1.1061661847593558
VKOR1_HUMAN_Chiasson_2020_abundance,20,2695,0.9268531163946921,0.7659109471280641,1,0.8557506852823293,0.7567247553383809,0,0.8557506852823293,0.7576589372857053,0,0.8557506852823293,0.7608323967546087,0,0.8557506852823293,0.757567236784147,0,0.8094225513936589,0.755945190473858,0,0.9268531163946921,0.7972013457231004,1,0.8557506852823293,0.7901721630691492,0,0.862143848190955,0.79522616179285,0,0.9268531163946921,0.8170532281367267,1,-0.5582683906053831,-0.8585183016844152
VKOR1_HUMAN_Chiasson_2020_abundance,30,2695,0.9268531163946921,0.7509575052125383,1,0.9268531163946921,0.7516936427913754,1,0.8557506852823293,0.7467698187289237,0,0.8557506852823293,0.745481347797843,0,0.8557506852823293,0.7552663435293772,0,0.8261444453964932,0.7316723793281983,0,0.9268531163946921,0.7889597786086583,1,0.9268531163946921,0.7824780685392813,1,0.9268531163946921,0.7924483894664965,1,0.9268531163946921,0.8060096383633268,1,-0.5019077935935046,-0.7154608531148371
VKOR1_HUMAN_Chiasson_2020_abundance,40,2695,0.9268531163946921,0.7461368632525743,1,0.9268531163946921,0.7455491320278157,1,0.8557506852823293,0.7397826635069523,0,0.8557506852823293,0.7421319802510552,0,0.8557506852823293,0.7360790835400893,0,0.8557506852823293,0.7361772231964947,0,0.9268531163946921,0.7819849898698453,1,0.9268531163946921,0.7645325929032681,1,0.9268531163946921,0.7746558503819183,1,0.9268531163946921,0.796978278509988,1,-0.34970899001404,-0.5651702762958994
VKOR1_HUMAN_Chiasson_2020_activity,10,697,0.960370534472854,0.7718013427818315,0,0.960370534472854,0.7953148593336349,0,0.960370534472854,0.8119503618491204,0,0.960370534472854,0.8139566634135965,0,0.960370534472854,0.8123278102638669,0,0.97882957411375,0.7426394904253173,0,1.0,0.8494134223759476,1,1.0,0.9366936567428985,1,1.0,0.9138400887929904,1,1.0,0.9595308728225221,1,-0.7469109112921412,-0.8983197691861996
VKOR1_HUMAN_Chiasson_2020_activity,20,697,0.960370534472854,0.7998000533223991,0,0.960370534472854,0.7990573858617669,0,0.960370534472854,0.7902616868174118,0,0.960370534472854,0.7764138522757024,0,0.960370534472854,0.7725794220708889,0,0.97882957411375,0.7486181851329983,0,1.0,0.8695270987031481,1,1.0,0.8990867832942654,1,1.0,0.9147807107600134,1,1.0,0.9411612951391763,1,-0.6725893969966853,-0.6850960414062871
VKOR1_HUMAN_Chiasson_2020_activity,30,697,0.960370534472854,0.7800056470078822,0,0.960370534472854,0.7498017702183195,0,0.960370534472854,0.7555911238979472,0,0.960370534472854,0.7564431332209384,0,0.960370534472854,0.7546813225787551,0,1.0,0.7851563612218412,1,1.0,0.8435940251328261,1,1.0,0.8653622575840382,1,0.960370534472854,0.8518545881538642,0,1.0,0.9275002225505956,1,-0.4740263405760986,-0.6637088453546119
VKOR1_HUMAN_Chiasson_2020_activity,40,697,0.960370534472854,0.7740917631761097,0,0.960370534472854,0.7567257729454391,0,0.960370534472854,0.7588467505084503,0,0.960370534472854,0.76011586358892,0,0.960370534472854,0.7482195296357047,0,1.0,0.7816422400088712,1,1.0,0.8477462478839934,1,1.0,0.8634748797177062,1,1.0,0.8468930097147246,1,1.0,0.9130636309823811,1,-0.5077033988695702,-0.32747001225886496
VRPI_BPT7_Tsuboyama_2023_2WNM,10,1047,0.9242661080165039,0.719629038226106,1,0.9242661080165039,0.7046661337730725,1,0.8192051146938271,0.684114647806027,0,0.8192051146938271,0.684114647806027,0,0.7700228374235895,0.6905852947358693,0,0.8409218228355663,0.6772270812542777,0,0.9903235257639501,0.7941283228509902,1,0.9242661080165039,0.8587891505676846,1,0.9903235257639501,0.808298136893239,1,0.9903235257639501,0.8959453962470364,1,-0.9206324520666221,-0.2271553294368982
VRPI_BPT7_Tsuboyama_2023_2WNM,20,1047,0.9242661080165039,0.7047752879261865,1,0.9242661080165039,0.7125269500450658,1,0.9242661080165039,0.7125849639690723,1,0.8454783009527819,0.6903766473745361,0,0.8454783009527819,0.7088899641003121,0,0.8916047009617003,0.7049412209477424,0,0.9903235257639501,0.7920964596543736,1,0.9242661080165039,0.8130592745292468,1,0.9242661080165039,0.7915725020892245,1,0.9903235257639501,0.8682181820871879,1,-0.5719462158547621,-0.24723436075306332
VRPI_BPT7_Tsuboyama_2023_2WNM,30,1047,0.9242661080165039,0.7135576828116427,1,0.9242661080165039,0.7020542985362646,1,0.9242661080165039,0.7139595969234268,1,0.9242661080165039,0.7100817669471542,1,0.8454783009527819,0.7044165979513964,0,0.9903235257639501,0.7497014255467856,1,0.9903235257639501,0.7751996326735487,1,0.9242661080165039,0.790185790424748,1,0.9242661080165039,0.7735636118127109,1,0.9903235257639501,0.8448540949378798,1,-0.5314814808048217,-0.003241949329789963
VRPI_BPT7_Tsuboyama_2023_2WNM,40,1047,0.9242661080165039,0.7137849816036125,1,0.9242661080165039,0.7173725541945144,1,0.9242661080165039,0.7143285388582621,1,0.9242661080165039,0.7191853550687118,1,0.8619440058925376,0.7136567317361083,0,0.9903235257639501,0.7345999610235668,1,0.9903235257639501,0.7705212442513313,1,0.9242661080165039,0.7653013476296975,1,0.9242661080165039,0.7578339695127633,1,0.9903235257639501,0.8238479158001959,1,-0.49296337201153617,-0.18646297073628762
YAIA_ECOLI_Tsuboyama_2023_2KVT,10,1890,0.9755387894780768,0.8894703638853377,1,0.9662222716940352,0.8661053707395908,0,0.9662222716940352,0.8657136139508005,0,0.9662222716940352,0.8516210804408172,0,0.9662222716940352,0.8501656118034564,0,0.9949351850164683,0.8623828661293887,1,0.9755387894780768,0.8894703638853377,1,0.9755387894780768,0.9278802858354075,1,0.9755387894780768,0.9090198755239711,1,0.9949351850164683,0.9742388177149909,1,-1.0807293293231643,-1.1387590201369029
YAIA_ECOLI_Tsuboyama_2023_2KVT,20,1890,0.9948507979818377,0.8567950391150095,1,0.9948507979818377,0.8548172643181251,1,0.9948507979818377,0.8517482691998729,1,0.9755387894780768,0.8271708170017165,1,0.9662222716940352,0.8176584691621523,0,0.9806878566175766,0.8409614489464609,1,0.9949351850164683,0.8853276925291806,1,0.9948507979818377,0.9086423858400139,1,0.9755387894780768,0.9050239432410089,1,0.9949351850164683,0.9490846601975006,1,-1.0840261158488662,-0.6558135088991285
YAIA_ECOLI_Tsuboyama_2023_2KVT,30,1890,0.9948507979818377,0.8619203438534697,1,0.9948507979818377,0.8409626884977942,1,0.9948507979818377,0.8364580503326201,1,0.9948507979818377,0.8332244878266866,1,0.9755387894780768,0.8176236905268195,1,0.9753461982078371,0.8545137469361802,1,0.9949351850164683,0.8926633162857244,1,0.9948507979818377,0.8986100412882906,1,0.9949351850164683,0.9035267846874494,1,0.9949351850164683,0.9313653718533875,1,-0.9762767845317022,-0.15706354715514584
YAIA_ECOLI_Tsuboyama_2023_2KVT,40,1890,0.9948507979818377,0.8601723656077624,1,0.9948507979818377,0.8498890004215578,1,0.9948507979818377,0.8425056040583089,1,0.9948507979818377,0.8301433325543153,1,0.9755387894780768,0.8191203432473335,1,0.9823840945033897,0.86410406339626,1,0.9949351850164683,0.8848276595223776,1,0.9948507979818377,0.8899985554836372,1,0.9948507979818377,0.8759940831897794,1,0.9949351850164683,0.9174439713319641,1,-0.7462470288265259,-0.043702929738750784
YAP1_HUMAN_Araya_2012,10,10075,0.346837924405918,0.1359435335591767,0,0.346837924405918,0.1359435335591767,0,0.346837924405918,0.1359435335591767,0,0.346837924405918,0.1359435335591767,0,0.346837924405918,0.1359435335591767,0,0.20413744810410636,0.14649816167325191,0,0.346837924405918,0.1359435335591767,0,0.346837924405918,0.249442603038681,0,0.346837924405918,0.2090191733901084,0,0.346837924405918,0.2653122587494429,0,-1.1890324761002913,-1.1218629426631401
YAP1_HUMAN_Araya_2012,20,10075,0.346837924405918,0.12436266956155462,0,0.346837924405918,0.1243626695615546,0,0.346837924405918,0.1324581064937625,0,0.346837924405918,0.1324764797617577,0,0.346837924405918,0.12224991002889062,0,0.30430457761880114,0.12725349223036111,0,0.346837924405918,0.15601596174443455,0,0.346837924405918,0.20329780084434446,0,0.346837924405918,0.1998745688482486,0,0.346837924405918,0.2310134719040107,0,-0.8039059946944445,-0.7141274427132345
YAP1_HUMAN_Araya_2012,30,10075,0.346837924405918,0.11910925790400356,0,0.346837924405918,0.11876613606505297,0,0.346837924405918,0.11725621412862798,0,0.346837924405918,0.11478014191860213,0,0.346837924405918,0.12104120103615995,0,0.30430457761880114,0.14621647653624842,0,0.346837924405918,0.15642082155266007,0,0.346837924405918,0.17271447827851166,0,0.346837924405918,0.16989855153425865,0,0.346837924405918,0.20714414564878644,0,-0.4045212403230564,-0.785547079751718
YAP1_HUMAN_Araya_2012,40,10075,0.346837924405918,0.12104918797565324,0,0.346837924405918,0.11951830987219031,0,0.346837924405918,0.12043673949507666,0,0.346837924405918,0.1255401123588414,0,0.346837924405918,0.12768150940217426,0,0.346837924405918,0.14668620006555633,0,0.346837924405918,0.1493861280248766,0,0.346837924405918,0.1596243506675574,0,0.346837924405918,0.1504682984516357,0,0.346837924405918,0.189701491227662,0,-0.5319300337021453,-0.4496293098362613
YNZC_BACSU_Tsuboyama_2023_2JVD,10,2300,0.7673859430927586,0.7133319450354076,0,0.7673859430927586,0.7107475254064194,0,0.7673859430927586,0.7107475254064194,0,0.7596450100649162,0.7076490624150982,0,0.7614665117495214,0.7178213461135821,0,0.7278920939343748,0.6634071372301885,0,0.7673859430927586,0.7133319450354076,0,0.7741346739897226,0.752204342303687,0,0.7888337427664492,0.7501298096377558,0,0.7888337427664492,0.7623135090560724,0,,
YNZC_BACSU_Tsuboyama_2023_2JVD,20,2300,0.7673859430927586,0.7043817554431601,0,0.7673859430927586,0.6997985862138627,0,0.7673859430927586,0.707884755411891,0,0.7673859430927586,0.707884755411891,0,0.7673859430927586,0.707115340684948,0,0.7673859430927586,0.6722136664401641,0,0.7888337427664492,0.7204491083847767,0,0.7741346739897226,0.7302984565485118,0,0.7888337427664492,0.7286238514155106,0,0.7888337427664492,0.7473890037593476,0,-0.7877160410402385,-0.9962324182944277
YNZC_BACSU_Tsuboyama_2023_2JVD,30,2300,0.7888337427664492,0.6999421028700751,0,0.7888337427664492,0.6928198773994961,0,0.7673859430927586,0.6853969062879087,0,0.7673859430927586,0.684866416953915,0,0.7673859430927586,0.6842684498444918,0,0.7888337427664492,0.680083991313729,0,0.7888337427664492,0.7085568471845101,0,0.7888337427664492,0.7180821092792559,0,0.7673859430927586,0.7056631759510854,0,0.7888337427664492,0.7351504028509932,0,-0.635396729305036,-0.6214801610652618
YNZC_BACSU_Tsuboyama_2023_2JVD,40,2300,0.7888337427664492,0.6927282844494341,0,0.7888337427664492,0.6904547454945618,0,0.7888337427664492,0.689372827424467,0,0.7741346739897226,0.6855499301554167,0,0.7741346739897226,0.6791698727054194,0,0.7673859430927586,0.6737267865165338,0,0.7888337427664492,0.7043625596632995,0,0.7888337427664492,0.7093917768695063,0,0.7888337427664492,0.7091909569814041,0,0.7888337427664492,0.7230465796537144,0,-0.5484226932427826,-0.2892354441692266
