DMS_id,n,rho_ens,rho_best_single,AU,EU,TU,raw_sd,rho_MSA_Potts,rho_Evo_Conservation,rho_MSA_Conditioned,rho_ESM_Masked,rho_AR_PLM,rho_xTrimoPGLM,rho_Inverse_Folding,rho_Struct_PLM,rho_Struct_MSA_Hybrid,rho_CNN_RNN,taxon,coarse_selection_type,selection_assay,seq_len,MSA_Neff_L,MSA_num_seqs,MSA_perc_cov,MSA_len,DMS_number_single_mutants,DMS_number_multiple_mutants,includes_multiple_mutants,region_mutated,UniProt_ID,DMS_binarization_method,MSA_Neff_L_category,source_organism
A0A140D2T1_ZIKV_Sourisseau_2019,9576,0.41440095377523506,0.3868750229677319,0.14955037035283214,0.15060516983803054,0.3001555401908627,0.20866303523718494,0.33429058053324767,0.4529836980386983,0.44249465070222904,0.06968815935505664,0.3497607809989923,0.3879136253342384,0.2908792819091989,0.30250484535867483,0.4663695514981269,0.19230057034005194,Virus,OrganismalFitness,Viral replication,3423,1.63,16501,0.948,524,9576,0,False,291-794,A0A140D2T1_ZIKV,median,Medium,Zika virus (ZIKV)
A0A192B1T2_9HIV1_Haddox_2018,12577,0.5657891115110755,0.5616360230931883,0.1299062549455777,0.13113209085289923,0.2610383457984769,0.1840534153047868,0.47377308580364424,0.5459728764402821,0.533371183747621,0.43694741903611883,0.5101051882776533,0.4896662999460612,0.3628170296875023,0.3370415951566869,0.619182338914426,0.5306779577060852,Virus,OrganismalFitness,Viral replication,852,42.81,74854,0.986,852,12577,0,False,30-691,A0A192B1T2_9HIV1,manual,Medium,Human immunodeficiency virus 1
A0A1I9GEU1_NEIME_Kennouche_2019,922,0.06828207902908434,0.07046081462268838,0.11644321074431223,0.11413759479405548,0.23058080553836768,0.16565689966083422,0.06846897781843599,0.04484855949413536,0.07120006930757818,0.05649673182880848,0.08442588711458872,0.06456844231208123,0.05498322793832746,0.062434024421390115,0.04381160839972663,0.06905118911881016,Prokaryote,Activity,"piliation (20D9 anti-pilus monoclonal Ab), aggregation, adhesion (human umbilical vein endothelial cells (HUVECs))",161,14.07,5553,0.857,161,922,0,False,1-161,A0A1I9GEU1_NEIME,median,Medium,Neisseria meningitidis
A0A247D711_LISMN_Stadelmann_2021,1653,0.3966225708736706,0.5562673208489664,0.13260982075492353,0.16297093465168017,0.29558075540660367,0.21152750371840068,0.41877936425121814,0.5298762299198349,0.3870123790825986,0.09150829888306627,0.051167802258586206,0.013959165471656237,0.46771333230108797,0.45976347695535064,0.5667305304067402,0.06648451208859088,Prokaryote,Activity,activity against SpyCas9 inducing an RFP reporter,87,0.1,57,1.0,87,1653,0,False,1-87,A0A247D711_LISMN,median,Low,Listeria monocytogenes
A0A2Z5U3Z0_9INFA_Doud_2016,10715,0.6272624395617649,0.5572903280092083,0.13812167188296892,0.1328261862822073,0.2709478581651762,0.1901501434572907,0.5257636822470763,0.584015953624463,0.5634934440620035,0.4728825078010234,0.5403957271151519,0.5037485763008136,0.4703616596798642,0.5158257006277812,0.654904230706724,0.5073331550223067,Virus,OrganismalFitness,viral replication,565,16.01,57581,0.968,565,10715,0,False,2-565,A0A2Z5U3Z0_9INFA,median,Medium,Influenza A virus (A/WSN/1933(H1N1))
A0A2Z5U3Z0_9INFA_Wu_2014,2350,0.5674233155305959,0.43818527963359577,0.13550087558256513,0.1287433086294466,0.26424418421201173,0.1864848237748124,0.5122744407308151,0.5378975727531687,0.5619079743528365,0.45337464231259966,0.4985311816918284,0.4703108748379838,0.37535282188359054,0.4426195182997513,0.5391440456897968,0.4620246492805997,Virus,OrganismalFitness,Viral replication,565,16.01,57581,0.968,565,2350,0,False,6-560,A0A2Z5U3Z0_9INFA,median,Medium,Influenza A virus (A/WSN/1933(H1N1))
A4D664_9INFA_Soh_2019,14421,0.4486063492092993,0.31777699845077373,0.17101446771699985,0.1634552069240327,0.33446967464103255,0.2315377548629999,0.3979097863752549,0.4785133194195695,0.4354697938697397,0.08595758296344104,0.3695245191674207,0.1944284346387281,0.22403937916098526,0.27733670921124404,0.45990661239596786,0.31609422454420133,Virus,OrganismalFitness,Viral replication (avian cells: CCL141 (duck)),759,1.7,26683,1.0,759,14421,0,False,1-759,A4D664_9INFA,median,Medium,Influenza A virus (A/green-winged teal/Ohio/175/1986(H2N1))
A4GRB6_PSEAI_Chen_2020,5004,0.7706059083004113,0.6602408152096942,0.10818434447522271,0.10268007787787312,0.21086442235309583,0.14904835927540422,0.6456582043439814,0.7583583789226164,0.723360476968674,0.7224021296183242,0.6470448152708744,0.6776677089492084,0.6822969840065133,0.7666625307677318,0.7844841615707078,0.668011256074172,Prokaryote,OrganismalFitness,"drug resistance (128/16/2.0 ug/mL ampicillin, 4.0/0.5 ug/mL cefotaxime, 0.031 ug/mL meropenem @ 25C, 37C)",266,120.61,108496,0.726,266,5004,0,False,1-266,A4GRB6_PSEAI,manual,High,Pseudomonas aeruginosa
A4_HUMAN_Seuma_2022,14811,0.45476376165193233,0.42292415707283304,0.14224866081726142,0.1323640679439269,0.2746127287611883,0.19153853499431653,0.3977482542533447,0.46715891465367726,0.4364045253093476,0.4759720292179573,0.3405091895550506,0.33557225511620603,0.12239696297131328,0.44011226657212577,0.44744797568693834,0.3456203033892889,Human,Stability,aggregation,770,0.08,5272,0.987,770,796,14015,True,672-713,A4_HUMAN,manual,Low,Homo sapiens
AACC1_PSEAI_Dandage_2018,1801,0.508601608561597,0.3598862710792511,0.11235083240192163,0.1046854753803482,0.21703630778226982,0.15249291584243652,0.48965960205890163,0.5160297755558446,0.5195555085748996,0.5043995703336301,0.4197888933350867,0.46985827036272304,0.33977015441789765,0.4827983252683337,0.51475726462948,0.35855211902174866,Prokaryote,OrganismalFitness,"Antibiotic resistance under: heat/cold resistance (32C, 37C (ref), 42C), chemical stability (chemical chaperones TMAO, glycerol), antibiotic resistance (gentamicin), or combo",177,985.3,539868,0.746,177,1801,0,False,12-172,AACC1_PSEAI,median,High,Pseudomonas aeruginosa
ACE2_HUMAN_Chan_2020,2223,0.27179864877011606,0.2526544938884999,0.12075162147050651,0.11370131278820107,0.23445293425870764,0.16479655010234856,0.23127920606958974,0.2175558841418119,0.25199905755175195,0.2626572827122241,0.2077763341802604,0.19881477476122678,0.3123944057738238,0.2824771111784084,0.26248760320429826,0.21693238987552885,Human,Binding,Binding affinity,805,1.97,11106,0.743,805,2223,0,False,19-518,ACE2_HUMAN,median,Medium,Homo sapiens
ADRB2_HUMAN_Jones_2020,7800,0.564182440139859,0.5259954027375717,0.09631841786638341,0.08910349197052408,0.18542190983690748,0.1318334196714206,0.5125772513178556,0.5482467675749403,0.5476954762290784,0.5441814266042504,0.5347655501383285,0.5351434987203336,0.4716992470524194,0.5581564745460864,0.5567562370513327,0.5437353483424008,Human,Activity,"transcription (luciferase reporter, isoproterenol (beta2AR agonist)-induced)",413,67.99,204722,0.712,413,7800,0,False,2-413,ADRB2_HUMAN,median,Medium,Homo sapiens
AICDA_HUMAN_Gajula_2014_3cycles,209,0.48181668286138196,0.39914074310191616,0.12997358246428511,0.12849126112302517,0.2584648435873103,0.1795691409931998,0.4487545127103726,0.44678149647047793,0.4509588802172213,0.39387726483860375,0.4041187555030795,0.33559231156618613,0.39047973656772733,0.40268780480559035,0.4885961005317675,0.44795149478627,Human,Activity,Enzymatic activity,198,18.4,18148,0.879,198,209,0,False,113-123,AICDA_HUMAN,manual,Medium,Homo sapiens
AMFR_HUMAN_Tsuboyama_2023_4G3O,2972,0.28193840159703043,0.49592624189874246,0.10851107198752037,0.10551867902955063,0.21402975101707097,0.1535635734011411,0.41174217058497387,0.35732565964430574,0.2932284238519383,0.3314324618214811,-0.12990942709538544,0.1342284573608622,0.3242333358447095,0.3927677695312339,0.4028188201493975,0.1103721250421885,Human,Stability,Stability,47,26.51,17787,0.872,47,820,2152,True,1-47,AMFR_HUMAN,median,Medium,Homo sapiens
AMIE_PSEAE_Wrenbeck_2017,6227,0.6754514251676692,0.5053121692927985,0.12556122802840988,0.12615630990133483,0.2517175379297448,0.17574041016332198,0.49294748087907553,0.6341723950686563,0.615292310603649,0.6318710892642605,0.551550772946969,0.6541642784713673,0.4346803017132784,0.6193744605385664,0.645255738292694,0.5633614524798084,Prokaryote,Activity,Enzyme function,346,89.1,140703,0.725,346,6227,0,False,1-341,AMIE_PSEAE,median,Medium,Pseudomonas aeruginosa
ANCSZ_Hobbs_2022,4670,0.5898223736496614,0.5983120347739389,0.11340109156609829,0.10465717403277494,0.2180582655988732,0.15664478220796488,0.5210734568008254,0.5724256964348634,0.56804726464362,0.5919459763802434,0.5107846981932889,0.515024718477766,0.4568745982876547,0.6151683002431425,0.5928007741812796,0.4769363106436436,Eukaryote,Activity,successful phosphorylation of bait peptide,627,1.79,7424,1.0,627,4670,0,False,352-627,ANCSZ,median,Medium,Reconstructed ancestor
ARGR_ECOLI_Tsuboyama_2023_1AOY,1287,0.5840622893350584,0.5982014581987535,0.11172371525632063,0.11645353425084447,0.2281772495071651,0.16105714107688318,0.43451195658379854,0.4859423838199256,0.4920078357382092,0.5131411171392752,0.4447720530392721,0.4059837359698376,0.7327027995107311,0.619891118643439,0.6177364871609011,0.49487228196643124,Prokaryote,Stability,Stability,69,54.24,21443,0.913,69,1287,0,False,1-69,ARGR_ECOLI,median,Medium,Escherichia coli
B2L11_HUMAN_Dutta_2010_binding-Mcl-1,170,0.6371366041206309,0.4036455566343636,0.17627105997348347,0.15730442598755212,0.3335754859610356,0.2292646711956711,0.6112871157303508,0.59868686202927,0.3888130660699073,0.30321050077756107,0.3405799623995147,0.6164328770738389,0.31981851327474964,0.4068882342196161,0.6716210836129256,0.5101100652305901,Human,Binding,Binding to Mcl-1 (FACS; yeast-displayed and antibody stained for binding partner),198,0.45,660,0.995,198,170,0,False,148-159,B2L11_HUMAN,median,Low,Homo sapiens
BBC1_YEAST_Tsuboyama_2023_1TG0,2069,0.48633629575059845,0.5145973379349291,0.09259546651149124,0.10160578076281193,0.19420124727430318,0.14058459940808826,0.3983065173905507,0.37146763738473615,0.45135120767853326,0.48736307188492833,0.38356003399101046,0.5084543013035573,0.6302230630391172,0.5333457006972372,0.4879112008219496,0.3370000917356872,Eukaryote,Stability,Stability,64,271.76,604824,0.844,64,1084,985,True,1-64,BBC1_YEAST,median,High,Saccharomyces cerevisiae
BCHB_CHLTE_Tsuboyama_2023_2KRU,1572,0.5852450105279837,0.6971212937594409,0.12331564432184171,0.12301550740513911,0.24633115172698083,0.17433847498661234,0.3999088540972794,0.6178090304674708,0.47534423332569414,0.5166025254734505,0.3555572019122036,0.42594060040800835,0.6644860724647669,0.6431755056903254,0.6450572019542115,0.3877163995531524,Prokaryote,Stability,Stability,52,51.95,12079,0.923,52,890,682,True,1-52,BCHB_CHLTE,median,Medium,Chlorobaculum tepidum
BLAT_ECOLX_Deng_2012,4996,0.5783965700444597,0.49056585038902484,0.11284487373749703,0.11517623602756052,0.22802110976505752,0.16085111685452258,0.5270032706053964,0.5256878784304224,0.5623167400899908,0.5355656906935375,0.4357944110043992,0.48865839358774293,0.47973052561604773,0.5790188173307683,0.5622846298817017,0.4797724158709475,Prokaryote,OrganismalFitness,"antibiotic resistance, MIC",286,177.98,209644,0.752,286,4996,0,False,24-286,BLAT_ECOLX,median,High,Escherichia coli
BLAT_ECOLX_Firnberg_2014,4783,0.8198450146712785,0.7627989843721014,0.11342789407794125,0.11509750213556272,0.22852539621350396,0.16129708703214213,0.7524666949292252,0.7759008134870314,0.7729676275262812,0.7438667524028845,0.5913774203063957,0.6549241124266372,0.6909775070952837,0.8255915694155201,0.8271924792828573,0.702027475481249,Prokaryote,OrganismalFitness,Growth (0.25-1024 ug/mL ampicillin) doubling,286,177.98,209644,0.752,286,4783,0,False,24-286,BLAT_ECOLX,median,High,Escherichia coli
BLAT_ECOLX_Jacquier_2013,989,0.769554770431571,0.6689770568438171,0.11406151915907063,0.11271428487964466,0.22677580403871525,0.1604114442299879,0.7314691015435925,0.6834255106111717,0.7456345979793595,0.711756044612118,0.5998379916221666,0.6721725263213041,0.6142878693513766,0.7529246579707974,0.7519077704900151,0.6607058672979912,Prokaryote,OrganismalFitness,MIC,286,177.98,209644,0.752,286,989,0,False,24-286,BLAT_ECOLX,median,High,Escherichia coli
BLAT_ECOLX_Stiffler_2015,4996,0.8173950482893124,0.7556575828853845,0.11339333883318263,0.11515972131358407,0.22855306014676668,0.1612716478715876,0.7498438538101246,0.7790270031522291,0.7681187955671183,0.7403158799228524,0.5870090273066982,0.6647752841965862,0.6796341406377452,0.8180320718133293,0.8228280341809091,0.7020871332347206,Prokaryote,OrganismalFitness,Growth (10-2500 ug/mL ampicillin),286,177.98,209644,0.752,286,4996,0,False,24-286,BLAT_ECOLX,median,High,Escherichia coli
BRCA1_HUMAN_Findlay_2018,1837,0.5813209388362575,0.543277678416605,0.1396087637260083,0.12913836231171055,0.26874712603771883,0.1886487054421666,0.47850067447749134,0.5354187475870547,0.5424416620348178,0.5361503477380862,0.43163704011861576,0.5306426387927067,0.36104035242079763,0.551364484683115,0.5744196911858238,0.44192865388425706,Human,OrganismalFitness,Growth,1863,0.05,1008,0.769,1863,1837,0,False,1-1855,BRCA1_HUMAN,manual,Low,Homo sapiens
BRCA2_HUMAN_Erwood_2022_HEK293T,265,0.5081081011369556,0.32116999187505646,0.15359373348650965,0.1452535009121155,0.2988472343986251,0.2107357356767778,0.4467526906943554,0.40677578651690505,0.3551588059762054,0.4312730731430906,0.5302823563336231,0.49523616072468785,0.1258304953624676,0.3057146030772868,0.5011707903067115,0.45126482410830066,Human,OrganismalFitness,Fitness,3418,0.02,933,0.999,3418,265,0,False,388-2654,BRCA2_HUMAN,manual,Low,Homo sapiens
C6KNH7_9INFA_Lee_2018,10754,0.5929693322893038,0.5046863374192042,0.15398368442485824,0.14208115798729973,0.29606484241215797,0.20516566549959617,0.4035031174001595,0.5444567734408796,0.39036066218699145,0.4265153839192355,0.44937281966261455,0.5191112050127208,0.545956290899411,0.5397686795489303,0.6271147854181996,0.4606839460182515,Virus,OrganismalFitness,Viral replication,566,16.0,57453,0.977,566,10754,0,False,1-566,C6KNH7_9INFA,median,Medium,Influenza A virus (A/Perth/16/2009(H3N2))
CALM1_HUMAN_Weile_2017,1813,0.2719752476407477,0.20241663423255069,0.1271793557155685,0.107191094861818,0.23437045057738648,0.1657303205879154,0.24154078612456834,0.24355929875768162,0.25741600428301853,0.26871080079131204,0.28658634903969304,0.2747004448776905,0.16239059188905744,0.26521591528956656,0.21431218532720275,0.2634947744111453,Human,OrganismalFitness,Yeast growth,149,190.77,177633,0.893,149,1813,0,False,2-149,CALM1_HUMAN,median,High,Homo sapiens
CAPSD_AAV2S_Sinai_2021,42328,0.4089500955805091,0.392035206584611,0.12358607944053607,0.13308444099627456,0.2566705204368107,0.1838789670683513,0.35035166360196357,0.39169441977272706,0.4741047063181828,0.22203730042242903,0.25957406996218346,0.19692483607506875,0.45933216299203017,0.31629646799192956,0.48810749479008436,0.3998056988938757,Virus,OrganismalFitness,viability for AAV capsid production,735,0.26,604,0.782,735,532,41796,True,561-588,CAPSD_AAV2S,manual,Low,Adeno-associated virus 2 (isolate Srivastava/1982) (AAV-2)
CAR11_HUMAN_Meitlis_2020_gof,2374,0.32327039654792783,0.3701361942031422,0.12882078365385438,0.12381700366610023,0.25263778731995457,0.17729377719955036,0.17362502221809642,0.2843164843942769,0.2803833069539663,0.32463666209347847,0.23142248465796236,0.2415673093574279,0.32407893771369545,0.40113509769311534,0.3759384181437347,0.1882899352095673,Human,OrganismalFitness,Signaling (in presence of ibrutinib),1154,0.04,1352,0.998,1154,2374,0,False,4-146,CAR11_HUMAN,manual,Low,Homo sapiens
CAR11_HUMAN_Meitlis_2020_lof,2395,0.4848295384861074,0.4950285172329055,0.12853845081662982,0.12370665864165135,0.25224510945828116,0.17709980863944227,0.3143707954381447,0.4271763829632185,0.39735305025333206,0.49871640967905057,0.3604817280943885,0.397714068468897,0.45371700801583714,0.5744800074995039,0.53062556813013,0.28491713536503127,Human,OrganismalFitness,Signaling,1154,0.04,1352,0.998,1154,2395,0,False,4-146,CAR11_HUMAN,manual,Low,Homo sapiens
CAS9_STRP1_Spencer_2017_positive,8117,0.21195618214294015,0.1818408841538079,0.14346939735026265,0.13111316440736895,0.2745825617576316,0.19553947757998175,0.17875866460324194,0.20384406375013697,0.2012899993928511,0.17029688206364615,0.19534606443619465,0.1900510179797994,0.12480459302215445,0.19601485823288842,0.20445528678125957,0.14890840989482068,Prokaryote,Activity,count of mutation where survival depends on expression of Cas9 and correct cleavage,1368,1.14,5349,0.992,1368,8117,0,False,1-1368,CAS9_STRP1,median,Medium,Streptococcus pyogenes
CASP3_HUMAN_Roychowdhury_2020,1567,0.6639512212922157,0.5554543976413489,0.1078891470073534,0.0933422405502673,0.2012313875576207,0.14257331309320867,0.6405660620639736,0.6452546989531792,0.6536468441820497,0.6574649612258452,0.5647965934754497,0.6061304950947126,0.5170163761107274,0.6552044164539734,0.6408656014655734,0.633062628299218,Human,Activity,Fluorescence measurement,258,111.55,86012,0.884,258,1567,0,False,2-258,CASP3_HUMAN,median,High,Homo sapiens
CASP7_HUMAN_Roychowdhury_2020,1680,0.6719492067358124,0.5384840166114004,0.10215452676570039,0.09414367080911985,0.1962981975748202,0.1383153835161666,0.5997068325647923,0.6519089719609822,0.6576065499293781,0.6563022649976236,0.5709615388721864,0.6006813727099761,0.5868196659822831,0.658582819086077,0.6610791721062161,0.6266596824939621,Human,Activity,Fluorescence measurement,281,80.66,71075,0.854,281,1680,0,False,2-281,CASP7_HUMAN,median,Medium,Homo sapiens
CATR_CHLRE_Tsuboyama_2023_2AMI,1903,0.6604279748704369,0.735860203068614,0.09637850967502723,0.09054651352661285,0.18692502320164006,0.13565240307130685,0.61112828129693,0.6510060839314475,0.6354573158708252,0.6596744691825669,0.6084954821689269,0.580274195436338,0.6198861888182364,0.6939704449896889,0.7133472294170989,0.3961955820990893,Eukaryote,Stability,Stability,72,1107.51,551057,0.903,72,1340,563,True,1-72,CATR_CHLRE,median,High,Chlamydomonas reinhardtii
CBPA2_HUMAN_Tsuboyama_2023_1O6X,2068,0.8064835394298269,0.8612736724525922,0.08645132164646155,0.08654989674797328,0.1730012183944348,0.12173567927056728,0.7399337797779787,0.7484813149527957,0.7628869604391986,0.7673888399586625,0.700481029917771,0.7166430307281998,0.8004777876395582,0.8269811190643692,0.8144242653125506,0.7417174889568732,Human,Stability,Stability,72,43.64,12711,0.986,72,1357,711,True,1-72,CBPA2_HUMAN,median,Medium,Homo sapiens
CBS_HUMAN_Sun_2020,7217,0.39025791550102534,0.32789797697175377,0.10318535078614519,0.09809266108064606,0.2012780118667912,0.1427770879094724,0.3830092662905048,0.39151752025695397,0.3854958611782664,0.3821134994924179,0.2895171415725102,0.36711032326512527,0.27910765745483196,0.37174928688827275,0.38334089516827474,0.3650028715450045,Human,OrganismalFitness,Yeast Growth,551,3.5,19563,0.833,551,7217,0,False,2-551,CBS_HUMAN,median,Medium,Homo sapiens
CBX4_HUMAN_Tsuboyama_2023_2K28,2282,0.6807802990063373,0.6227488456407122,0.0958711207113227,0.09864794030519214,0.19451906101651484,0.13851631168935574,0.6694989520654905,0.6552479281572752,0.6818912885902076,0.655486225953717,0.5792289659502808,0.6285043294656547,0.536336459866458,0.6676663089846558,0.6749229106880987,0.6120614815136642,Human,Stability,Stability,50,269.65,108263,0.96,50,917,1365,True,1-50,CBX4_HUMAN,median,High,Homo sapiens
CCDB_ECOLI_Adkar_2012,1176,0.5083405242491715,0.4055838158157251,0.1301332066169252,0.1257214955936243,0.25585470221054957,0.18071675581624969,0.532929599258523,0.5555637075032095,0.4874859629095268,0.4740420529607627,0.1523757553521766,0.39551557075000016,0.37878701452722285,0.46697220180583005,0.533789062683146,0.40545123626063184,Prokaryote,Activity,Protein toxicity (negative effect on cell growth),101,168.82,43564,0.851,101,1176,0,False,2-101,CCDB_ECOLI,median,High,Escherichia coli
CCDB_ECOLI_Tripathi_2016,1663,0.5372967990108356,0.48379854375820314,0.13153232723674677,0.1261380647322243,0.25767039196897107,0.18164811054467112,0.5355889267837824,0.5590662821115557,0.5436981156592984,0.5282631312969869,0.18719748828770777,0.4378698031043846,0.36910555806606915,0.5162500032182595,0.5284745047216255,0.4839694723529146,Prokaryote,OrganismalFitness,growth (surrogate for toxicity/activity of CCDB),101,168.82,43564,0.851,101,1663,0,False,2-101,CCDB_ECOLI,manual,High,Escherichia coli
CCR5_HUMAN_Gill_2023,6137,0.3740299317876256,0.3636922999447772,0.10226925932983413,0.09906255811978744,0.2013318174496216,0.14210616491818506,0.2982224816233292,0.35894928882387034,0.350034887883173,0.3598964112131707,0.3579814111003241,0.33722641192887676,0.3143323945670298,0.3714384287551624,0.364462630466488,0.3671830340190231,Human,Binding,"binding affinity, surface expression",352,182.74,632074,0.83,352,6137,0,False,2-344,CCR5_HUMAN,median,High,Homo sapiens
CD19_HUMAN_Klesmith_2019_FMC_singles,3761,0.2633619114011652,0.2914345254398269,0.12728507232595723,0.14949496415183028,0.2767800364777875,0.19765609400576467,0.23886825854520993,0.26757757951055305,0.27360447630832957,0.059346970922592744,0.10354099754949773,0.08230728407070047,0.2985546060801377,0.3012063113203525,0.304361101758756,0.16043805393278546,Human,Binding,Binding affinity,556,0.5,1183,1.0,556,3761,0,False,20-291,CD19_HUMAN,manual,Low,Homo sapiens
CP2C9_HUMAN_Amorosi_2021_abundance,6370,0.6742715044695753,0.6338782077024885,0.10505831525703188,0.09508547276636205,0.20014378802339394,0.1418286082608652,0.6190313218877612,0.6305018519688405,0.6444543282256219,0.637557816150989,0.6056805383354615,0.5681917912818564,0.5801886020095816,0.6957483347519863,0.6911175457057538,0.6147198800624804,Human,Expression,protein abundance,490,165.48,264279,0.886,490,6370,0,False,2-490,CP2C9_HUMAN,median,High,Homo sapiens
CP2C9_HUMAN_Amorosi_2021_activity,6142,0.7146306574411798,0.6605471002663308,0.1071138796965789,0.09642176289602054,0.20353564259259946,0.1440108659444635,0.6455695994044556,0.6594979280105142,0.6680398344779301,0.6791639887753912,0.6437732487054465,0.5985518196159707,0.634115752480726,0.7379054247505269,0.7339575953767651,0.6574786388901973,Human,Binding,"activity, binding (to fluorescent CYP probe)",490,165.48,264279,0.886,490,6142,0,False,1-490,CP2C9_HUMAN,median,High,Homo sapiens
CSN4_MOUSE_Tsuboyama_2023_1UFM,3295,0.6045397177891034,0.7619100762509367,0.11114991978738883,0.09528042313861795,0.20643034292600673,0.14546110532876302,0.48542726039023637,0.5234849624665859,0.511925800005228,0.5809746830219036,0.5552543196394893,0.46678308755636433,0.6823943601189845,0.7109826454929734,0.6953228550458463,0.4836565413054152,Eukaryote,Stability,Stability,72,48.23,39217,0.889,72,1353,1942,True,1-72,CSN4_MOUSE,manual,Medium,Mus musculus
CUE1_YEAST_Tsuboyama_2023_2MYX,1580,0.5776907450400967,0.6476641795348349,0.109447746997362,0.13152066412648553,0.24096841112384756,0.17165449661648952,0.4567100936144048,0.4744808386519547,0.5354256373569398,0.5276278853406341,0.24081582803724924,0.45850523803486776,0.6035423363218717,0.6183432223752136,0.624897842969357,0.4790768344067211,Eukaryote,Stability,Stability,52,7.64,3213,0.923,52,955,625,True,1-52,CUE1_YEAST,median,Medium,Saccharomyces cerevisiae
D7PM05_CLYGR_Somermeyer_2022,24515,0.5538469063124067,0.5786862545112407,0.12285065152249967,0.15567489571834048,0.27852554724084017,0.19923186934888193,0.6394885336578763,0.6468068427177258,0.6786439226022355,0.05703099195341073,0.12933160640936472,0.04405015169043572,0.46973145461175236,0.5254327969960296,0.6802818225267757,0.44185566595026865,Eukaryote,Activity,Fluorescence,235,0.6,694,1.0,235,1169,23346,True,2-235,D7PM05_CLYGR,manual,Low,Clytia gregaria
DLG4_HUMAN_Faure_2021,6976,0.6747092674874517,0.7222131053808337,0.10164607078995574,0.09705937877200968,0.1987054495619654,0.1412641626190057,0.6018204585942337,0.6594363177894336,0.6621339136996532,0.5985100766383986,0.6046172204368669,0.5664509311859552,0.6105691806327235,0.6437267947489523,0.7098852484390386,0.6403115429263749,Human,OrganismalFitness,Yeast growth,724,0.46,25338,0.825,724,1280,5696,True,311-394,DLG4_HUMAN,median,Low,Homo sapiens
DLG4_RAT_McLaughlin_2012,1576,0.5880004265511041,0.5444431540646852,0.11889811960820476,0.11888315884406991,0.23778127845227467,0.1650388946514289,0.518904102614634,0.5576950640038403,0.5862694517022877,0.5826072927221682,0.3827619442823637,0.4985651487349711,0.38138550824131967,0.5576875150532058,0.6063965763953959,0.5017230607517101,Eukaryote,Binding,peptide binding - natural ligand,724,0.36,24705,0.841,724,1576,0,False,311-393,DLG4_RAT,manual,Low,Rattus norvegicus
DN7A_SACS2_Tsuboyama_2023_1JIC,1008,0.4907223877002306,0.6735036536682694,0.14152188288954773,0.1508634039550124,0.29238528684456017,0.20520753211042186,0.23977756830060984,0.45968535685391104,0.36477520781585804,0.27961974077080015,0.09815671041737603,0.20674826687842088,0.6353492866022283,0.6299786355783823,0.6616804981755894,0.3706298701401447,Prokaryote,Stability,Stability,55,24.82,42895,0.764,55,1008,0,False,1-55,DN7A_SACS2,median,Medium,Saccharolobus solfataricus
DNJA1_HUMAN_Tsuboyama_2023_2LO1,2264,0.8178724560610856,0.8365011940102776,0.08081362465249471,0.085932777401864,0.1667464020543587,0.12041593481355307,0.7633452210561017,0.7775934604650827,0.8015779172897072,0.7972621741890025,0.7551676516016492,0.7071729674578427,0.7841699942541753,0.8164396599305681,0.8321020531431107,0.7234097005168365,Human,Stability,Stability,65,547.68,280284,0.969,65,1216,1048,True,1-65,DNJA1_HUMAN,median,High,Homo sapiens
DOCK1_MOUSE_Tsuboyama_2023_2M0Y,2915,0.545043698389324,0.6019682272615773,0.10408696025806,0.11191724448377784,0.2160042047418378,0.15061365807604046,0.47246971155401024,0.5405926181528516,0.5294405844252752,0.5133221573614727,0.3652842521242727,0.4437758411023112,0.4503563162223692,0.5684717121675832,0.5719579368448545,0.554384999937502,Eukaryote,Stability,Stability,66,368.28,705447,0.848,66,1213,1702,True,1-66,DOCK1_MOUSE,median,High,Mus musculus
DYR_ECOLI_Nguyen_2023,2916,0.5268754531248426,0.48517410724625243,0.10697843809747339,0.10082940983683684,0.20780784793431023,0.14720137651436982,0.4556925536227669,0.501796928971285,0.49397345437151546,0.5482394285960042,0.37598879361311455,0.49807837148147927,0.37769449590826554,0.5363031013862958,0.5307785659357049,0.5193626658942502,Prokaryote,OrganismalFitness,cell growth in ∆DHFR bacteria,159,337.1,188828,0.969,159,2916,0,False,2-159,DYR_ECOLI,manual,High,Escherichia coli
DYR_ECOLI_Thompson_2019,2363,0.5172681440168455,0.4768290852791178,0.11286932545743754,0.10723375814303499,0.22010308360047254,0.15575588702439558,0.4884593041100417,0.481522657183185,0.5093690183062999,0.48967903846985267,0.4136413724507469,0.4685661248099281,0.3323014932433206,0.5242493256651407,0.5144517018162317,0.4654687069530078,Prokaryote,OrganismalFitness,"growth (turbidostat; -Lon for natural absence of Lon protease in E. coli, +Lon for exogenous protease)",159,77.51,41921,0.981,159,2363,0,False,2-159,DYR_ECOLI,manual,Medium,Escherichia coli
ENVZ_ECOLI_Ghose_2023,1121,0.1979125204770062,0.24633660234768548,0.11786365534651422,0.1215043096666035,0.23936796501311772,0.17196394218457434,0.16359935373559886,0.1554894127790945,0.1999560411911448,0.18438914391564235,0.195652627019282,0.061137464758117474,0.11072370326257676,0.2118390163861616,0.21817269944055348,0.19697955554011112,Prokaryote,Activity,fluorescent reporter,60,4595.33,1879223,0.933,60,1121,0,False,1-60,ENVZ_ECOLI,manual,High,Escherichia coli
ENV_HV1B9_DuenasDecamp_2016,375,0.4083478207621252,0.2944648670236891,0.1256855583882518,0.11191196100083531,0.23759751938908705,0.16965024876544635,0.3950743836728827,0.4030077691254002,0.3825584616113274,0.3361102205349556,0.40369590019616386,0.3990240761344786,0.400646423259694,0.2573402078212158,0.3506387123681596,0.38201312303874146,Virus,OrganismalFitness,Viral replication,853,47.92,87271,0.989,853,375,0,False,361-380,ENV_HV1B9,manual,Medium,Human immunodeficiency virus type 1 group M subtype B (strain 89.6) (HIV-1)
ENV_HV1BR_Haddox_2016,12863,0.38850740033382747,0.3229147528200317,0.1315193551038326,0.13347171588670984,0.2649910709905424,0.18675611548978915,0.33866578372643247,0.3640129721576587,0.3650603009597732,0.2961135151784104,0.3712182370212037,0.3395779837370254,0.19680043572122974,0.2594773706678995,0.3684458102638948,0.35995902031237037,Virus,OrganismalFitness,Viral replication,861,43.39,74844,0.98,861,12863,0,False,31-707,ENV_HV1BR,median,Medium,Human immunodeficiency virus type 1 group M subtype B (isolate BRU/LAI) (HIV-1)
EPHB2_HUMAN_Tsuboyama_2023_1F0M,1960,0.81061213991805,0.8388090150662233,0.07268506737764206,0.07775778688220115,0.15044285425984325,0.10700677235698333,0.7278981592246863,0.8106522651152204,0.7901729915916123,0.8051891494815088,0.6816782216213056,0.7444542346928007,0.809734300469837,0.8355039510250105,0.8283399741956867,0.7290165010151001,Human,Stability,Stability,66,126.33,212234,0.894,66,1239,721,True,1-66,EPHB2_HUMAN,median,High,Homo sapiens
ERBB2_HUMAN_Elazar_2016,326,0.4818362832720937,0.5524176422225135,0.11874066632390638,0.11402918817065565,0.23276985449456203,0.16698993971073592,0.30307106657225347,0.4372950003827344,0.46870734833848815,0.4699023322090632,0.5641858826342236,0.4195729121703966,0.20759496016868997,0.5529554783016271,0.4434585639858533,0.45040486671722413,Human,Expression,Membrane-protein insertion,1255,0.32,8311,0.981,1255,326,0,False,651-674,ERBB2_HUMAN,median,Low,Homo sapiens
ESTA_BACSU_Nutschel_2020,2172,0.4581283838325431,0.3421845288342145,0.12195065644630008,0.11463845025829456,0.23658910670459465,0.16496911158387084,0.4180583811588472,0.4496883345857354,0.4208557205283452,0.32882196651214096,0.3312290878395494,0.33334408268499527,0.5371933587903507,0.4017136009004098,0.4972494846735462,0.37532676183623404,Prokaryote,Stability,thermostability,212,313.28,234310,0.774,212,2172,0,False,32-205,ESTA_BACSU,median,High,Bacillus subtilis
F7YBW8_MESOW_Aakre_2015,9192,0.37910377613596913,0.09495689175350956,0.12200203951129424,0.11440831844168096,0.23641035795297521,0.16863545561974033,0.4260778386280787,0.42046962311948627,0.433655286718158,0.4184103550440344,0.15580361329774467,0.41706940571516943,0.13943612225260682,0.3311697282699602,0.27967839204660133,0.34818397480773206,Prokaryote,OrganismalFitness,fitness,93,176.23,38613,0.774,93,37,9155,True,59-64,F7YBW8_MESOW,median,High,Mesorhizobium opportunistum
F7YBW8_MESOW_Ding_2023,7922,0.5418325575432075,0.6848549211967078,0.08421848676236722,0.0903941697578922,0.17461265652025945,0.12783031116574778,0.5471448402160329,0.5595285096330684,0.5171495263186358,0.47590976529653134,0.39607204613531743,0.32997406979127714,0.5521459968791415,0.6526158856919424,0.576862934144273,0.47562229363895747,Prokaryote,OrganismalFitness,growth enrichment,93,176.23,38613,0.774,93,80,7842,True,48-82,F7YBW8_MESOW,manual,High,Mesorhizobium opportunistum
FECA_ECOLI_Tsuboyama_2023_2D1U,1886,0.5464529337673466,0.6151046153726306,0.10703376282535504,0.09564895420392854,0.20268271702928362,0.1420837929312839,0.4558448172191173,0.5275063164398378,0.46314754682769316,0.5260786300073501,0.35227308880908015,0.47562632421950346,0.6058739246969372,0.6081905868123196,0.5687470186276006,0.4773119035150555,Prokaryote,Stability,Stability,72,141.6,74248,0.986,72,1219,667,True,1-72,FECA_ECOLI,median,High,Escherichia coli
FKBP3_HUMAN_Tsuboyama_2023_2KFV,1237,0.5263420679225883,0.5737945949257698,0.13935128760258428,0.1516064411677504,0.29095772877033466,0.20271579245126106,0.4875966445091521,0.5014696829484974,0.3458093918526469,0.1801548228443393,0.22958092832702126,0.15476661965378843,0.6904074030651721,0.5841141415122078,0.6627049260549246,0.36076297188000367,Human,Stability,Stability,69,1.85,3216,0.957,69,1237,0,False,1-69,FKBP3_HUMAN,median,Medium,Homo sapiens
GAL4_YEAST_Kitzman_2015,1195,0.6119102270639153,0.5761699254735542,0.13338747860254085,0.1053075713996048,0.2386950500021456,0.17316906843728777,0.5470919221164539,0.6588769217024107,0.5960297396620728,0.5943331336390941,0.4487247170339229,0.5733010101165257,0.4283202927270905,0.6462742163783364,0.6211817454555867,0.4883395989595537,Eukaryote,OrganismalFitness,"Growth (no selection, 24h)",881,10.02,16159,0.707,881,1195,0,False,2-65,GAL4_YEAST,manual,Medium,Saccharomyces cerevisiae
GCN4_YEAST_Staller_2018,2638,0.2790601562703396,0.23074709843830113,0.12150655438595724,0.1399277555531294,0.2614343099390866,0.1926254744678496,0.24792401924240862,0.2416731621172836,0.2378549197922385,0.28039903534905797,0.1481839722831226,0.26635213800729046,0.22789863688034603,0.25426556848546666,0.2519693005288502,0.2733252828503938,Eukaryote,Binding,Binding,281,0.66,350,0.719,281,33,2605,True,101-144,GCN4_YEAST,median,Low,Saccharomyces cerevisiae
GDIA_HUMAN_Silverstein_2021,1154,0.4947276176159157,0.4358217309969541,0.11083757282120678,0.10639220006462685,0.21722977288583364,0.1535804178432444,0.45170625815800836,0.44724777612366884,0.49482411055920755,0.4622805848480439,0.40542974135214005,0.4374807960452946,0.39179106978470685,0.4757121843102196,0.4794691236592993,0.45946792616668203,Human,OrganismalFitness,Yeast Growth,447,0.8,5196,0.996,447,1154,0,False,2-447,GDIA_HUMAN,median,Low,Homo sapiens
GFP_AEQVI_Sarkisyan_2016,51714,0.6812399367539329,0.6947561283478243,0.1150829858335816,0.14233757235426447,0.25742055818784604,0.18615316575525506,0.6777468603772538,0.6821807007713512,0.7077375172142862,0.11559853062064578,0.5843855912014636,0.034002148487964845,0.6926798997211588,0.7044369225710376,0.7586188576325732,0.5765668669051022,Eukaryote,Activity,Fluorescence,238,0.06,396,0.975,238,1084,50630,True,3-237,GFP_AEQVI,manual,Low,Aequorea victoria
GLPA_HUMAN_Elazar_2016,245,0.48754702200752364,0.5748835159813626,0.12909378861078047,0.13029050468452075,0.2593842932953012,0.181940027498209,0.16576987667246734,0.42851763059027626,0.4431589654268207,0.450623946721634,0.38200821473948077,0.37370576382508935,0.3548175593271906,0.5435749090125547,0.5147682285953226,0.46111332339448974,Human,Expression,Membrane-protein insertion,150,0.51,273,1.0,150,245,0,False,94-108,GLPA_HUMAN,median,Low,Homo sapiens
GRB2_HUMAN_Faure_2021,63366,0.6250688796836723,0.7133557860891971,0.1030931252797618,0.09776322412323979,0.2008563494030016,0.1392638219987196,0.5468448484517205,0.5251934189644057,0.5733041565136437,0.5855941449023463,0.5170092296806529,0.49918385606938004,0.6614245930265681,0.6819767261079286,0.6806530898222596,0.5589296561878391,Human,OrganismalFitness,Yeast growth,217,6.78,33228,0.816,217,1034,62332,True,159-214,GRB2_HUMAN,manual,Medium,Homo sapiens
HCP_LAMBD_Tsuboyama_2023_2L6Q,1040,0.6961676741667459,0.7324018563114568,0.1306305818104784,0.1259954888124096,0.25662607062288795,0.17896789008802827,0.3303292178500867,0.6569457207522778,0.56201888088806,0.6829557675643227,0.4340107773014861,0.6230150809931773,0.7319860645049918,0.7787757726057203,0.7261687811620534,0.5091738964997148,Virus,Stability,Stability,55,30.76,2128,0.945,55,1040,0,False,1-55,HCP_LAMBD,median,Medium,Escherichia phage lambda (Bacteriophage lambda)
HECD1_HUMAN_Tsuboyama_2023_3DKM,5586,0.38463391775344924,0.3133638439435496,0.12748751795913488,0.12219375275079332,0.2496812707099282,0.17601674802810066,0.3465718919801863,0.3331598508843106,0.37003325921446445,0.4447802161962343,0.26848835677414634,0.3918709781737533,0.364746779823575,0.38873791264029484,0.3452696962859988,0.3659025482639101,Human,Stability,Stability,72,17.22,18660,0.903,72,1244,4342,True,1-72,HECD1_HUMAN,manual,Medium,Homo sapiens
HEM3_HUMAN_Loggerenberg_2023,5689,0.45350126013630293,0.42362131361924804,0.11226099127097094,0.11085942592105821,0.22312041719202919,0.160855012482244,0.41728012283968036,0.44915365857141876,0.4440786878756542,0.4051450855273852,0.3904449518681897,0.4269814766482525,0.3341506327458945,0.44124345475153676,0.4581317162602528,0.2959603270591529,Human,Activity,activity,361,32.84,59544,0.85,361,5689,0,False,19-360,HEM3_HUMAN,median,Medium,Homo sapiens
HIS7_YEAST_Pokusaeva_2019,496137,0.5647736194053595,0.5632653357588231,0.11443015527165099,0.11682083636457842,0.2312509916362294,0.1623181101525646,0.5513896254220233,0.5293488900765334,0.5716852220559351,0.47842088894207635,0.5094755806522427,0.3184658307612251,0.5377348218865159,0.5729307911175182,0.5899468577990846,0.4042113057371073,Eukaryote,OrganismalFitness,Growth,220,23.97,40154,0.873,220,168,495969,True,6-211,HIS7_YEAST,manual,Medium,Saccharomyces cerevisiae
HMDH_HUMAN_Jiang_2019,16853,0.44008572625018,0.3882950650984642,0.11974838237662491,0.11398089649738964,0.23372927887401457,0.16645656211674362,0.4331884546099897,0.4742391514677387,0.3793937924323663,0.44553225340734914,0.20428012895605813,0.359370670813334,0.17919401497032442,0.4979223628592903,0.49004070781150616,0.4227559440820358,Human,OrganismalFitness,Fitness,888,0.58,3153,0.995,888,16853,0,False,2-888,HMDH_HUMAN,median,Low,Homo sapiens
HSP82_YEAST_Cote-Hammarlof_2020_growth-H2O2,2252,0.40382484016852255,0.269881015219822,0.12643442098773622,0.11649841801559092,0.24293283900332716,0.17236310498104657,0.37495394683906264,0.4210703107755375,0.4172322467769602,0.4110554667385955,0.41545986265381124,0.40158794435596096,0.15139568894737696,0.32730225762653464,0.29054458438972774,0.3665317793958016,Eukaryote,OrganismalFitness,Growth (H2O2 stress),709,6.47,48695,0.917,709,2252,0,False,291-409,HSP82_YEAST,median,Medium,Saccharomyces cerevisiae
HSP82_YEAST_Flynn_2019,13294,0.4304841182220858,0.37100203587126424,0.11229402540761999,0.10670763613727278,0.21900166154489278,0.15479869731994755,0.39935008937874444,0.4558122986472667,0.4116944353644347,0.3897079037593546,0.41486905663118356,0.4208759698933321,0.2081699859554075,0.38148766200628753,0.398588569632726,0.40503201256002597,Eukaryote,OrganismalFitness,"growth, nitrogen depletion (0.0125% ammonium sulfate), hyperosmotic shock (0.8 M NaCl), alcohol stress (7.5% ethanol), sulfhydryl-oxidation (0.85 mM diamide), temperature shock (37C)",709,5.45,38923,0.862,709,13294,0,False,2-709,HSP82_YEAST,manual,Medium,Saccharomyces cerevisiae
HSP82_YEAST_Mishra_2016,4323,0.5438422107102472,0.4658722880200441,0.10785618209038333,0.10379926815190733,0.21165545024229068,0.1499180341975788,0.5322209284057597,0.5766722456428565,0.5323803418928115,0.526249313787937,0.5231613782229926,0.5317941987519692,0.20796495861043834,0.48528793701566153,0.5095805388259886,0.5032026411135845,Eukaryote,OrganismalFitness,Growth,709,5.45,38923,0.862,709,4323,0,False,2-231,HSP82_YEAST,manual,Medium,Saccharomyces cerevisiae
HXK4_HUMAN_Gersing_2022_activity,8570,0.5456649107225692,0.5074059033941519,0.10981902345598053,0.10679405536908605,0.21661307882506659,0.15537650055320645,0.5092388540382765,0.5238462638631185,0.5274379867911133,0.5325070910308465,0.45204157489305624,0.4916631917158591,0.41487857859037297,0.540489987346466,0.5393660245001225,0.4349470307513476,Human,OrganismalFitness,functional complementation to reduced growth on glucose medium,465,4.99,23354,1.0,465,8570,0,False,2-465,HXK4_HUMAN,median,Medium,Homo sapiens
HXK4_HUMAN_Gersing_2023_abundance,8396,0.4119300901608122,0.39885576634499537,0.10118810405327222,0.10243267925778728,0.2036207833110595,0.14440959446214274,0.3630710042345953,0.3674984091017652,0.40209722003393117,0.3907181563061447,0.321137218819446,0.3399169983126047,0.3921728741382827,0.43003439443435987,0.39834925069523863,0.39863089090975007,Human,Expression,abundance,465,5.38,24177,0.966,465,8396,0,False,2-465,HXK4_HUMAN,manual,Medium,Homo sapiens
I6TAH8_I68A0_Doud_2015,9462,0.3527256653937047,0.29675864753109804,0.15277815961731023,0.17689097020045833,0.3296691298177685,0.2320362058434681,0.33669443587401193,0.38371173910200024,0.40708542685451576,0.019330851028866947,0.31282711966646254,0.022522969499530646,0.21820437820863703,0.17420255032335952,0.37227753712509076,0.24963657894574812,Virus,OrganismalFitness,,498,2.15,15390,1.0,498,9462,0,False,1-498,I6TAH8_I68A0,median,Medium,Influenza A virus (strain A/Aichi/2/1968 H3N2)
IF1_ECOLI_Kelsic_2016,1367,0.5748742295545402,0.42332356687562256,0.11521135538467529,0.10561629453317958,0.2208276499178549,0.1554013553972823,0.5428088084289103,0.512340789049437,0.5303242410896298,0.5963190913901192,0.4595315027413965,0.4946297650280681,0.45101969432864497,0.6056570539608198,0.5094990854039465,0.5245295260132035,Prokaryote,OrganismalFitness,Growth,72,536.24,361806,0.806,72,1367,0,False,1-72,IF1_ECOLI,manual,High,Escherichia coli
ILF3_HUMAN_Tsuboyama_2023_2L33,1329,0.47667726938922517,0.5191680195211846,0.1331774864560147,0.11856177506573795,0.2517392615217527,0.1748680842766885,0.43378705070380263,0.46974813777738644,0.4798493893743072,0.38893195223552485,0.31461917598970934,0.26194770983740745,0.4551515533589244,0.46668673071943617,0.49694525790049004,0.45440596622384094,Human,Stability,Stability,71,309.51,145438,0.915,71,1329,0,False,1-71,ILF3_HUMAN,manual,High,Homo sapiens
ISDH_STAAW_Tsuboyama_2023_2LHR,1944,0.44565434918920455,0.5756290334059233,0.1110138543282315,0.11452202373433289,0.2255358780625644,0.1582542859409633,0.1866138665455497,0.36714026880899053,0.32746099339306284,0.4494170386294285,0.2800790636135339,0.40523194147490454,0.5876769816542751,0.5949036365364486,0.5105394291304484,0.26592132426455123,Prokaryote,Stability,Stability,55,713.67,115488,0.818,55,940,1004,True,1-55,ISDH_STAAW,median,High,Staphylococcus aureus
KCNE1_HUMAN_Muhammad_2023_expression,2339,0.13594224635095836,0.2580080484413599,0.1473370242948707,0.12443061613073439,0.2717676404256051,0.1899242914656751,0.12466127692821935,0.09614523024705333,0.08805285570652054,0.12023705232026616,0.12745336925209086,0.042405163953061244,0.15293005230451043,0.19043700470251573,0.16619056266067558,0.09516209360555802,Human,Expression,cell surface expression,129,1.74,2118,0.969,129,2339,0,False,1-128,KCNE1_HUMAN,manual,Medium,Homo sapiens
KCNE1_HUMAN_Muhammad_2023_function,2315,0.6173430502015912,0.47540910684392246,0.1469422927257591,0.12406723475671048,0.2710095274824696,0.18941512566974406,0.5307549205485893,0.5737364394860699,0.6018328458742626,0.6151212506274748,0.5304107529825576,0.5151951374376333,0.29757888292723306,0.6160112184685602,0.5590358150394514,0.5154389294973638,Human,Activity,potassium channel function,129,1.74,2118,0.969,129,2315,0,False,1-128,KCNE1_HUMAN,median,Medium,Homo sapiens
KCNH2_HUMAN_Kozek_2020,200,0.47691535172708366,0.6689942248556214,0.15163279141466066,0.13359091176530835,0.28522370317996903,0.20099624326457546,0.31335250417158,0.567150869004336,0.46446522425484105,0.34334487116746026,0.504460793435957,0.39131166879107876,-0.10352565810200838,0.5897720522736639,0.5388842054200683,0.343167053760354,Human,Activity,Voltage,1159,6.29,13907,1.0,31,200,0,False,545-555,KCNH2_HUMAN,median,Medium,Homo sapiens
KCNJ2_MOUSE_Coyote-Maestas_2022_function,6963,0.3747505651477621,0.2972815849739016,0.11125751233781664,0.10824872805830042,0.21950624039611702,0.15460201289749176,0.3517655327266445,0.388720122247097,0.35361058626478087,0.38655002709772235,0.32016386620900916,0.3344126016157749,0.2475063200269358,0.3616840427072326,0.368817140141313,0.27914678086528844,Eukaryote,Activity,Ion conduction,428,5.28,20953,0.86,428,6963,0,False,2-392,KCNJ2_MOUSE,median,Medium,Mus musculus
KCNJ2_MOUSE_Coyote-Maestas_2022_surface,6917,0.3598128296185108,0.3857446103737058,0.11151357072994447,0.1087493326605198,0.22026290339046428,0.15507191135619428,0.3255017754267702,0.35319626882299404,0.34648399710458894,0.3294852207796875,0.2613829403300683,0.28513490480673076,0.30011832373052544,0.3896789220001786,0.3962466408988621,0.2734237479921681,Eukaryote,Expression,Surface trafficking,428,5.28,20953,0.86,428,6917,0,False,2-392,KCNJ2_MOUSE,median,Medium,Mus musculus
KKA2_KLEPN_Melnikov_2014,4960,0.6752365571232132,0.5402991981807492,0.10448640150795692,0.09948522970408895,0.20397163121204587,0.14481712044663514,0.6163523637914049,0.6706811287878715,0.6488454718431981,0.6403996331200894,0.6026097198955587,0.6181546014631373,0.5519081420693819,0.6472085964730908,0.6760768285867553,0.5526755528956208,Prokaryote,OrganismalFitness,"Growth (225 ug/mL kanamycin) 1:1, 1:2, 1:4, 1:8 dilutions",264,298.65,234760,0.795,264,4960,0,False,1-264,KKA2_KLEPN,manual,High,Klebsiella pneumoniae
LGK_LIPST_Klesmith_2015,7890,0.5805284627861689,0.4738077479144286,0.1141561255906728,0.10659330030708543,0.22074942589775826,0.15660909716663707,0.4904037718715282,0.5720712304674157,0.5500016467634906,0.5275132492168001,0.4877739757709192,0.5445908708585813,0.47377770477344977,0.5284276449517789,0.5687547317429283,0.5453932640772238,Eukaryote,Activity,Growth,439,18.83,31069,0.813,439,7890,0,False,1-439,LGK_LIPST,median,Medium,Lipomyces starkeyi
LYAM1_HUMAN_Elazar_2016,359,0.400174522695086,0.4679749036465169,0.12746064678005797,0.11352677464511346,0.24098742142517143,0.16775425742684877,0.26615106422408996,0.40718681721674016,0.39726569389766403,0.3587936386126227,0.3879800886936114,0.3088155111844961,0.21369347473496494,0.42906791709297326,0.43456152163192363,0.3306895275063852,Human,Expression,Membrane-protein insertion,372,1.09,3974,0.825,372,359,0,False,333-355,LYAM1_HUMAN,median,Medium,Homo sapiens
MAFG_MOUSE_Tsuboyama_2023_1K1V,1429,0.704048542360768,0.7664517181250396,0.09716428206162751,0.11958037313078947,0.21674465519241698,0.15317846982511205,0.6363585973932893,0.6478392697444483,0.6556050748631552,0.5820805308341399,0.522420378624976,0.5568945901177177,0.5730518090114691,0.7618101440349501,0.7461251874846682,0.6586085083536973,Eukaryote,Stability,Stability,41,3.89,6178,1.0,41,762,667,True,1-41,MAFG_MOUSE,manual,Medium,Mus musculus
MBD11_ARATH_Tsuboyama_2023_6ACV,2116,0.8049786510584405,0.802361240020442,0.10179891380628271,0.11402039339089047,0.21581930719717318,0.1516794164403708,0.7522237984543491,0.7688557477400251,0.7616274698668,0.6877448931794767,0.5235290032127646,0.6639058673189068,0.7506936739338644,0.8347687286901061,0.8360645817436584,0.7345221391237864,Eukaryote,Stability,Stability,66,24.91,26035,0.909,66,1155,961,True,1-66,MBD11_ARATH,median,Medium,Arabidopsis thaliana
MET_HUMAN_Estevam_2023,5393,0.6090553217908626,0.5849467545654968,0.0952170350227037,0.10013367525977435,0.19535071028247808,0.1382256666368967,0.5807030393380216,0.5895057867140601,0.5768401576457055,0.5941613006396879,0.5192135902547834,0.553914986941947,0.4520932252903764,0.596950839580271,0.5879640091653927,0.5985700017564459,Human,Activity,Human cell line with growth linked to kinase activity in the absense of IL-3,287,17.78,185885,0.951,287,5393,0,False,1-287,MET_HUMAN,manual,Medium,Homo sapiens
MK01_HUMAN_Brenan_2016,6809,0.18237422005753665,0.22618293290705413,0.10493845963162549,0.10617069533912939,0.2111091549707549,0.14917105305953637,0.23041722752472008,0.21323824144209236,0.1982626101974665,0.17883095256683598,0.08959691604331141,0.06666943605249996,0.05912610553251431,0.19135771803354687,0.2249646917898961,0.1756033175639224,Human,OrganismalFitness,Growth,360,25.98,124248,0.806,360,6809,0,False,2-360,MK01_HUMAN,median,Medium,Homo sapiens
MLAC_ECOLI_MacRae_2023,4007,0.41169777331861074,0.35425175146223065,0.11480860670270736,0.10982348321104463,0.22463208991375197,0.15744390438563607,0.4061067122191588,0.4272144461935275,0.4295185475940898,0.4319782886302412,0.4010394241667494,0.37395370519505516,0.11278413689782013,0.3236613723973561,0.39684253608614456,0.40707628325783696,Prokaryote,OrganismalFitness,cell growth in ∆mlaC and selective medium,211,37.67,22874,0.934,211,4007,0,False,1-211,MLAC_ECOLI,median,Medium,Escherichia coli
MSH2_HUMAN_Jia_2020,16749,0.4174619960872741,0.3796092357525349,0.11811221256169521,0.10907592168637678,0.22718813424807197,0.1616387594712004,0.39675432003496264,0.3998271052114654,0.4024417353973105,0.39493944206981557,0.3267674239284378,0.35724749677997025,0.24477187035444814,0.40510395080768213,0.4192350126938879,0.40280183323243157,Human,OrganismalFitness,"drug resistance (surrogate for protein activity, 6-thioguanine (6-TG))",934,11.71,61226,0.901,934,16749,0,False,1-934,MSH2_HUMAN,manual,Medium,Homo sapiens
MTH3_HAEAE_RockahShmuel_2015,1777,0.7278522279565998,0.5503720638768654,0.10472981387456969,0.09829974722085454,0.2030295610954242,0.14390099530216044,0.7069596168070226,0.7173183169688019,0.7176946674098477,0.6600621652335258,0.6953277769407521,0.7212376309871027,0.5616400356894712,0.6159574067693755,0.6808418331458648,0.6498894015623828,Prokaryote,OrganismalFitness,Growth,330,82.51,82734,0.891,330,1777,0,False,2-330,MTH3_HAEAE,manual,Medium,Haemophilus aegyptius
MTHR_HUMAN_Weile_2021,12464,0.34130326460967303,0.3766893420818688,0.11355893217088155,0.10565141804426563,0.21921035021514715,0.15504704684304194,0.26568976869809263,0.2831926223006638,0.3048740640179835,0.348627513371576,0.24226718138619927,0.2933093829572536,0.3443655443304078,0.3928473387877977,0.3427786358416487,0.3163024158832468,Human,OrganismalFitness,Growth,656,0.99,4783,0.96,656,12464,0,False,1-656,MTHR_HUMAN,median,Low,Homo sapiens
MYO3_YEAST_Tsuboyama_2023_2BTT,3297,0.5138361384283572,0.641257170794292,0.11866736423465424,0.1204639216139617,0.23913128584861595,0.16676963854547092,0.3700399592715077,0.3053341843445938,0.45749970679139645,0.5798325069314121,0.3066979507502453,0.4961999851589921,0.4745950693527845,0.6343874506618857,0.5053568790836935,0.4181828699896275,Eukaryote,Stability,Stability,61,208.4,442941,0.885,61,947,2350,True,1-61,MYO3_YEAST,manual,High,Saccharomyces cerevisiae
NCAP_I34A1_Doud_2015,9462,0.40324701657347284,0.307921968763517,0.1531420082314469,0.17556291955812656,0.3287049277895735,0.23163420712944224,0.3555556708559363,0.40526432413876434,0.46458720727087466,0.02638559347252993,0.3437762587386775,0.0536672753075129,0.272531351955103,0.23533880758550774,0.40150807943241523,0.3035943927948623,Virus,OrganismalFitness,,498,2.15,15390,1.0,498,9462,0,False,1-498,NCAP_I34A1,median,Medium,Influenza A virus (strain A/Puerto Rico/8/1934 H1N1)
NKX31_HUMAN_Tsuboyama_2023_2L9R,2482,0.6416939609366801,0.654224657485273,0.0969378531533133,0.08449206752869366,0.18142992068200695,0.12894713436795063,0.6128181281077375,0.6273050696290291,0.622320913547618,0.629563286195191,0.5793934718930898,0.5554176521795536,0.6365818820645887,0.6449476035154965,0.6482628918720587,0.5257085329092898,Human,Stability,Stability,61,147.96,319273,0.902,61,1149,1333,True,1-61,NKX31_HUMAN,manual,High,Homo sapiens
NPC1_HUMAN_Erwood_2022_HEK293T,637,0.752945420653415,0.7106592635916923,0.12683617628783284,0.11680475064798201,0.2436409269358148,0.17410044061183744,0.6926547630338196,0.7314623359863767,0.7500121898171692,0.656927198598255,0.5577139019676991,0.6482118683113575,0.4798412868554983,0.749073034016898,0.7481061770238691,0.665225082031804,Human,Activity,Fluorescence measurement,1278,0.67,6333,0.987,1278,637,0,False,347-1190,NPC1_HUMAN,manual,Low,Homo sapiens
NRAM_I33A0_Jiang_2016,298,0.6168097309484066,0.6329590715350856,0.15660577192780087,0.14603305938984215,0.302638831317643,0.21047079804803517,0.5587878827777476,0.6335127749907743,0.6811602516436474,0.2443411614118001,0.6374044005940293,0.2655276033537663,0.4185765313118475,0.47273862573950365,0.6171231290427073,0.2904331046113935,Virus,OrganismalFitness,,453,15.93,47174,0.976,453,298,0,False,67-285,NRAM_I33A0,median,Medium,Influenza A virus (strain A/Wilson-Smith/1933 H1N1)
NUD15_HUMAN_Suiter_2020,2844,0.7046557107066505,0.6580092387516272,0.11871234453360657,0.11191215961850019,0.23062450415210675,0.16222795210215646,0.5871187289890119,0.6461395747962669,0.6896140491669368,0.6474526527777736,0.5646088733157888,0.6346594300134185,0.5797375965585343,0.6939633443731303,0.702245228283183,0.5981502228544711,Human,Expression,,164,281.51,153922,0.72,164,2844,0,False,2-164,NUD15_HUMAN,manual,High,Homo sapiens
NUSA_ECOLI_Tsuboyama_2023_1WCL,2028,0.6634605789951483,0.8024164483783002,0.09627939382282563,0.09260829345368493,0.1888876872765106,0.13183213594921048,0.6069827617879007,0.6819441048291062,0.6069587255993569,0.4977790712642885,0.5050300912256039,0.5856147123502444,0.7252287549778511,0.7919933633437144,0.7070997235864191,0.5019339129261616,Prokaryote,Stability,Stability,69,598.86,205612,0.812,69,1306,722,True,1-69,NUSA_ECOLI,median,High,Escherichia coli
NUSG_MYCTU_Tsuboyama_2023_2MI6,1380,0.5346078945285685,0.6806863432003208,0.09067222302456651,0.09322514481656904,0.18389736784113556,0.13027550789733425,0.4351879116371716,0.4978248497327578,0.48075849629099926,0.4687254828553112,0.35493525740875076,0.39445599381333524,0.715867903559014,0.5569219350322125,0.6075266525936437,0.49643367204696615,Prokaryote,Stability,Stability,55,320.33,102004,0.964,55,1019,361,True,1-55,NUSG_MYCTU,manual,High,Mycobacterium tuberculosis
OBSCN_HUMAN_Tsuboyama_2023_1V1C,3197,0.815853135785273,0.7718742866467805,0.10713720688756155,0.09138686106016025,0.19852406794772182,0.14054953428734346,0.7657505869132419,0.767562758972537,0.7836097766700786,0.8311123427984508,0.7236693476979057,0.6801514298962731,0.7610671561991884,0.8375599180098816,0.80807441695102,0.6764241289120858,Human,Stability,Stability,65,378.54,718751,0.815,65,1213,1984,True,1-65,OBSCN_HUMAN,manual,High,Homo sapiens
ODP2_GEOSE_Tsuboyama_2023_1W4G,1134,0.2507204536013365,0.25365351865501556,0.13221179959929025,0.10122609484851271,0.2334378944478029,0.16128898854998158,0.1459428565000681,0.2535222126294622,0.19613939875853373,0.11248338808605934,0.1744037451207035,0.1451519830545019,0.4199922044610224,0.21207700134009078,0.3568773910562503,0.2526367398631327,Prokaryote,Stability,Stability,44,397.86,163835,0.909,44,669,465,True,1-44,ODP2_GEOSE,median,High,Geobacillus stearothermophilus
OPSD_HUMAN_Wan_2019,165,0.630688584062722,0.6446985280367591,0.12355863802703643,0.11433743571200407,0.23789607373904048,0.1664505679704527,0.48767407280011615,0.5495224014347222,0.5591230092930445,0.5643081641541104,0.5713428940383488,0.5445129750057016,0.54591185226692,0.660885141172175,0.6551535293140252,0.5814195008686232,Human,Expression,Expression,348,107.19,342311,0.876,348,165,0,False,4-347,OPSD_HUMAN,median,High,Homo sapiens
OTC_HUMAN_Lo_2023,1570,0.655045543676946,0.6462867611936226,0.10886520479960687,0.10290791988101919,0.21177312468062603,0.14939921026219427,0.5590052458483282,0.5942874335949636,0.6090217595279024,0.5852705733757165,0.5530277114008831,0.5891121991305875,0.6714308135446354,0.6841954185564443,0.6663636512185922,0.5455764297467945,Human,Activity,Enzymatic activity,354,53.97,135607,0.87,354,1570,0,False,33-354,OTC_HUMAN,median,Medium,Homo sapiens
OTU7A_HUMAN_Tsuboyama_2023_2L2D,635,0.5626940926063666,0.7197079570160567,0.14651187091097165,0.14263678206014732,0.289148652971119,0.20162547498514688,0.2580773839811531,0.4044433561027682,0.3766293368736624,0.5722026500408306,0.3168593199551751,0.43751596094399553,0.6108058728660996,0.6616298872598924,0.5547284640603495,0.3639775808487411,Human,Stability,Stability,42,12395.25,1359071,0.881,42,635,0,False,1-42,OTU7A_HUMAN,manual,High,Homo sapiens
OXDA_RHOTO_Vanella_2023_activity,6396,0.41864938599456303,0.35302990720423644,0.11731989909474208,0.11298260215340726,0.23030250124814933,0.16320221876082994,0.36232076816781644,0.4556721994635853,0.3600383437053926,0.37804947761611957,0.3349620732744069,0.3289637613150532,0.35671490763707797,0.41650901429393,0.4363166588125601,0.3258664459315367,Eukaryote,Activity,fluorescent label of enzyme product,364,271.28,520184,0.876,364,6396,0,False,1-364,OXDA_RHOTO,manual,High,Rhodotorula gracilis
OXDA_RHOTO_Vanella_2023_expression,6769,0.3589741824565111,0.3985874399040344,0.11669920036108734,0.11431205461699319,0.2310112549780805,0.16403804051994403,0.28677143917034703,0.34251471206297246,0.3243860717191624,0.3325605933182492,0.26853450126650275,0.27932486781202615,0.33869389940522465,0.41761055395784336,0.3827228739893735,0.24859893466877475,Eukaryote,Expression,cell surface expression,364,271.28,520184,0.876,364,6769,0,False,1-364,OXDA_RHOTO,manual,High,Rhodotorula gracilis
P53_HUMAN_Giacomelli_2018_Null_Etoposide,7467,0.502116969929265,0.4714178548444373,0.12024488286063742,0.11683996581697911,0.2370848486776165,0.16697508689506468,0.424311092339655,0.46603792727413385,0.4129500127520598,0.4893765320588467,0.4784105600324016,0.43638122630143117,0.43588621403607847,0.49214684972854816,0.5100226063441237,0.39335967452953774,Human,OrganismalFitness,"drug resistance (nutlin-3, etoposide)",393,0.39,5069,0.858,393,7467,0,False,1-393,P53_HUMAN,manual,Low,Homo sapiens
P53_HUMAN_Giacomelli_2018_Null_Nutlin,7467,0.4891475608550469,0.4563190175283853,0.12048871761273627,0.11670620792612765,0.23719492553886393,0.16703930961697938,0.3836500669251259,0.459627750758484,0.38948988004623764,0.4695053253686423,0.49084475419551404,0.44626522809630237,0.4462204475558942,0.47591934121427226,0.4847588266361844,0.372769965402449,Human,OrganismalFitness,"drug resistance (nutlin-3, etoposide)",393,0.39,5069,0.858,393,7467,0,False,1-393,P53_HUMAN,median,Low,Homo sapiens
P53_HUMAN_Giacomelli_2018_WT_Nutlin,7467,0.5440206001606527,0.47074519320535296,0.12061845200179479,0.11686211994693334,0.23748057194872815,0.1671504500175682,0.46660984684767515,0.5363019028238173,0.40764822877713197,0.5012615924179807,0.5830488911243039,0.5040268196559232,0.5025544175026774,0.48238937282799244,0.5521630451497498,0.3790566784731129,Human,OrganismalFitness,"drug resistance (nutlin-3, etoposide)",393,0.39,5069,0.858,393,7467,0,False,1-393,P53_HUMAN,manual,Low,Homo sapiens
P53_HUMAN_Kotler_2018,1048,0.7247748864652209,0.6448144049682532,0.1240560524798602,0.11923022324276115,0.24328627572262135,0.16944227802483283,0.6011834783986995,0.6713323201530562,0.6711684068337423,0.7097580172305099,0.49561433333551136,0.6284347280302185,0.5491776501323214,0.7237427467307076,0.7223645729093521,0.6277534603821677,Human,OrganismalFitness,growth,393,0.37,4129,0.863,393,1048,0,False,102-292,P53_HUMAN,manual,Low,Homo sapiens
P84126_THETH_Chan_2017,1519,0.6567119569572035,0.6886756055839391,0.10706248048346599,0.10951374050793174,0.21657622099139773,0.15400666587300643,0.6026453696812062,0.5545334800048692,0.619827541896752,0.6259626136074364,0.5722147837916303,0.6155771594791934,0.4514435071930506,0.6862963713621383,0.6399639389462416,0.6166636906724788,Prokaryote,OrganismalFitness,fitness,254,41.7,53441,0.941,254,1519,0,False,44-238,P84126_THETH,manual,Medium,Thermus thermophilus
PABP_YEAST_Melamed_2013,37708,0.7367869239378817,0.7121936843901875,0.1021370944744915,0.09614498109190202,0.19828207556639352,0.13972015477355115,0.6187813556097437,0.7226255532872957,0.7048572385202668,0.7350792665526321,0.6975988911564301,0.6787060180286557,0.5305180427944208,0.7619034210938255,0.7293417678896376,0.6701805806085915,Eukaryote,OrganismalFitness,"Growth (essential function), RNA binding",577,1.42,7866,0.919,577,1187,36521,True,126-200,PABP_YEAST,manual,Medium,Saccharomyces cerevisiae
PAI1_HUMAN_Huttinger_2021,5345,0.47589887306873024,0.4594609926646995,0.10582775362344117,0.09925188639418776,0.20507964001762893,0.14601379761320007,0.4093899189583088,0.4309116703172386,0.4515278177501458,0.4601843717187537,0.39496418131471706,0.42463730836317476,0.4108216794284979,0.5051138853435122,0.486370353991242,0.43193947190182685,Human,Activity,PAI-1 inhibition of uPA,402,30.34,52528,0.94,402,5345,0,False,24-402,PAI1_HUMAN,median,Medium,Homo sapiens
PA_I34A1_Wu_2015,1820,0.5286974724951522,0.3210550157593742,0.1551413385963103,0.16980932281671512,0.3249506614130255,0.2289978253940962,0.5287413495961263,0.5795757951809366,0.5813472195906536,0.06101230117446359,0.520192563562598,0.2105578248315443,0.21813275485806194,0.24616999546878499,0.47258052279628027,0.33902920907773343,Virus,OrganismalFitness,Viral replication,716,1.75,26750,1.0,716,1820,0,False,8-716,PA_I34A1,median,Medium,Influenza A virus (strain A/Puerto Rico/8/1934 H1N1)
PHOT_CHLRE_Chen_2023,167529,0.7151564767253217,0.4453561816595948,0.11688560638758463,0.10378158871383551,0.22066719510142016,0.1529208424912792,0.5413433676342321,0.5922058866553416,0.6698976788144131,0.7628481287687625,0.6603229546185827,0.7305723320217831,0.6178727310116416,0.6172951179260263,0.6721816483603532,0.7063698733052681,Eukaryote,Activity,Fluorescence,118,5215.65,1627150,0.873,118,2122,165407,True,1-118,PHOT_CHLRE,median,High,Chlamydomonas reinhardtii
PIN1_HUMAN_Tsuboyama_2023_1I6C,802,0.7574950582757113,0.7869479453636653,0.11168866028125374,0.10257032304886926,0.214258983330123,0.15191391536612256,0.6043284804160922,0.7177255331627589,0.7493804532619484,0.7030115868288432,0.6993506005257101,0.5882609548762092,0.7046012059808842,0.7467580686913176,0.7790350616071026,0.6784534886200163,Human,Stability,Stability,39,287.66,248269,0.821,39,686,116,True,1-39,PIN1_HUMAN,median,High,Homo sapiens
PITX2_HUMAN_Tsuboyama_2023_2L7M,1824,0.5570363610619404,0.5526171099002928,0.08144898930894637,0.08571602080260445,0.16716501011155083,0.12146558169182216,0.5495951754642764,0.5085015073179315,0.5566671281407326,0.5124868971272059,0.4946492059593272,0.4217691690105691,0.616829872692376,0.5506447774577378,0.6114649434094749,0.47518676171527685,Human,Stability,Stability,52,191.76,344174,1.0,52,938,886,True,1-52,PITX2_HUMAN,median,High,Homo sapiens
PKN1_HUMAN_Tsuboyama_2023_1URF,1301,0.398608625150055,0.5745144315405404,0.1260358281139144,0.11767609930038363,0.243711927414298,0.16969989514313366,0.2582089832334662,0.359068603145673,0.2827378633015114,0.33738620374070477,0.32491612866327324,0.2586191941201655,0.5104514299056252,0.461481389835489,0.48668837219404554,0.27643850798093855,Human,Stability,Stability,71,772.42,187829,0.845,71,1301,0,False,1-71,PKN1_HUMAN,manual,High,Homo sapiens
POLG_CXB3N_Mattenberger_2021,15711,0.47628457741712016,0.35433707453389623,0.14622012557331643,0.13807738901292088,0.2842975145862373,0.1984014155368087,0.44713788140380256,0.49273282340648566,0.48913555850167706,0.24860468584288006,0.4040610726430347,0.41997363341444266,0.23838417330701744,0.27863243360389456,0.4700559529418478,0.4228020535015441,Virus,OrganismalFitness,Viral replication,2185,1.79,7909,0.959,861,15711,0,False,1-851,POLG_CXB3N,median,Medium,Coxsackievirus B3 (strain Nancy)
POLG_DEN26_Suphatrakul_2023,16897,0.6303308371280897,0.4881625275386489,0.14616145622524876,0.15570514067930305,0.30186659690455186,0.21130699915550677,0.5401983408953511,0.6653167698286612,0.6734573223354977,0.0782226559214495,0.4996298258517285,0.6217439257448721,0.3369800112919327,0.3198467532999604,0.6303425348049894,0.5362605880165803,Virus,OrganismalFitness,Viral replication,900,0.55,10676,1.0,900,16897,0,False,1-900,POLG_DEN26,median,Low,Dengue virus type 2 (strain Thailand/16681/1984) (DENV-2)
POLG_HCVJF_Qi_2014,1630,0.7040632013621507,0.5995486095050971,0.17116072679884106,0.14724287848847492,0.31840360528731604,0.2198973919792154,0.551576965938947,0.6069657734907284,0.6724827206386926,0.36608290238802177,0.4532126060718131,0.605530955797556,0.5899285081362524,0.47366320512574955,0.7128221839506087,0.4770382814761182,Virus,OrganismalFitness,Viral replication,3033,41.97,16556,1.0,106,1630,0,False,1994-2079,POLG_HCVJF,manual,Medium,Hepatitis C virus genotype 2a (isolate JFH-1) (HCV)
POLG_PESV_Tsuboyama_2023_2MXD,5130,0.627259793799231,0.7590951641408005,0.12801882054841976,0.16993759657909716,0.2979564171275169,0.21151247013963412,0.45300853602412566,0.5981211377991916,0.5508140597183702,0.19428923030105277,0.051055561100468765,0.30317547181126203,0.6126063949651461,0.7921533254874689,0.7582058675964221,0.46030622268169435,Virus,Stability,Stability,53,262.74,20190,0.887,53,995,4135,True,1-53,POLG_PESV,manual,High,Porcine enteric sapovirus (isolate Swine/United States/Cowden/1980)
PPARG_HUMAN_Majithia_2016,9576,0.7258101144652439,0.5384261309564882,0.11619508163891475,0.10595545900143663,0.22215054064035133,0.15671896116376338,0.6337623976906419,0.7079070640978615,0.6454575038739323,0.6833437702865577,0.6276890197756403,0.7108573992182368,0.6277658750654634,0.6397210658611088,0.7317178373855842,0.6192640713766624,Human,Activity,Expression of CD36,505,6.24,39993,0.8,505,9576,0,False,2-505,PPARG_HUMAN,manual,Medium,Homo sapiens
PPM1D_HUMAN_Miller_2022,7889,0.6440117591911436,0.5754407147477418,0.10390402876105831,0.10015253915512438,0.20405656791618268,0.14405067414339412,0.5780362584130841,0.6251761103675718,0.6091842587804855,0.6313197575697608,0.5802104970154092,0.5874608041276153,0.5615059336135432,0.6233569242023784,0.6431964477365204,0.5242200104485324,Human,OrganismalFitness,Fitness with GFP reporter,605,0.56,1844,0.993,605,7889,0,False,2-421,PPM1D_HUMAN,median,Low,Homo sapiens
PR40A_HUMAN_Tsuboyama_2023_1UZC,2033,0.8267814651726814,0.8580743209634669,0.09931149832043831,0.09681244175789984,0.1961239400783381,0.13925037635010648,0.7386879608788389,0.8075674954513865,0.7974978740800439,0.7899440854689687,0.721807842789591,0.6823131402474423,0.7734718511932506,0.8516928435417367,0.8624918111813804,0.6278314213357618,Human,Stability,Stability,63,56.72,63560,0.857,63,1163,870,True,1-63,PR40A_HUMAN,median,Medium,Homo sapiens
PRKN_HUMAN_Clausen_2023,8756,0.7113612044841111,0.6801710525774752,0.11762860706158225,0.11027824933081068,0.22790685639239294,0.16019451681685734,0.6238521681474417,0.660561363344658,0.6515722268442593,0.618356334592791,0.6275259504820498,0.5916041731912015,0.6617801515808901,0.7023282982074922,0.7125573303052868,0.5983217231922335,Human,Expression,protein stability,465,0.37,1457,0.998,465,8756,0,False,1-465,PRKN_HUMAN,manual,Low,Homo sapiens
PSAE_PICP2_Tsuboyama_2023_1PSE,1579,0.6616887422451354,0.7313290415307055,0.08871983608131406,0.09084718713204872,0.17956702321336274,0.12667718789243815,0.5770330350475613,0.5829717525520741,0.5503802531529441,0.6632040728871029,0.5074485708973583,0.5942364019763129,0.6920903139855082,0.7382260829951176,0.7021378639244564,0.5823058133296172,Prokaryote,Stability,Stability,68,1.85,1785,0.868,68,1219,360,True,1-68,PSAE_PICP2,manual,Medium,Picosynechococcus
PTEN_HUMAN_Matreyek_2021,5083,0.5289681231212321,0.515784362702075,0.11669096111631781,0.11759227655399081,0.2342832376703086,0.16457583840109044,0.4100339586950793,0.49155928720996167,0.4838075259955565,0.4843950989463031,0.4294577221962288,0.4041730655243345,0.48420983721014044,0.532106267071375,0.5171804018376877,0.48144718702839695,Human,Expression,Protein abundance (FACS sorting for abundance of GFP-fused target),403,3.72,19058,0.752,403,5083,0,False,1-403,PTEN_HUMAN,median,Medium,Homo sapiens
PTEN_HUMAN_Mighell_2018,7260,0.5624307507068199,0.5236070950584122,0.11599183879122994,0.11555428469640858,0.2315461234876385,0.16262564165441704,0.53686452354792,0.5407315779262463,0.5532013976552664,0.543630371949634,0.3646665070641831,0.4242286722708653,0.44781748179119224,0.5636608042701768,0.568535925919761,0.5095817531200453,Human,Activity,"growth (surrogate for enzymatic activity/hydrolysis of lipid phosphates to restore PIP2, which affects proliferation rate)",403,3.72,19058,0.752,403,7260,0,False,1-403,PTEN_HUMAN,manual,Medium,Homo sapiens
Q2N0S5_9HIV1_Haddox_2018,12729,0.5746801002362096,0.5910893582336403,0.140441499319995,0.13639038505253834,0.27683188437253337,0.19291687242407798,0.446008195753492,0.5405806507104168,0.53529418248259,0.4559942347246641,0.4846912976787143,0.4113329111417161,0.3914501826988662,0.39367615918206844,0.6480321847329946,0.503852649570597,Virus,OrganismalFitness,Viral replication,860,42.86,75014,0.976,860,12729,0,False,30-699,Q2N0S5_9HIV1,manual,Medium,Human immunodeficiency virus 1
Q53Z42_HUMAN_McShan_2019_binding-TAPBPR,3344,0.39163748239850077,0.45370777962405573,0.11635160897970034,0.1092379601693297,0.22558956914903006,0.15899184761365087,0.3583803562784796,0.3500551863260894,0.3508459674636428,0.354762972150503,0.31676773745221093,0.2906895106878717,0.3606224263336108,0.42698708975919375,0.41948047815829237,0.3333530912227039,Human,Binding,binding affinity (TAPBPR),365,13.24,41636,0.986,365,3344,0,False,26-205,Q53Z42_HUMAN,median,Medium,Homo sapiens
Q53Z42_HUMAN_McShan_2019_expression,3344,0.6285862248868389,0.635875329820551,0.11680630916209526,0.10933077434079709,0.22613708350289238,0.15968379428829854,0.5372774379887869,0.5959035710298447,0.5850265805143787,0.5748114156946476,0.5315210579813336,0.5172115555341311,0.4875679004702272,0.6641172724426924,0.6725848888227886,0.5538734798173707,Human,Expression,surface expression,365,13.24,41636,0.986,365,3344,0,False,26-205,Q53Z42_HUMAN,median,Medium,Homo sapiens
Q59976_STRSQ_Romero_2015,2999,0.6981674457473583,0.602376159690331,0.10384776101697986,0.09663870065266104,0.20048646166964093,0.1434940613809552,0.6572468053785481,0.6933451323306729,0.6808627553869296,0.6156727640715638,0.6810887744712238,0.6649135342328162,0.506238652367148,0.6423288074457617,0.6748760516125072,0.6636034879125122,Prokaryote,Activity,Enzyme function,501,27.97,105913,0.882,501,2999,0,False,2-501,Q59976_STRSQ,manual,Medium,Streptomyces sp
Q6WV12_9MAXI_Somermeyer_2022,31401,0.3102815922977777,0.31367746257432483,0.13977640539841393,0.1658433944624439,0.3056197998608578,0.21672617091220872,0.3639062673877857,0.44048817956724284,0.42666264980501484,0.008371487135070667,-0.008835079433339646,-0.029676196065568098,0.24573754733034586,0.24438721818900022,0.44106314962767595,0.19321328426810958,Eukaryote,Activity,Fluorescence,222,0.44,506,1.0,222,1141,30260,True,2-222,Q6WV12_9MAXI,median,Low,Pontellina plumata
Q837P4_ENTFA_Meier_2023,697,0.5827342234323845,0.6280073044781468,0.12911273353507838,0.11945770112810718,0.24857043466318554,0.17715760176089915,0.5106791204561859,0.5474647435550786,0.5081533058013237,0.5436644330339672,0.48802069834603307,0.5129347886345004,0.4017759286301028,0.6326258070176983,0.6268596961668114,0.4494433346651213,Prokaryote,Activity,Drug efflux,589,90.8,343933,0.975,589,697,0,False,32-543,Q837P4_ENTFA,median,Medium,Enterococcus faecalis
Q837P5_ENTFA_Meier_2023,747,0.44001986699820556,0.5306661982189198,0.11700701409885095,0.10795255087132381,0.22495956497017472,0.15892381344701698,0.4363176656799252,0.3828667403583513,0.37155502493699255,0.37001295846276394,0.4886814625351179,0.3811004510044772,0.34437009049838013,0.47910288026348713,0.44877275076431206,0.3343843307224804,Prokaryote,Activity,Drug efflux,571,95.02,346355,0.993,571,747,0,False,25-523,Q837P5_ENTFA,median,Medium,Enterococcus faecalis
Q8WTC7_9CNID_Somermeyer_2022,33510,0.308805579642117,0.3153370880786459,0.14506917997141028,0.1577733581512523,0.30284253812266254,0.21280684850457973,0.32391911170573473,0.38307803916408106,0.3536698989880606,-0.027741301688341474,0.21619703939502005,-0.037335262974605106,0.24586578608060233,0.2692237637122185,0.4305339622356195,0.24099482803235742,Eukaryote,Activity,Fluorescence,238,0.51,655,1.0,238,1201,32309,True,2-238,Q8WTC7_9CNID,manual,Low,Aequorea macrodactyla
R1AB_SARS2_Flynn_2022,5725,0.549983231777076,0.4419458022424532,0.17105357625734546,0.1610012122877427,0.33205478854508813,0.22933786733949754,0.552597685954496,0.6291290672819538,0.5318658539972368,0.029558693217781064,0.2576160817694229,0.29668564691594346,0.45118050689514966,0.3521676697456942,0.636873773572989,0.29370551719701793,Virus,OrganismalFitness,"FRET, Growth",306,1.14,182169,1.0,306,5725,0,False,1-306,R1AB_SARS2,manual,Medium,Severe acute respiratory syndrome coronavirus 2 (2019-nCoV) (SARS-CoV-2)
RAD_ANTMA_Tsuboyama_2023_2CJJ,912,0.5425815175239209,0.6964965360947463,0.12082246305904033,0.11321018906384683,0.23403265212288718,0.16439593510707884,0.29404496937928887,0.5316459528968971,0.49513243331482537,0.4854913124754663,0.509010090697033,0.4516881997662539,0.5774662668134574,0.5956331590627186,0.5956227125475431,0.3523227319550277,Eukaryote,Stability,Stability,54,777.81,423275,0.833,54,774,138,True,1-54,RAD_ANTMA,median,High,Antirrhinum majus
RAF1_HUMAN_Zinkus-Boltz_2019,297,0.4808751314184024,0.4033666261132312,0.11747653528857767,0.10901383438666731,0.22649036967524502,0.15792359870336425,0.42383396056561407,0.4790532443598377,0.4413452242159729,0.49249729262619857,0.3901465903366218,0.42565456667073076,0.35341579976323995,0.470434799829174,0.46635269544572816,0.4209297719556633,Human,OrganismalFitness,Viral Replication,648,0.59,9685,0.972,648,297,0,False,52-90,RAF1_HUMAN,median,Low,Homo sapiens
RASH_HUMAN_Bandaru_2017,3134,0.5052376998604127,0.5889076480187673,0.11168302652860675,0.10515563301357923,0.21683865954218592,0.15189989582762242,0.47966103717531045,0.43532804591683405,0.4975364307156362,0.44997307783672413,0.4223241188205405,0.3607656380789087,0.3944539901015024,0.5423071497287131,0.5474798959491862,0.4587913252781137,Human,Activity,C-Raf binding and GEF,189,125.77,204751,0.862,189,3134,0,False,2-166,RASH_HUMAN,manual,High,Homo sapiens
RASK_HUMAN_Weng_2022_abundance,26012,0.358205367298348,0.3618244118966377,0.11617105667409962,0.10555608928677153,0.2217271459608712,0.15628511465526154,0.33078737823263643,0.3269440515683701,0.33091478487944503,0.24518503564365166,0.3742541208861433,0.2975392807900255,0.42039319770788247,0.36375288821221,0.33928767483871547,0.2530388886894201,Human,Expression,Yeast growth,188,146.37,260539,0.888,188,3066,22946,True,2-188,RASK_HUMAN,median,High,Homo sapiens
RASK_HUMAN_Weng_2022_binding-DARPin_K55,24873,0.6624293516245051,0.6712206514925108,0.11511612716452814,0.1045936936484437,0.21970982081297186,0.15490821121131695,0.5909722737531617,0.6099386438097095,0.6620244020702153,0.6336454704417523,0.526704407419973,0.6072274713119988,0.4637964823441449,0.6801384765899111,0.6739427038255611,0.6034418327759566,Human,Binding,Yeast growth,188,146.37,260539,0.888,188,3084,21789,True,2-188,RASK_HUMAN,median,High,Homo sapiens
RBP1_HUMAN_Tsuboyama_2023_2KWH,1332,0.4814363324564804,0.5186893307890499,0.1216320980439789,0.11417226580394942,0.23580436384792833,0.16745352562788043,0.2628264714135011,0.3986735208143359,0.31470507491670857,0.5112238879227298,0.34905723391413573,0.4132309285048731,0.5697676293376536,0.5475065385668426,0.5141414353268017,0.3852761938931222,Human,Stability,Stability,52,976.49,135922,0.827,52,975,357,True,1-52,RBP1_HUMAN,median,High,Homo sapiens
RCD1_ARATH_Tsuboyama_2023_5OAO,1261,0.517289969023839,0.6137688589450644,0.10895051982650607,0.10694351230455809,0.2158940321310642,0.1531407326929565,0.3408395679841969,0.4542995684002137,0.4394198922076344,0.5344202519850321,0.408636136182158,0.3933868764372522,0.5564585525012565,0.585488305636512,0.5550239906072716,0.39418389660233477,Eukaryote,Stability,Stability,57,28.23,6525,0.93,57,988,273,True,1-57,RCD1_ARATH,median,Medium,Arabidopsis thaliana
RCRO_LAMBD_Tsuboyama_2023_1ORC,2278,0.6719196656975008,0.7897560851935159,0.11312393492099863,0.11880623373798414,0.23193016865898272,0.16470485109003588,0.5852329093993652,0.6299263734147783,0.6334165427615641,0.5766221810363278,0.3043426472972513,0.5372557176448877,0.7660023966570294,0.7211260322314909,0.7421805518948551,0.5063539989560693,Virus,Stability,Stability,63,803.73,392895,0.762,63,1195,1083,True,1-63,RCRO_LAMBD,median,High,Escherichia phage lambda (Bacteriophage lambda)
RD23A_HUMAN_Tsuboyama_2023_1IFY,1019,0.5770438885412101,0.6481412392554864,0.10166607789974438,0.09099323976988549,0.19265931766962988,0.1349863975091715,0.44655813545432477,0.5169306894901246,0.5327119084731986,0.540191949443279,0.4891146329679838,0.5549362339312285,0.5880252783040708,0.5557315956608557,0.639405454093984,0.5484860667367972,Human,Stability,Stability,44,182.36,100991,0.864,44,798,221,True,1-44,RD23A_HUMAN,median,High,Homo sapiens
RDRP_I33A0_Li_2023,12003,0.5344598446966441,0.3205823102173708,0.16634589103920752,0.15380750768576346,0.32015339872497095,0.2213770868759029,0.45932294624408404,0.5529904842920106,0.5769152800507916,0.1958442325627165,0.435909215853214,0.42384024775483575,0.21298439194854152,0.31906768680807224,0.4771996396521631,0.4154163869844806,Virus,OrganismalFitness,Viral Replication,757,1.52,26589,1.0,757,12003,0,False,1-757,RDRP_I33A0,manual,Medium,Influenza A virus (strain A/Wilson-Smith/1933 H1N1)
REV_HV1H2_Fernandes_2016,2147,0.33948086634638674,0.3297788209507633,0.13626699794812577,0.12539368935815093,0.26166068730627673,0.18257670885947877,0.20731358492806692,0.334953271411282,0.25277211456731674,0.34218498612588377,0.2624517893988876,0.24263996873725532,0.2915785938465189,0.3268792244193718,0.38253766202404665,0.2954677204757442,Virus,OrganismalFitness,Viral replication,116,104.82,15839,0.948,116,2147,0,False,1-116,REV_HV1H2,median,High,Human immunodeficiency virus type 1 group M subtype B (isolate HXB2) (HIV-1)
RFAH_ECOLI_Tsuboyama_2023_2LCL,1326,0.32426140564017614,0.44603376754172946,0.12486202046641116,0.12086256695408158,0.2457245874204928,0.17545586765093898,0.23339716853747733,0.2697472827870858,0.2638942505764452,0.2812359938699128,0.1544444290721867,0.3013518327436941,0.35015872023572286,0.41089901253343697,0.3724020095238424,0.2614722152754407,Prokaryote,Stability,Stability,55,258.65,86049,0.927,55,969,357,True,1-55,RFAH_ECOLI,median,High,Escherichia coli
RL20_AQUAE_Tsuboyama_2023_1GYZ,1461,0.7147482126879098,0.8034095050318163,0.1018512624496409,0.09579088300869151,0.1976421454583324,0.14177208226013813,0.6168647405426004,0.6737232798054544,0.5924957407908524,0.6903052868334613,0.5436730739710889,0.5845119267413228,0.801506662216449,0.7872458059601691,0.7659224423823301,0.5911701017083341,Prokaryote,Stability,Stability,59,1816.95,397758,0.814,59,1121,340,True,1-59,RL20_AQUAE,manual,High,Aquifex aeolicus
RL40A_YEAST_Mavor_2016,1253,0.4669933830002651,0.6156384027949435,0.13390259811768557,0.12362333303142808,0.25752593114911365,0.18171393821664644,0.40805080336687166,0.3814520735097514,0.44064013916635364,0.4485054316815879,0.4822703659658673,0.3471792423543502,0.09433602617584504,0.5817583626281234,0.49475892756740175,0.40817351523033146,Eukaryote,OrganismalFitness,Growth,128,30.52,16228,0.695,128,1253,0,False,2-76,RL40A_YEAST,manual,Medium,Saccharomyces cerevisiae
RL40A_YEAST_Roscoe_2013,1195,0.5431622933683306,0.7103924416304949,0.1349649138231592,0.12529416115209474,0.2602590749752539,0.18359661084720802,0.4573595305940398,0.47371289353093093,0.5094821239325179,0.5123073054295489,0.550424692529278,0.35764024196639116,0.1535242563160986,0.675593610363312,0.5794350710984232,0.44259656594454844,Eukaryote,OrganismalFitness,Growth (essential function),128,30.52,16228,0.695,128,1195,0,False,2-76,RL40A_YEAST,manual,Medium,Saccharomyces cerevisiae
RL40A_YEAST_Roscoe_2014,1380,0.47507309307091333,0.7046948213286599,0.13340356318411556,0.1236927551176158,0.25709631830173135,0.18143298861922352,0.3594266416744038,0.38857850636082786,0.43770278404711177,0.39626628987797063,0.4084640996174117,0.25452818837943914,0.32880550094958755,0.612277577780838,0.5680460426975669,0.39647484238994163,Eukaryote,Activity,E1 reactivity,128,30.52,16228,0.695,128,1380,0,False,2-76,RL40A_YEAST,manual,Medium,Saccharomyces cerevisiae
RNC_ECOLI_Weeks_2023,4277,0.6294854328509742,0.5787580992145155,0.0985005225336807,0.10054352007591899,0.1990440426095997,0.14124629474779948,0.6120199338883305,0.6168989423021464,0.6174429904480032,0.6156158997161856,0.553432690765468,0.5700982692215593,0.385538004754191,0.6179613814421422,0.6046438396540676,0.5836563792524856,Prokaryote,Activity,Fluorescence,226,70.7,66507,0.969,226,4277,0,False,1-226,RNC_ECOLI,median,Medium,Escherichia coli
RPC1_BP434_Tsuboyama_2023_1R69,1459,0.7692659286980088,0.7654206425737352,0.08060532017208695,0.07099252750133067,0.1515978476734176,0.10783912955346535,0.6942314145890773,0.7475205058814096,0.7267753373673986,0.7405811711671795,0.7350769709688614,0.7380490137587087,0.7807996838229703,0.755158857339389,0.7733388746536128,0.7092918681149721,Virus,Stability,Stability,61,9091.45,820224,0.951,61,1124,335,True,1-61,RPC1_BP434,median,High,Enterobacteria phage 434 (Bacteriophage 434)
RPC1_LAMBD_Li_2019_high-expression,351,0.5184582135803878,0.5068681318681318,0.11157293431352476,0.10705353403276063,0.2186264683462854,0.15546260672677173,0.45359752358239797,0.4877263046603696,0.5091786927527908,0.5602268180052464,0.3838011103687133,0.4130207789561953,0.3547744569136278,0.5628677676044588,0.5368535229596593,0.45593798177212685,Virus,Activity,Repressor activity (FACS sorting for expression of GFP reporter),237,121.45,100755,0.886,237,351,0,False,19-77,RPC1_LAMBD,manual,High,Escherichia phage lambda (Bacteriophage lambda)
RPC1_LAMBD_Li_2019_low-expression,351,0.5349594575479062,0.5936274836274835,0.11189252343256002,0.1056109508207738,0.21750347425333383,0.15446805261163643,0.4607095231038517,0.5684510052183368,0.5010837108173847,0.5406034919590554,0.4017084091113556,0.40705894024617234,0.3872409898303219,0.5921565297494477,0.5736808089504184,0.46460892631218226,Virus,Activity,Repressor activity (FACS sorting for expression of GFP reporter),237,121.45,100755,0.886,237,351,0,False,19-77,RPC1_LAMBD,median,High,Escherichia phage lambda (Bacteriophage lambda)
RS15_GEOSE_Tsuboyama_2023_1A32,1195,0.4640043201130938,0.618524051387203,0.10094975131399991,0.10139554189518633,0.20234529320918623,0.14276030605282808,0.32579038424587475,0.4302815039046743,0.3696282587949095,0.400495346341726,0.33944101534067045,0.37098750107797934,0.6011005000564416,0.5361375407256115,0.5688541465372644,0.34062920925859697,Prokaryote,Stability,Stability,63,68.91,44428,1.0,63,1195,0,False,1-63,RS15_GEOSE,median,Medium,Geobacillus stearothermophilus
S22A1_HUMAN_Yee_2023_abundance,9803,0.6902539561305675,0.6397456463316608,0.12408902383123797,0.11287843790117469,0.23696746173241265,0.16814081572617087,0.593829130686804,0.6149704793367684,0.6517799481440124,0.6611719537856314,0.6314654982721633,0.6066517532203635,0.5333182590154658,0.6882222905960926,0.6854660706602154,0.5307752624411756,Human,Expression,abundance,553,62.71,198790,0.807,553,9803,0,False,1-549,S22A1_HUMAN,manual,Medium,Homo sapiens
S22A1_HUMAN_Yee_2023_activity,10094,0.6534766906650936,0.5793640788992634,0.12345008962476825,0.1123019043514861,0.23575199397625435,0.16732016411564182,0.5711673197464765,0.6272714700323735,0.5973675701897079,0.6059507941489622,0.6013300084317116,0.5683185217544153,0.5062165849296303,0.6124334196628008,0.6598066920919817,0.5134674394573814,Human,Activity,uptake of cytotoxic substrate,553,62.71,198790,0.807,553,10094,0,False,1-549,S22A1_HUMAN,manual,Medium,Homo sapiens
SAV1_MOUSE_Tsuboyama_2023_2YSB,965,0.5564286371785745,0.5343625698445622,0.10537990078761417,0.11503553427257214,0.22041543506018635,0.1577801704369337,0.34136448298201516,0.5222121134732159,0.490525114973138,0.5258537832010194,0.5121355762372657,0.442975794293704,0.48099201990927176,0.5307856720136003,0.561145135370544,0.5425771916191082,Eukaryote,Stability,Stability,43,105.1,177542,0.791,43,679,286,True,1-43,SAV1_MOUSE,median,High,Mus musculus
SBI_STAAM_Tsuboyama_2023_2JVG,1025,0.5912585986286578,0.7035010496897731,0.137808371999932,0.12982381503297208,0.26763218703290415,0.18702758472953293,0.3491637963898598,0.6100326368925935,0.47128733560147035,0.5219951220840765,0.3288203366875633,0.28453014461413006,0.6893239100089891,0.6851392011935522,0.6911313317147616,0.363256187201837,Prokaryote,Stability,Stability,56,27.03,14476,0.875,56,1025,0,False,1-56,SBI_STAAM,median,Medium,Staphylococcus aureus
SC6A4_HUMAN_Young_2021,11576,0.5818872862460862,0.5339920215989461,0.09826798585342912,0.09319367652838326,0.1914616623818124,0.13670252134865407,0.48762572391945463,0.5375477853476069,0.5730672422611683,0.5625891437510959,0.5199583479660599,0.534606060830537,0.5176056004855553,0.5911426292811338,0.5706546525744388,0.5716110786035503,Human,Activity,Fluorescence,630,8.81,40971,0.805,630,11576,0,False,2-630,SC6A4_HUMAN,median,Medium,Homo sapiens
SCIN_STAAR_Tsuboyama_2023_2QFF,1212,0.42982958002494986,0.5134975581519203,0.13229674254965199,0.143803023724792,0.276099766274444,0.19452304434995235,0.2421891272618261,0.3485558706226432,0.2847315366976416,0.3154388413094436,0.19992264422779954,0.1474168514213353,0.5482006770736059,0.5855906701069282,0.5571959510430678,0.276394861787636,Prokaryote,Stability,Stability,70,163.66,38043,0.9,70,1212,0,False,1-70,SCIN_STAAR,median,High,Staphylococcus aureus
SCN5A_HUMAN_Glazer_2019,224,0.1713651653592007,0.17949390051179956,0.13494886290428396,0.14373599151526545,0.2786848544195494,0.19572148939247155,0.16666951388964485,0.17904351500406418,0.15449776208971552,0.15055937022536034,0.11407248556367258,0.18188408833877068,0.07384692916652054,0.18864198124207768,0.16753123967332792,0.09635613524842455,Human,OrganismalFitness,"drug resistance (triple-drug assay: veratridine + brevetoxin + ouabain; surrogate for sodium channel dysfunction, select against function)",2016,26.58,49973,0.812,32,224,0,False,1621-1632,SCN5A_HUMAN,median,Medium,Homo sapiens
SDA_BACSU_Tsuboyama_2023_1PV0,2770,0.5714099795057955,0.7218052384657704,0.09332309890695901,0.10780009030972598,0.20112318921668498,0.1500845740802428,0.6392367125903438,0.6334307429964903,0.5030286036790607,0.5440297022652456,0.09486445794386947,0.5564183837735946,0.5707947856051905,0.6754635513867144,0.6721151190233207,0.41984760822304223,Prokaryote,Stability,Stability,44,20.05,1953,0.886,44,834,1936,True,1-44,SDA_BACSU,manual,Medium,Bacillus subtilis
SERC_HUMAN_Xie_2023,1914,0.5876169203359923,0.4900863208661547,0.10280202754100266,0.09714767512936007,0.19994970267036274,0.1425444591837009,0.5396499819328201,0.5419297889626765,0.577013246417382,0.5736981141621789,0.5447676318040254,0.5533624316117198,0.41511362318131095,0.5803784786043452,0.5632328245731733,0.5470621374803053,Human,OrganismalFitness,Yeast growth,370,117.4,232438,0.949,370,1914,0,False,2-370,SERC_HUMAN,median,High,Homo sapiens
SHOC2_HUMAN_Kwon_2022,10972,0.42318711126264313,0.34982093963705646,0.11544656960334379,0.09440405230332105,0.20985062190666484,0.14835948491057405,0.37931528486584487,0.42910587765714675,0.41281253478451563,0.3977424894140948,0.3889627989825601,0.4047422641125454,0.31791357790396735,0.3897774898127804,0.41425156769516946,0.42228978121020744,Human,OrganismalFitness,Drug resistance,582,15.55,22163,0.777,582,10972,0,False,2-582,SHOC2_HUMAN,median,Medium,Homo sapiens
SOX30_HUMAN_Tsuboyama_2023_7JJK,1010,0.33892638902008476,0.378917788788875,0.11040886231372707,0.11524602099873053,0.22565488331245764,0.15985369250622547,0.269896005846321,0.19982370253322337,0.27795615258655265,0.31478888277313316,0.30219006313252605,0.19668721459442232,0.5181694027990584,0.38411846230603136,0.39173590720200835,0.22076625733233968,Human,Stability,Stability,57,262.24,158104,0.982,57,1010,0,False,1-57,SOX30_HUMAN,median,High,Homo sapiens
SPA_STAAU_Tsuboyama_2023_1LP1,2105,0.5400135914686289,0.6643174711832533,0.12002472980661248,0.14391416697219472,0.26393889677880716,0.18624945710521493,0.5267307933329598,0.5612749714206284,0.5288443814908548,0.003979155205786419,0.22261714610354624,0.20794022863272954,0.6390071500550294,0.6133423248612601,0.6862430029917668,0.4504886061403032,Prokaryote,Stability,Stability,55,37.48,184804,0.927,55,1035,1070,True,1-55,SPA_STAAU,median,Medium,Staphylococcus aureus
SPG1_STRSG_Olson_2014,536962,0.42412781221773693,0.7220983229929852,0.1456321367132825,0.14323586715115186,0.28886800386443434,0.20430401727983838,0.26210790877828644,0.4482163205357067,0.3216911066358213,0.26785413238515315,0.23375004315749484,0.2664156276547693,0.3384210737488488,0.5554227305369984,0.5811175848292458,0.19253522478308743,Prokaryote,Binding,Binding (IgG),448,0.0,44,0.913,448,1045,535917,True,228-282,SPG1_STRSG,manual,Low,Streptococcus sp. group G
SPG1_STRSG_Wu_2016,149360,0.10397296525216675,0.23910732570052612,0.1157601580023515,0.12367181485984095,0.23943197286219245,0.17225992924721123,0.03853540309692056,0.13131123775488346,0.10998283124177433,0.09494373754314407,-0.014176574812316567,0.09392891878469016,0.10889703941528317,0.19885240780941799,0.18048817268553233,0.027404654898604268,Prokaryote,Binding,Binding (IgG),448,1.34,3109,1.0,448,76,149284,True,265-280,SPG1_STRSG,median,Medium,Streptococcus sp. group G
SPG2_STRSG_Tsuboyama_2023_5UBS,1451,0.6245630303224093,0.6901819776614588,0.10824769639805105,0.11843750760528414,0.22668520400333517,0.1643919671132109,0.5480546400480478,0.644168218067979,0.556985146686837,0.475198877857152,0.491690743776276,0.35408204693230044,0.6128163327312849,0.6672431745453324,0.7280703589553031,0.4400732919079078,Prokaryote,Stability,Stability,56,56.55,39899,0.75,56,1029,422,True,1-56,SPG2_STRSG,median,Medium,Streptococcus sp. group G
SPIKE_SARS2_Starr_2020_binding,3802,0.45328621075655157,0.5473574145271195,0.15321996374649846,0.17131295652173922,0.32453292026823766,0.2263355855737124,0.2223216004052811,0.40816550665156265,0.3733041562038355,-0.031119901789690287,0.38878997812696997,0.14754320916346836,0.46642418864751245,0.4671826095068318,0.5658782017873055,0.3150194871543626,Virus,Binding,ACE2 binding,1273,1.06,36931,0.998,1273,3802,0,False,331-531,SPIKE_SARS2,manual,Medium,Severe acute respiratory syndrome coronavirus 2 (2019-nCoV) (SARS-CoV-2)
SPIKE_SARS2_Starr_2020_expression,3798,0.5732467903971643,0.6103019513448633,0.15385160603499265,0.17132548024881178,0.32517708628380443,0.2266026632096837,0.38440540749717855,0.47867528206300847,0.5263329374763285,0.009317925023092552,0.4071497537895608,0.22825969273755278,0.5239006091127139,0.5970161520256896,0.6931230647604211,0.33242329564870915,Virus,Expression,ACE2 binding,1273,1.06,36931,0.998,1273,3798,0,False,331-531,SPIKE_SARS2,manual,Medium,Severe acute respiratory syndrome coronavirus 2 (2019-nCoV) (SARS-CoV-2)
SPTN1_CHICK_Tsuboyama_2023_1TUD,3201,0.7072233335848894,0.76999452668717,0.10403434845556918,0.09637964284830709,0.20041399130387627,0.1416651655135342,0.675064662805469,0.6696138699854496,0.6496657071720235,0.6695563319837904,0.5966718460277407,0.6192772036649573,0.6092986532221276,0.7406939074029427,0.7438942636788659,0.5972924950591371,Eukaryote,Stability,Stability,60,285.61,420793,0.933,60,1051,2150,True,1-60,SPTN1_CHICK,median,High,Gallus gallus
SQSTM_MOUSE_Tsuboyama_2023_2RRU,707,0.7077152100971931,0.6816582340041274,0.11524446518661405,0.1132392624690882,0.2284837276557022,0.16159597906999804,0.5981446167094815,0.6646663232184682,0.6375930265439461,0.6062997571739402,0.5285900520659098,0.5688532120325523,0.677199930304264,0.7140940619663978,0.7422111448647382,0.6255524569779051,Eukaryote,Stability,Stability,40,84.27,34660,0.925,40,707,0,False,1-40,SQSTM_MOUSE,median,Medium,Mus musculus
SR43C_ARATH_Tsuboyama_2023_2N88,1583,0.717724540939037,0.6930342571893563,0.08151458340184553,0.08551734978309064,0.16703193318493617,0.1194793126383782,0.6882059479122764,0.6869737855707594,0.667033627609441,0.6902749390432467,0.5504969627505568,0.6131304698568008,0.7551654446539627,0.7449549105823684,0.7344663625250795,0.6608884745879406,Eukaryote,Stability,Stability,48,253.55,101118,0.917,48,889,694,True,1-48,SR43C_ARATH,median,High,Arabidopsis thaliana
SRBS1_HUMAN_Tsuboyama_2023_2O2W,1556,0.7786801415213698,0.796273733457873,0.10035309161665922,0.10073350967015877,0.201086601286818,0.14276800730764555,0.6965641623364002,0.7319762435555515,0.7510823179084284,0.7462142078331133,0.6710636358237769,0.6445655242178814,0.7095819455740933,0.8016980902032574,0.7913649608761355,0.6221919445764792,Human,Stability,Stability,67,363.68,708655,0.836,67,1211,345,True,1-67,SRBS1_HUMAN,median,High,Homo sapiens
SRC_HUMAN_Ahler_2019,3372,0.5647817644954698,0.6284802643118759,0.10856335630359007,0.11123031517321803,0.21979367147680812,0.15452072204795783,0.5051602035192253,0.5734365454456958,0.5620536895546882,0.5865369969967019,0.43610916986299053,0.3602789198597273,0.34302663757855456,0.6008854077236052,0.5888194334181355,0.5144918864048799,Human,Activity,growth (surrogate for phosphorylation activity),536,2.75,26974,0.808,536,3372,0,False,270-519,SRC_HUMAN,manual,Medium,Homo sapiens
SRC_HUMAN_Chakraborty_2023_binding-DAS_25uM,3637,0.4782823646268126,0.5417709523117125,0.10807677108033711,0.11124220546695353,0.21931897654729063,0.15444268008680004,0.44223772779123033,0.4890062021515775,0.4744205214752098,0.501828719397687,0.35513746477145786,0.30421608358220137,0.26413445658234413,0.513108276192667,0.5009716755715349,0.44568274803360386,Human,Activity,Fluorescence measurement,536,3.38,37675,0.869,536,3637,0,False,270-519,SRC_HUMAN,median,Medium,Homo sapiens
SRC_HUMAN_Nguyen_2022,3366,0.47387026758150036,0.5308641772062802,0.10893650756924644,0.11128217209344747,0.2202186796626939,0.15480329386930017,0.4363224699631833,0.48486343289290423,0.45813177804185556,0.5021498818496481,0.3614109796111777,0.3028222244629677,0.2542596508866504,0.5076710911364983,0.49054238147909895,0.4477625890103405,Human,OrganismalFitness,growth enrichment,536,3.38,37675,0.869,536,3366,0,False,270-519,SRC_HUMAN,median,Medium,Homo sapiens
SUMO1_HUMAN_Weile_2017,1700,0.5680093205911215,0.5266818553550079,0.1267116288497599,0.11558221663558689,0.24229384548534677,0.16788897292608213,0.45689099265053723,0.5340414962422338,0.4793578423402323,0.5012553387008029,0.4490614824544105,0.44489496179915655,0.5179140004568337,0.5613549040140792,0.6038509606966586,0.5150838984241419,Human,OrganismalFitness,Yeast growth,101,140.9,85570,0.703,101,1700,0,False,2-97,SUMO1_HUMAN,manual,High,Homo sapiens
SYUA_HUMAN_Newberry_2020,2497,0.1986792176242445,0.5007697202400102,0.13470025574261807,0.11656639917663422,0.25126665491925226,0.17687736450283553,0.13202978444341326,0.23263701815189097,0.17324775902573916,0.19325647342835647,0.15553881112424725,0.1560370958533428,-0.02801716084945654,0.24393450364075592,0.2764502945884566,0.21738984260456667,Human,OrganismalFitness,Growth,140,47.17,15711,0.707,140,2497,0,False,1-140,SYUA_HUMAN,manual,Medium,Homo sapiens
TADBP_HUMAN_Bolognesi_2019,1196,0.09127205132887976,0.603555852309718,0.1331471847958811,0.12891140480284063,0.2620585895987218,0.18526480910449863,0.08190410461903289,0.04329783084022062,0.09879684812538282,0.004349085988121623,-0.0003450995783591999,-0.0027848417609083404,0.14373765694808613,0.2587558264660999,0.28625485297792874,-0.04107808433339054,Human,OrganismalFitness,growth (surrogate for toxicity),414,0.33,1211,0.911,414,1196,0,False,290-373,TADBP_HUMAN,median,Low,Homo sapiens
TAT_HV1BR_Fernandes_2016,1577,0.3789959685201799,0.42354391596489294,0.13508213445849268,0.13897674364231621,0.2740588781008089,0.19257472617359764,0.27057483351219574,0.4139704969101022,0.3064560907780467,0.13113064179114356,0.3715973721156085,0.26673521350673873,0.32345807022034173,0.28234256443675443,0.43165060501531577,0.34359934819084503,Virus,OrganismalFitness,Viral replication,86,115.56,12155,0.988,86,1577,0,False,1-86,TAT_HV1BR,manual,High,Human immunodeficiency virus type 1 group M subtype B (isolate BRU/LAI) (HIV-1)
TCRG1_MOUSE_Tsuboyama_2023_1E0L,1058,0.7510307539471694,0.719634658469093,0.08546101904769463,0.0901905913171462,0.1756516103648408,0.12487508064319769,0.6572348812980137,0.681239147271219,0.7378545842731218,0.7647239444669188,0.6375444915992933,0.7017173358686165,0.7798700661247007,0.7623565616941839,0.7766639907751964,0.5942244635252701,Eukaryote,Stability,Stability,37,79.56,43363,0.865,37,621,437,True,1-37,TCRG1_MOUSE,manual,Medium,Mus musculus
THO1_YEAST_Tsuboyama_2023_2WQG,1279,0.5578515212116467,0.549637196386555,0.09183170014185056,0.1046520348651866,0.19648373500703717,0.14175224147431315,0.4638141430314642,0.552223980283026,0.5384353402084019,0.5416784080350338,0.4667116178448009,0.5088851997305528,0.597719033451973,0.5533256071600211,0.5578298439020851,0.43774184444373404,Eukaryote,Stability,Stability,41,206.87,54877,0.805,41,656,623,True,1-41,THO1_YEAST,manual,High,Saccharomyces cerevisiae
TNKS2_HUMAN_Tsuboyama_2023_5JRT,1479,0.5879035009708993,0.589989576486048,0.09644680965108629,0.09975751792000431,0.1962043275710906,0.140496314389247,0.5257442668472777,0.5525206567118905,0.5554053328359628,0.5521695706634705,0.43086867887156993,0.40468648454594514,0.7007156744178282,0.5945833568556731,0.6010286023601029,0.543525483530927,Human,Stability,Stability,59,195.89,270654,0.949,59,1118,361,True,1-59,TNKS2_HUMAN,median,High,Homo sapiens
TPK1_HUMAN_Weile_2017,3181,0.31034264827630237,0.2632115125736089,0.11174213990826257,0.11102199660605276,0.22276413651431531,0.1572473730378692,0.23568458747069834,0.2694196677636922,0.2861259797908946,0.33373492949906064,0.24898345473615766,0.3028178150501188,0.25148812143925914,0.3143836794220267,0.27972120308784354,0.2979668839160281,Human,OrganismalFitness,Yeast growth,243,29.93,21515,0.823,243,3181,0,False,2-243,TPK1_HUMAN,manual,Medium,Homo sapiens
TPMT_HUMAN_Matreyek_2018,3648,0.5970660438516319,0.5817521825288011,0.1097527537454441,0.10214846780048288,0.211901221545927,0.15047937553330626,0.5142678250304072,0.5798226697728454,0.5476136203547203,0.5632178368839997,0.5102050634949592,0.50689942815462,0.5313007874711926,0.6087084016537992,0.6058527749843152,0.5479013258954782,Human,Expression,Protein abundance (FACS sorting for abundance of GFP-fused target),245,26.71,19526,0.731,245,3648,0,False,1-245,TPMT_HUMAN,manual,Medium,Homo sapiens
TPOR_HUMAN_Bridgford_2020,562,0.45985232165600987,0.5140998191553863,0.13054876432325552,0.12409505208306644,0.2546438164063219,0.17869679746477468,0.32460619030404797,0.4679589467758992,0.4779417463853954,0.32418819222311823,0.33360963221073836,0.3400011191900434,0.3007023935970216,0.45163533585491766,0.4377871458867366,0.481267865701254,Human,OrganismalFitness,growth/survival (surrogate for TpoR/MPL enhanced constitutive activation),635,0.19,937,0.825,635,562,0,False,487-517,TPOR_HUMAN,manual,Low,Homo sapiens
TRPC_SACS2_Chan_2017,1519,0.6595697406578673,0.6196634972412259,0.10882135738272629,0.10738409689127802,0.2162054542740043,0.15498580085209335,0.5967803169704511,0.5799418314959538,0.6488987992602422,0.6733269871634492,0.5642709026641902,0.6238150569658132,0.46183141787482457,0.6662027368349028,0.6451140553517434,0.6128577876097693,Prokaryote,OrganismalFitness,fitness,248,41.98,52935,0.944,248,1519,0,False,44-235,TRPC_SACS2,manual,Medium,Thermus thermophilus
TRPC_THEMA_Chan_2017,1519,0.4853142346626708,0.46264228081110587,0.10260539125167951,0.10064411318173924,0.2032495044334188,0.14543091922990048,0.43028264740413374,0.4187477353606492,0.47659733052969616,0.5099112049075841,0.4181559983214467,0.43341320795906285,0.35038036912253123,0.5197500621235487,0.4538747085676812,0.48602608062403363,Prokaryote,OrganismalFitness,fitness,252,41.51,52988,0.948,252,1519,0,False,40-233,TRPC_THEMA,manual,Medium,Thermus thermophilus
UBC9_HUMAN_Weile_2017,2563,0.55225381236958,0.4109728850356253,0.117119471361015,0.11489226914384656,0.23201174050486156,0.16249110465813893,0.5374252010797492,0.5026511378633763,0.5535896537337051,0.5392154831852363,0.47815161947304063,0.40615579407442187,0.41151243724635117,0.47395631275624184,0.4925343610132034,0.5327391434081618,Human,OrganismalFitness,Yeast growth,159,55.33,69788,0.849,159,2563,0,False,1-158,UBC9_HUMAN,median,Medium,Homo sapiens
UBE4B_HUMAN_Tsuboyama_2023_3L1X,3622,0.47649459900958774,0.5145269117924764,0.08997700248979366,0.08885597910281146,0.1788329815926051,0.12966793047814956,0.46474659883374925,0.512457773187477,0.43112914910233213,0.4872800193409218,0.37157219784717815,0.32489991662541684,0.5015626053286353,0.4972112916665801,0.5063237370186162,0.4089973792526789,Human,Stability,Stability,69,506.27,310943,0.928,69,1118,2504,True,1-69,UBE4B_HUMAN,manual,High,Homo sapiens
UBE4B_MOUSE_Starita_2013,899,0.4818921655853992,0.4541259646638137,0.12473375409292235,0.12453810209604807,0.24927185618897046,0.1785769174793442,0.46350947638359596,0.4545416314823991,0.4710936593107477,0.49146748703931514,0.36847330034961445,0.3682151660696697,0.24935697261676174,0.47895001103616114,0.4748448176472528,0.35348418132801146,Eukaryote,Activity,Ligase activity (phage display),1173,0.64,4743,0.765,1173,899,0,False,1072-1173,UBE4B_MOUSE,manual,Low,Mus musculus
UBR5_HUMAN_Tsuboyama_2023_1I2T,1453,0.6474340559661383,0.7056108183016964,0.11846362872402146,0.11806577601142734,0.23652940473544876,0.16470557109559505,0.5674866371392809,0.5715583572950667,0.5835531588929468,0.5012919129074928,0.4897732558122733,0.5357077624922469,0.6451128496670648,0.7012391483754475,0.6754069468015406,0.4879742099465172,Human,Stability,Stability,58,17.55,17888,0.966,58,1094,359,True,1-58,UBR5_HUMAN,median,Medium,Homo sapiens
VG08_BPP22_Tsuboyama_2023_2GP8,723,0.5841793234033231,0.6139248986850409,0.12272934417409985,0.13311934259172525,0.2558486867658251,0.17991424207103154,0.28569769543204426,0.5250426364409048,0.4019760407116571,0.6126643424668454,0.5224641151937295,0.5155197526414355,0.5696033453634459,0.6595567950310126,0.5928525863143119,0.3213692529235962,Virus,Stability,Stability,40,1177.87,102464,0.875,40,723,0,False,1-40,VG08_BPP22,median,High,Salmonella phage P22 (Bacteriophage P22)
VILI_CHICK_Tsuboyama_2023_1YU5,2568,0.7006980654388358,0.7990133241672515,0.10453557709157044,0.09446034958242781,0.19899592667399824,0.14038458805762485,0.5925879115153794,0.6609952464160309,0.6389112036337724,0.674519615438381,0.5285533209136963,0.6827716716897824,0.7362924923972451,0.7504355506838328,0.7511826894128237,0.5954986207423819,Eukaryote,Stability,Stability,65,761.62,254210,0.769,65,1202,1366,True,1-65,VILI_CHICK,manual,High,Gallus gallus
VKOR1_HUMAN_Chiasson_2020_abundance,2695,0.5496196498245373,0.5925302710191034,0.1210467106871418,0.10864264115761775,0.22968935184475958,0.16324529042106747,0.4423249531431259,0.4766920874624266,0.5257238157942905,0.49374015160396884,0.49603578573116053,0.42877284425325074,0.4887812630836059,0.6076590480701213,0.5563744399090973,0.4865809037793772,Human,Expression,protein abundance (eGFP fusion reporter),163,29.05,14510,0.779,163,2695,0,False,2-163,VKOR1_HUMAN,median,Medium,Homo sapiens
VKOR1_HUMAN_Chiasson_2020_activity,697,0.4538007908056336,0.3158730421995481,0.1165035703419314,0.10421749230114359,0.220721062643075,0.15743481356002909,0.41844299702027954,0.44642150050463786,0.4495060713410007,0.44988788571707616,0.3866563199319493,0.3787931740060417,0.31953082839732594,0.4186929602347795,0.4187394874426246,0.4406148963768818,Human,Activity,carboxylation activity (carboxylation reporter on cell surface),163,29.05,14510,0.779,163,697,0,False,3-163,VKOR1_HUMAN,manual,Medium,Homo sapiens
VRPI_BPT7_Tsuboyama_2023_2WNM,1047,0.5448865446250807,0.5978014044309329,0.13430330341935992,0.1525855738336732,0.2868888772530331,0.20113254717810683,0.12551722505803772,0.36683517461476295,0.33313761645883916,0.568731049477577,0.25065792994482206,0.4623025666992844,0.6151613871972149,0.6828660586324317,0.573159254137408,0.35252722360330496,Virus,Stability,Stability,56,81.19,6266,0.875,56,1047,0,False,1-56,VRPI_BPT7,manual,Medium,Escherichia phage T7 (Bacteriophage T7)
YAIA_ECOLI_Tsuboyama_2023_2KVT,1890,0.7013775236396069,0.7529321502434231,0.13754916141514964,0.15013795067527722,0.28768711209042686,0.20238924057819155,0.6062713991850974,0.6789934479738254,0.611694019880369,0.60940379163166,0.10833188972264607,0.17730590874329166,0.6060696442842559,0.7731541481171665,0.7618831664650701,0.6081908219152675,Prokaryote,Stability,Stability,52,16.25,5877,0.788,52,928,962,True,1-52,YAIA_ECOLI,median,Medium,Escherichia coli
YAP1_HUMAN_Araya_2012,10075,0.4170224151505342,0.5456008637181129,0.11747703601139242,0.11227937114445657,0.229756407155849,0.16026122944645485,0.4246637476972474,0.40874148036222874,0.3269018873411071,0.38475953313347566,0.21190072945946675,0.23881205309422743,0.3892887489240018,0.49164572619861857,0.5485182470471399,0.3141778353733352,Human,Binding,peptide binding,504,0.26,1604,0.859,504,362,9713,True,170-203,YAP1_HUMAN,median,Low,Homo sapiens
YNZC_BACSU_Tsuboyama_2023_2JVD,2300,0.6612569501721807,0.6927766441510874,0.09402334083674382,0.09812567547148736,0.19214901630823117,0.1395222120891911,0.6155861841957428,0.6073809558224644,0.6158587969821729,0.6490103513463829,0.6129682300684658,0.503390367993465,0.6853342377261158,0.6962932403609428,0.6761257681403285,0.5326273629602771,Prokaryote,Stability,Stability,39,40.99,7116,0.974,39,714,1586,True,1-39,YNZC_BACSU,manual,Medium,Bacillus subtilis
